-- phpMyAdmin SQL Dump
-- version 4.0.9
-- http://www.phpmyadmin.net
--
-- Host: 127.0.0.1
-- Generation Time: Nov 08, 2014 at 11:24 AM
-- Server version: 5.5.34
-- PHP Version: 5.4.22

SET SQL_MODE = "NO_AUTO_VALUE_ON_ZERO";
SET time_zone = "+00:00";


/*!40101 SET @OLD_CHARACTER_SET_CLIENT=@@CHARACTER_SET_CLIENT */;
/*!40101 SET @OLD_CHARACTER_SET_RESULTS=@@CHARACTER_SET_RESULTS */;
/*!40101 SET @OLD_COLLATION_CONNECTION=@@COLLATION_CONNECTION */;
/*!40101 SET NAMES utf8 */;

--
-- Database: `bluebee`
--

-- --------------------------------------------------------

--
-- Table structure for table `notifications`
--

CREATE TABLE IF NOT EXISTS `notifications` (
  `id` int(11) NOT NULL AUTO_INCREMENT,
  `user_id` int(11) DEFAULT NULL,
  `action` varchar(45) DEFAULT NULL,
  `object_type` varchar(45) DEFAULT NULL,
  `object_id` int(11) DEFAULT NULL,
  `possessive` int(11) DEFAULT NULL,
  `from_user_id` int(11) DEFAULT NULL,
  `clicked` int(11) DEFAULT NULL,
  `relevant_id` int(11) DEFAULT NULL,
  `relevant_object` int(11) DEFAULT NULL,
  `app` varchar(45) DEFAULT NULL,
  `is_active` int(11) DEFAULT NULL,
  PRIMARY KEY (`id`)
) ENGINE=InnoDB  DEFAULT CHARSET=utf8 AUTO_INCREMENT=2 ;

--
-- Dumping data for table `notifications`
--

INSERT INTO `notifications` (`id`, `user_id`, `action`, `object_type`, `object_id`, `possessive`, `from_user_id`, `clicked`, `relevant_id`, `relevant_object`, `app`, `is_active`) VALUES
(1, NULL, NULL, NULL, NULL, NULL, NULL, NULL, NULL, NULL, NULL, NULL);

-- --------------------------------------------------------

--
-- Table structure for table `tbl_admin`
--

CREATE TABLE IF NOT EXISTS `tbl_admin` (
  `admin_id` int(5) NOT NULL AUTO_INCREMENT,
  `admin_name` varchar(100) NOT NULL,
  `admin_password` varchar(100) NOT NULL,
  PRIMARY KEY (`admin_id`)
) ENGINE=MyISAM  DEFAULT CHARSET=latin1 AUTO_INCREMENT=2 ;

--
-- Dumping data for table `tbl_admin`
--

INSERT INTO `tbl_admin` (`admin_id`, `admin_name`, `admin_password`) VALUES
(1, 'assmin', '8b60f4164a1f9d585e7ebb79a8f9364e');

-- --------------------------------------------------------

--
-- Table structure for table `tbl_comment`
--

CREATE TABLE IF NOT EXISTS `tbl_comment` (
  `comment_id` int(11) NOT NULL AUTO_INCREMENT,
  `comment_post_id` int(11) DEFAULT NULL,
  `comment_group_id` int(11) DEFAULT NULL,
  `comment_class_id` int(11) DEFAULT NULL,
  `comment_author_id` int(11) DEFAULT NULL,
  `comment_content` varchar(300) DEFAULT NULL,
  `comment_time` timestamp NULL DEFAULT NULL,
  `comment_active` int(11) DEFAULT NULL,
  `comment_rate` int(11) DEFAULT NULL,
  PRIMARY KEY (`comment_id`)
) ENGINE=InnoDB DEFAULT CHARSET=utf8 AUTO_INCREMENT=1 ;

-- --------------------------------------------------------

--
-- Table structure for table `tbl_dept`
--

CREATE TABLE IF NOT EXISTS `tbl_dept` (
  `dept_id` int(100) NOT NULL AUTO_INCREMENT,
  `dept_name` varchar(100) CHARACTER SET utf8 DEFAULT NULL,
  `dept_active` int(2) DEFAULT NULL,
  `dept_faculty` int(2) DEFAULT NULL,
  `dept_target` text CHARACTER SET utf8,
  `dept_knowleadge` text CHARACTER SET utf8,
  `dept_behavior` text CHARACTER SET utf8,
  `dept_out_standard` text CHARACTER SET utf8,
  `dept_contact` text CHARACTER SET utf8,
  `dept_in_standart` text CHARACTER SET utf8,
  `dept_language` text CHARACTER SET utf8,
  `dept_credits` int(5) DEFAULT NULL,
  `dept_code` varchar(255) DEFAULT NULL,
  `dept_link_download` varchar(500) DEFAULT NULL,
  `dept_skill` text CHARACTER SET utf8,
  PRIMARY KEY (`dept_id`)
) ENGINE=InnoDB  DEFAULT CHARSET=latin1 AUTO_INCREMENT=5 ;

--
-- Dumping data for table `tbl_dept`
--

INSERT INTO `tbl_dept` (`dept_id`, `dept_name`, `dept_active`, `dept_faculty`, `dept_target`, `dept_knowleadge`, `dept_behavior`, `dept_out_standard`, `dept_contact`, `dept_in_standart`, `dept_language`, `dept_credits`, `dept_code`, `dept_link_download`, `dept_skill`) VALUES
(1, 'Khoa học máy tính', 1, 1, 'Chương trình đào tạo Khoa học máy tính của khoa Công nghệ thông tin, Trường Đại học Công nghệ, Đại học Quốc gia Hà Nội nhằm tạo ra nguồn nhân lực chất lượng cao trong lĩnh vực Khoa học máy tính, có khả năng nghiên cứu và làm việc trong các tập đoàn lớn về Công nghệ thông tin ở Việt Nam cũng như các nước trong khu vực.', 'Sinh viên tốt nghiệp được trang bị kiến thức có hệ thống và hiện đại, phù hợp với các chương trình đào tạo tiên tiến trên thế giới.  <br/>\r\n                                                •	Kiến thức tổng hợp về toán, khoa học tự nhiên, khoa học xã hội và nhân văn, ngoại ngữ. <br/>\r\n                                                •	Kiến thức nền tảng trong KHMT như cơ sở toán trong KHMT, lập trình, cấu trúc dữ liệu và giải thuật, lý thuyết thông tin, chương trình dịch, trí tuệ nhân tạo. Đối với kiến thức sâu về ngành, tập trung đào chuyên sâu theo định hướng “Các hệ thống thông minh” và “Tương tác người máy” như xử lý ngôn ngữ tự nhiên, học máy, nhận dạng mẫu, tin sinh, xử lý tiếng nói, xử lý ảnh, tương tác người máy tính, lập trình trò chơi.<br/>\r\n                                                •	Kiến thức tổng quan khác trong CNTT như công nghệ phần mềm, cơ sở dữ liệu, mạng máy tính, kiến trúc máy tính thông qua tỉ lệ môn học lựa chọn cao cùng với số lượng các môn học lựa chọn phong phú.<br/>\r\n                                                •	Sinh viên được chú trọng đào tạo về kỹ năng lập trình với các ngôn ngữ, môi trường lập trình tiên tiến, tỉ trọng thực hành cao và nhiều bài tập ứng dụng thực tế. <br/>\r\n                                                •	Sinh viên được đào tạo tăng cường tiếng Anh để có khả năng tự cập nhật kiến thức và làm việc trong môi trường CNTT trên thế giới. <br/>\r\n                                            </p>', '   •	Phẩm chất chính trị tốt <br/>\r\n                                                •	Ý thức tổ chức kỷ luật, có tác phong làm việc khoa học, nghiêm túc, có đạo đức nghề nghiệp về bảo vệ thông tin, bản quyền.<br/>\r\n                                                •	Tinh thần làm việc theo nhóm, rèn luyện thường xuyên tính kỷ luật và khả năng giao tiếp.<br/>', '<ul>\r\n	<li>\r\n	<p>C&aacute;c vị tr&iacute; c&ocirc;ng t&aacute;c c&oacute; thể đảm nhận:</p>\r\n	</li>\r\n	<li>- Giảng vi&ecirc;n về nh&oacute;m ng&agrave;nh M&aacute;y t&iacute;nh v&agrave; C&ocirc;ng nghệ Th&ocirc;ng tin</li>\r\n	<li>- Chuy&ecirc;n gia nghi&ecirc;n cứu v&agrave; ph&aacute;t triển về C&ocirc;ng nghệ Th&ocirc;ng tin</li>\r\n	<li>- Trưởng nh&oacute;m ph&aacute;t triển phần mềm</li>\r\n	<li>- Chuy&ecirc;n vi&ecirc;n ph&aacute;t triển ứng dụng web/tr&ograve; chơi/di động/c&aacute;c hệ thống nh&uacute;ng</li>\r\n	<li>- Trưởng nh&oacute;m ph&aacute;t triển</li>\r\n	<li>- Quản l&yacute; dự &aacute;n</li>\r\n	<li>- Lập tr&igrave;nh vi&ecirc;n</li>\r\n</ul>\r\n\r\n<p>B&ecirc;n cạnh đ&oacute;, với thế mạnh về ngoại ngữ v&agrave; chuy&ecirc;n m&ocirc;n, sinh vi&ecirc;n tốt nghiệp cũng c&oacute; thể học l&ecirc;n c&aacute;c bậc cao hơn như thạc sỹ, tiến sĩ, sau khi ra trường.</p>', '  Nếu bạn có thắc mắc về ngành Khoa học máy tính , hãy liên hệ :<br/>\r\n\r\n                            <strong>Đại học Công Nghệ - Đại học Quốc Gia Hà Nội</strong><br/>\r\n                            Khoa học máy tính <br/>\r\n                            Số 2, Xuân Thủy, Cầu Giấy, Hà Nội<br/>\r\n                            Điện thoại :<br/>\r\n                            Fax : <br/>\r\n                            Email : <a>kienduynguyen94@gmail.com</a><br/>\r\n                            Web : <a>uet.vnu.edu.vn</a><br/>', 'Làm bài kiểm tra đầu vào bằng tiếng anh', 'Tiếng Anh', 140, '52480101', NULL, '<p>\r\n                                                •	Tư duy logic tốt, có năng lực sáng tạo để giải quyết các bài toán ứng dụng cụ thể. có năng lực tự học để nắm bắt các công nghệ, công cụ, kỹ năng mới trong phát triển phần mềm. <br/>\r\n                                                •	Năng lực làm việc với vị trí lập trình viên trình độ cao cho các công ty phát triển phần mềm và hệ thống của các công ty trong và ngoài nước. Đặc biệt thích hợp cho các vị trí trong các lĩnh vực đòi hỏi công nghệ hiện đại và sáng tạo như phát triển các hệ thống thông minh, tương tác người máy. <br/>\r\n                                                •	Khả năng làm việc ở nhiều vị trí khác nhau trong các cơ quan tổ chức phát triển và ứng dụng CNTT hàng đầu trong nước.   <br/>\r\n                                                •	Sinh viên được trang bị kiến thức nền tảng và một số chuyên đề chuyên sâu trong KHMT, vì vậy có nhiều thuận lợi trong việc học lên thạc sĩ và tiến sĩ ngành KHMT và trở thành nhà nghiên cứu, giảng viên các trường đại học. <br/>\r\n                                            </p>'),
(2, 'Công nghệ thông tin', 1, 1, NULL, 'Sinh viên tốt nghiệp ngành Công nghệ thông tin được trang bị các kiến thức cơ bản và chuyên sâu về Công nghệ thông tin, cũng như được định hướng một số vấn đề hiện đại tiệm cận với kiến thức chung về Công nghệ thông tin của thế giới. ', '<ul>\r\n	<li>\r\n	<p>- Sinh vi&ecirc;n tốt nghiệp ng&agrave;nh C&ocirc;ng nghệ Th&ocirc;ng tin chất lượng cao c&oacute; phẩm chất ch&iacute;nh trị tốt, c&oacute; &yacute; thức tổ chức kỷ luật, c&oacute; t&aacute;c phong l&agrave;m việc khoa học, nghi&ecirc;m t&uacute;c, c&oacute; đạo đức nghề nghiệp về bảo vệ th&ocirc;ng tin, bản quyền, c&oacute; tinh thần l&agrave;m việc theo nh&oacute;m, r&egrave;n luyện thường xuy&ecirc;n t&iacute;nh kỷ luật v&agrave; khả năng giao tiếp. Lu&ocirc;n c&oacute; &yacute; thức học hỏi vươn l&ecirc;n, kh&ocirc;ng ngừng trau dồi năng lực để ho&agrave; nhập với tr&igrave;nh độ chung về c&ocirc;ng nghệ th&ocirc;ng tin của khu vực v&agrave; thế giới.</p>\r\n\r\n	<p><em>Ngo&agrave;i c&aacute;c mục ti&ecirc;u chung, sinh vi&ecirc;n được đ&agrave;o tạo với c&aacute;c mục ti&ecirc;u bổ sung cho mỗi định hướng:</em></p>\r\n\r\n	<p><em>a. Định hướng C&ocirc;ng nghệ phần mềm</em></p>\r\n\r\n	<p>- Nắm vững kiến thức cơ bản v&agrave; chuy&ecirc;n s&acirc;u về C&ocirc;ng nghệ phần mềm: quy tr&igrave;nh x&acirc;y dựng, quản l&yacute; v&agrave; bảo tr&igrave; hệ thống phần mềm; ph&acirc;n t&iacute;ch, thiết kế v&agrave; quản l&yacute; c&aacute;c dự &aacute;n phần mềm. Tổ chức thực hiện v&agrave; quản l&yacute; được c&aacute;c c&ocirc;ng việc trong lĩnh vực c&ocirc;ng nghệ phần mềm, c&oacute; khả năng x&acirc;y dựng m&ocirc; h&igrave;nh v&agrave; &aacute;p dụng c&aacute;c nguy&ecirc;n tắc của c&ocirc;ng nghệ phần mềm v&agrave;o thực tế. C&oacute; khả năng nghi&ecirc;n cứu, đề xuất c&aacute;c hướng ph&aacute;t triển cho c&ocirc;ng nghệ phần mềm.</p>\r\n\r\n	<p><em>b. Định hướng Hệ thống th&ocirc;ng tin</em></p>\r\n\r\n	<p>- Nắm vững kiến thức cơ bản v&agrave; chuy&ecirc;n s&acirc;u về Hệ thống th&ocirc;ng tin, đ&aacute;p ứng c&aacute;c y&ecirc;u cầu về nghi&ecirc;n cứu ph&aacute;t triển v&agrave; ứng dụng c&ocirc;ng nghệ th&ocirc;ng tin của x&atilde; hội. Tham mưu, tư vấn v&agrave; x&acirc;y dựng được c&aacute;c hệ thống th&ocirc;ng tin cấp cao cho việc quản l&yacute; kinh tế, h&agrave;nh ch&iacute;nh v&agrave; dịch vụ.</p>\r\n\r\n	<p><em>c. Định hướng Mạng v&agrave; truyền th&ocirc;ng m&aacute;y t&iacute;nh</em></p>\r\n\r\n	<p>- Nắm vững kiến thức cơ bản v&agrave; chuy&ecirc;n s&acirc;u về Mạng v&agrave; truyền th&ocirc;ng m&aacute;y t&iacute;nh, đ&aacute;p ứng y&ecirc;u cầu về nghi&ecirc;n cứu, ứng dụng trong lĩnh vực mạng v&agrave; truyền th&ocirc;ng m&aacute;y t&iacute;nh. C&oacute; khả năng thiết kế, chế tạo, bảo tr&igrave;, sản xuất, thử nghiệm, quản l&yacute; c&aacute;c hệ thống mạng v&agrave; truyền th&ocirc;ng m&aacute;y t&iacute;nh. C&oacute; khả năng tiếp tục nghi&ecirc;n cứu v&agrave; ph&aacute;t triển c&ocirc;ng nghệ trong lĩnh vực mạng v&agrave; truyền th&ocirc;ng m&aacute;y t&iacute;nh.</p>\r\n\r\n	<p><em>d. Định hướng Khoa học dịch vụ</em></p>\r\n\r\n	<p>- Nắm vững kiến thức cơ bản v&agrave; chuy&ecirc;n s&acirc;u về Dịch vụ C&ocirc;ng nghệ th&ocirc;ng tin, đ&aacute;p ứng c&aacute;c vấn đề về ph&acirc;n t&iacute;ch, x&acirc;y dựng giải ph&aacute;p nền tảng cho c&aacute;c dịch vụ C&ocirc;ng nghệ th&ocirc;ng tin v&agrave; dịch vụ dựa tr&ecirc;n C&ocirc;ng nghệ th&ocirc;ng tin trong thực tế. Tổ chức thực hiện v&agrave; quản l&yacute; được c&aacute;c c&ocirc;ng việc trong lĩnh vực Dịch vụ C&ocirc;ng nghệ th&ocirc;ng tin, c&oacute; khả năng x&acirc;y dựng m&ocirc; h&igrave;nh v&agrave; &aacute;p dụng c&aacute;c nguy&ecirc;n tắc của Dịch vụ C&ocirc;ng nghệ th&ocirc;ng tin v&agrave;o thực tế. C&oacute; khả năng tiếp tục nghi&ecirc;n cứu v&agrave; ph&aacute;t triển c&aacute;c m&ocirc; h&igrave;nh li&ecirc;n quan đến dịch vụ C&ocirc;ng nghệ th&ocirc;ng tin.</p>\r\n	</li>\r\n</ul>\r\n', '<ul>\r\n	<li>\r\n	<p>Sinh vi&ecirc;n tốt nghiệp ng&agrave;nh C&ocirc;ng nghệ th&ocirc;ng tin c&oacute; khả năng tham mưu tư vấn v&agrave; c&oacute; khả năng thực hiện nhiệm vụ với tư c&aacute;ch như một chuy&ecirc;n vi&ecirc;n trong lĩnh vực C&ocirc;ng nghệ th&ocirc;ng tin, đ&aacute;p ứng c&aacute;c y&ecirc;u cầu về nghi&ecirc;n cứu v&agrave; ứng dụng C&ocirc;ng nghệ th&ocirc;ng tin của x&atilde; hội. Ngo&agrave;i ra, sinh vi&ecirc;n tốt nghiệp ra trường c&oacute; thể tiếp tục học tập, nghi&ecirc;n cứu v&agrave; ph&aacute;t triển ng&agrave;nh C&ocirc;ng nghệ th&ocirc;ng tin trong tương lai.</p>\r\n\r\n	<p>C&aacute;c vị tr&iacute; c&ocirc;ng t&aacute;c c&oacute; thể đảm nhận:</p>\r\n	</li>\r\n	<li>- Lập tr&igrave;nh vi&ecirc;n</li>\r\n	<li>- Trưởng nh&oacute;m ph&aacute;t triển phần mềm</li>\r\n	<li>- Quản l&yacute; dự &aacute;n phần mềm</li>\r\n	<li>- Chuy&ecirc;n gia nghi&ecirc;n cứu v&agrave; ph&aacute;t triển về M&aacute;y t&iacute;nh v&agrave; C&ocirc;ng nghệ th&ocirc;ng tin</li>\r\n	<li>- Quản trị mạng</li>\r\n	<li>- Chuy&ecirc;n vi&ecirc;n thiết kế v&agrave; xử l&yacute; nội dung số</li>\r\n	<li>- Chuy&ecirc;n vi&ecirc;n tư vấn dịch vụ c&ocirc;ng nghệ th&ocirc;ng tin</li>\r\n	<li>- Chuy&ecirc;n vi&ecirc;n kiểm thử phần mềm</li>\r\n	<li>- Chuy&ecirc;n gia về an ninh hệ thống</li>\r\n	<li>- Giảng vi&ecirc;n, nghi&ecirc;n cứu vi&ecirc;n về nh&oacute;m ng&agrave;nh M&aacute;y t&iacute;nh v&agrave; C&ocirc;ng nghệ th&ocirc;ng tin</li>\r\n</ul>\r\n\r\n<p>B&ecirc;n cạnh đ&oacute; sinh vi&ecirc;n đ&atilde; tốt nghiệp cũng c&oacute; thể học l&ecirc;n c&aacute;c bậc cao hơn như thạc sỹ, tiến sĩ, sau khi ra trường.</p>\r\n\r\n<p>&nbsp;</p>', '<ul>\r\n	<li>\r\n	<p>Nếu bạn c&oacute; thắc mắc về ng&agrave;nh C&ocirc;ng nghệ th&ocirc;ng tin&nbsp;, h&atilde;y li&ecirc;n hệ :<br />\r\n	<strong>Trường&nbsp;Đại học C&ocirc;ng Nghệ - Đại học Quốc Gia H&agrave; Nội</strong><br />\r\n	<strong>Địa chỉ:&nbsp;</strong>Nh&agrave; G2 - Số 144 đường Xu&acirc;n Thủy, Cầu Giấy, H&agrave; Nội<br />\r\n	<strong>Điện thoại:</strong>&nbsp;04&nbsp;37547064<br />\r\n	<strong>Fax:</strong>&nbsp;<br />\r\n	<strong>Email:</strong><br />\r\n	<strong>Web</strong>&nbsp;:&nbsp;uet.vnu.edu.vn</p>\r\n	</li>\r\n</ul>', NULL, 'Tiếng Anh', 128, '52480201', NULL, '- Sinh viên tốt nghiệp ngành Công nghệ Thông tin chất lượng cao được đào tạo kỹ năng thực hành cao trong hầu hết các lĩnh vực của Công nghệ Thông tin. Nắm vững và thành thạo trong phân tích, thiết kế, xây dựng, cài đặt, bảo trì, phát triển và quản lý các hệ thống, chương trình, dự án. Sinh viên ngành Công nghệ Thông tin chất lượng cao còn được trang bị tốt kỹ năng làm việc theo nhóm và kỹ năng giao tiếp, có khả năng sử dụng thành thạo ngoại ngữ phục vụ học tập, nghiên cứu, hoà nhập nhanh với cộng đồng công nghệ thông tin khu vực và quốc tế sau khi ra trường.'),
(3, 'Cơ điện tử', 1, 4, '<p>\r\n	Ng&agrave;nh C&ocirc;ng nghệ Cơ điện tử cung cấp một c&aacute;ch c&oacute; hệ thống những kiến thức cơ bản v&agrave; n&acirc;ng cao về cơ điện tử, cơ kh&iacute;, c&ocirc;ng nghệ th&ocirc;ng tin, tự động h&oacute;a v&agrave; khoa học vật liệu. Những kiến thức n&agrave;y gi&uacute;p sinh vi&ecirc;n c&oacute; thể t&iacute;ch hợp v&agrave; ứng dụng để thiết kế, chế tạo những sản phẩm v&agrave; hệ thống Cơ điện tử mới.</p>', '<p>\r\n	Sinh vi&ecirc;n tốt nghiệp c&oacute; đủ kiến thức v&agrave; xử l&yacute; c&aacute;c t&igrave;nh huống chuy&ecirc;n m&ocirc;n với vai tr&ograve; cac kỹ sư được đ&agrave;o tạo b&agrave;i bản. Một nh&oacute;m c&aacute;n bộ c&oacute; thể ph&aacute;t triển c&aacute;c sản phẩm mới, c&oacute; khả năng nghi&ecirc;n cứu triển khai c&aacute;c ứng dụng thực tế ng&agrave;nh C&ocirc;ng nghệ Cơ điện tử. Nh&oacute;m tiếp theo c&oacute; thể tham gia giảng dạy v&agrave; nghi&ecirc;n cứu hoa học tại c&aacute;c trường Đại học.</p>', '<p>\r\n	<span id="el_tbl_dept_dept_behavior"><span>&bull; Phẩm chất ch&iacute;nh trị tốt<br />\r\n	&bull; &Yacute; thức tổ chức kỷ luật, c&oacute; t&aacute;c phong l&agrave;m việc khoa học, nghi&ecirc;m t&uacute;c, c&oacute; đạo đức nghề nghiệp về bảo vệ th&ocirc;ng tin, bản quyền.<br />\r\n	&bull; Tinh thần l&agrave;m việc theo nh&oacute;m, r&egrave;n luyện thường xuy&ecirc;n t&iacute;nh kỷ luật v&agrave; khả năng giao tiếp.</span></span></p>', '<p>\r\n	- Sinh vi&ecirc;n c&oacute; cơ hội thực tập, học tiếp cao học, tiến sỹ trong v&agrave; ngo&agrave;i nước</p>\r\n<p>\r\n	- Cơ hội l&agrave;m việc tại c&aacute;c cơ quan quản l&yacute;, c&aacute;c x&iacute; nghiệp sản xuất, c&aacute;c cơ sở c&ocirc;ng nghiệp năng lượng, khai th&aacute;c dầu kh&iacute;, bảo vệ m&ocirc;i trường, điều khiển tự động hoặc tham gia c&ocirc;ng t&aacute;c nghi&ecirc;n cứu v&agrave; giảng dạy tại viện nghi&ecirc;n cứu hay cơ sở đ&agrave;o tạo li&ecirc;n quan</p>', '<p>\r\n	<span id="el_tbl_dept_dept_contact"><span>Nếu bạn c&oacute; thắc mắc về ng&agrave;nh Cơ điện tử , h&atilde;y li&ecirc;n hệ :<br />\r\n	<strong>Đại học C&ocirc;ng Nghệ - Đại học Quốc Gia H&agrave; Nội</strong><br />\r\n	Cơ điện tử<br />\r\n	Số 2, Xu&acirc;n Thủy, Cầu Giấy, H&agrave; Nội<br />\r\n	Điện thoại :<br />\r\n	Fax :<br />\r\n	Email :<br />\r\n	Web : <a>uet.vnu.edu.vn</a></span></span></p>', NULL, '<p>\r\n	Tiếng Việt</p>', NULL, NULL, NULL, NULL),
(4, 'Cơ học kỹ thuật', 1, 4, '<p>\r\n	Chương tr&igrave;nh đ&agrave;o tạo đại học ng&agrave;nh Cơ học kỹ thuật với mục ti&ecirc;u cung cấp cho x&atilde; hội những kỹ sư cơ học kỹ thuật c&oacute; kiến thức chuy&ecirc;n m&ocirc;n vững chắc, th&iacute;ch ứng tốt với những c&ocirc;ng việc kh&aacute;c nhau thuộc c&aacute;c chuy&ecirc;n ng&agrave;nh Cơ điện tử, C&ocirc;ng nghệ Vũ trụ, C&ocirc;ng nghệ Kỹ thuật Biển, Thủy kh&iacute; C&ocirc;ng nghiệp v&agrave; M&ocirc;i trường, Ứng dụng được c&aacute;c phương ph&aacute;p hiện đại&nbsp;của Cơ học kỹ thuật trong t&iacute;nh to&aacute;n, thiết kế, chế tạo, khai th&aacute;c sử dụng, quản l&yacute; vận h&agrave;nh hệ thống/qu&aacute; tr&igrave;nh/sản phẩm kỹ thuật, khai th&aacute;c t&agrave;i nguy&ecirc;n.</p>', '<p>\r\n	C&aacute;c kỹ sư chuy&ecirc;n ng&agrave;nh cơ học kỹ thuật c&oacute; khả năng nhận thức về c&aacute;c vấn đề x&atilde; hội một c&aacute;ch khoa học, c&oacute; lập trường ch&iacute;nh trị vững v&agrave;ng, c&oacute; &yacute; thức tổ chức kỷ luật, hiểu biết về gi&aacute; trị đạo đức v&agrave; tr&aacute;ch nhiệm nghề nghiệp.</p>', '<p>\r\n	<span id="el_tbl_dept_dept_behavior"><span>&bull; Phẩm chất ch&iacute;nh trị tốt<br />\r\n	&bull; &Yacute; thức tổ chức kỷ luật, c&oacute; t&aacute;c phong l&agrave;m việc khoa học, nghi&ecirc;m t&uacute;c, c&oacute; đạo đức nghề nghiệp về bảo vệ th&ocirc;ng tin, bản quyền.<br />\r\n	&bull; Tinh thần l&agrave;m việc theo nh&oacute;m, r&egrave;n luyện thường xuy&ecirc;n t&iacute;nh kỷ luật v&agrave; khả năng giao tiếp.</span></span></p>', '<p>\r\n	<span id="el_tbl_dept_dept_out_standard"><span>- Sinh vi&ecirc;n c&oacute; cơ hội thực tập, học tiếp cao học, tiến sỹ trong v&agrave; ngo&agrave;i nước</span></span></p>\r\n<p>\r\n	<span id="el_tbl_dept_dept_out_standard"><span>- Cơ hội l&agrave;m việc tại c&aacute;c cơ quan quản l&yacute;, c&aacute;c x&iacute; nghiệp sản xuất, c&aacute;c cơ sở c&ocirc;ng nghiệp năng lượng, khai th&aacute;c dầu kh&iacute;, bảo vệ m&ocirc;i trường, điều khiển tự động hoặc tham gia c&ocirc;ng t&aacute;c nghi&ecirc;n cứu v&agrave; giảng dạy tại viện nghi&ecirc;n cứu hay cơ sở đ&agrave;o tạo li&ecirc;n quan</span></span></p>', '<p>\r\n	<span id="el_tbl_dept_dept_contact"><span><span id="el_tbl_dept_dept_contact"><span>Nếu bạn c&oacute; thắc mắc về ng&agrave;nh Cơ học kỹ thuật , h&atilde;y li&ecirc;n hệ :<br />\r\n	<strong>Đại học C&ocirc;ng Nghệ - Đại học Quốc Gia H&agrave; Nội</strong><br />\r\n	Cơ học kỹ thuật<br />\r\n	Số 2, Xu&acirc;n Thủy, Cầu Giấy, H&agrave; Nội<br />\r\n	Điện thoại :<br />\r\n	Fax :<br />\r\n	Email :<br />\r\n	Web : <a>uet.vnu.edu.vn</a></span></span></span></span></p>', NULL, '<p>\r\n	Tiếng Việt</p>', NULL, NULL, NULL, NULL);

-- --------------------------------------------------------

--
-- Table structure for table `tbl_doc`
--

CREATE TABLE IF NOT EXISTS `tbl_doc` (
  `doc_id` int(11) NOT NULL AUTO_INCREMENT,
  `doc_url` varchar(200) DEFAULT NULL,
  `doc_name` varchar(200) DEFAULT NULL,
  `doc_scribd_id` varchar(200) DEFAULT NULL,
  `doc_description` varchar(200) DEFAULT NULL,
  `doc_title` varchar(200) DEFAULT NULL,
  `doc_status` varchar(200) DEFAULT NULL,
  `doc_author` varchar(30) DEFAULT NULL,
  `doc_type` int(2) DEFAULT NULL,
  `doc_path` varchar(500) DEFAULT NULL,
  `subject_dept` int(3) DEFAULT NULL,
  `subject_type` int(3) DEFAULT NULL,
  `subject_faculty` int(3) DEFAULT NULL,
  `doc_author_name` text,
  `doc_publisher` varchar(255) DEFAULT NULL,
  `subject_general_faculty_id` int(5) NOT NULL,
  PRIMARY KEY (`doc_id`)
) ENGINE=InnoDB  DEFAULT CHARSET=utf8 AUTO_INCREMENT=1272 ;

--
-- Dumping data for table `tbl_doc`
--

INSERT INTO `tbl_doc` (`doc_id`, `doc_url`, `doc_name`, `doc_scribd_id`, `doc_description`, `doc_title`, `doc_status`, `doc_author`, `doc_type`, `doc_path`, `subject_dept`, `subject_type`, `subject_faculty`, `doc_author_name`, `doc_publisher`, `subject_general_faculty_id`) VALUES
(1, 'http://imgv2-2.scribdassets.com/img/word_document/236136275/180x220/d97bc0346f/1407416290', 'Tài liệu đại số - Gilbert Strang.pdf', '236136275', 'Tài liệu đại số - Gilbert Strang - dành cho lớp thầy Đô', NULL, '1', '6', 2, 'http://bluebee-uet.com/uploads/document/user_id_6/[Strang_G.]_Linear_algebra_and_its_applications(Bookos.org)[1].pdf', 1, 2, 1, 'Nguyễn Thế Huy', NULL, 1),
(5, 'http://imgv2-2.scribdassets.com/img/word_document/236150376/180x220/3d4e848973/1407426939', 'Đề thi mẫu cuối kì môn Cấu trúc dữ liệu và giải thuật.pdf', '236150376', 'Đề thi mẫu cuối kì môn Cấu trúc dữ liệu và giải thuật', NULL, '1', '6', 2, 'http://bluebee-uet.com/uploads/document/user_id_6/int2203_thicuoiky_1112Sem1.pdf', 1, 3, 1, 'Nguyễn Thế Huy', NULL, 1),
(6, 'http://imgv2-4.scribdassets.com/img/word_document/236150416/180x220/ae6b6f44a6/1407426979', 'Đáp án đề thi môn cấu trúc dữ liệu và giải thuật.pdf', '236150416', 'Đáp án đề thi mẫu cuối kì môn cấu trúc dữ liệu và giải thuật', NULL, '1', '6', 2, 'http://bluebee-uet.com/uploads/document/user_id_6/int2203_thicuoiky_dapan_1213Sem1.pdf', 1, 3, 1, 'Nguyễn Thế Huy', NULL, 1),
(7, 'http://imgv2-3.scribdassets.com/img/word_document/236150639/180x220/92df8a58b2/1407427138', 'Đáp án đề thi mẫu môn Kiến trúc máy tính.pdf', '236150639', 'Đáp án đề thi mẫu môn Kiến trúc máy tính', NULL, '1', '6', 2, 'http://bluebee-uet.com/uploads/document/user_id_6/Sample Exam Result.pdf', 1, 4, 1, 'Nguyễn Thế Huy', NULL, 0),
(14, 'http://imgv2-1.scribdassets.com/img/word_document/236234165/180x220/2c224148a9/1407512862', 'Slide 1 môn THCS 4 - CA.pdf', '236234165', 'Slide 1 môn Tin học cơ sở 4 - Thầy Phạm Bảo Sơn - dành cho lớp CA', NULL, '1', '6', 2, 'http://bluebee-uet.com/uploads/document/user_id_6/Lecture01-Intro.pdf', 1, 1, 1, 'Nguyễn Thế Huy', NULL, 1),
(19, 'http://imgv2-3.scribdassets.com/img/word_document/236237677/180x220/bef7acd4b1/1407515856', 'Struct - THCS 4.pdf', '236237677', 'Struct - THCS 4 - Thầy Phạm Bảo Sơn - CA', NULL, '1', '6', 2, 'http://bluebee-uet.com/uploads/document/user_id_6/Lecture07_Structures.pdf', 1, 1, 1, 'Nguyễn Thế Huy', NULL, 1),
(25, '/themes/classic/assets/img/document.png', 'Tuyển tập các bài tập C.rar', NULL, 'Tuyển tập các bài tập C, bao gồm hầu hết các dạng bài cơ bản liên quan đến lập trình C', NULL, '1', '6', 3, 'http://bluebee-uet.com/uploads/document/user_id_6/Duong.rar', 1, 1, 1, 'Nguyễn Thế Huy', NULL, 1),
(26, 'http://imgv2-1.scribdassets.com/img/word_document/236350269/180x220/c4a2b28972/1407596251', 'Notes on Discrete Mathematics - Miguel A. Lerma.pdf', '236350269', 'An useful document for Discrete Mathematics course', NULL, '1', '39', 2, 'http://bluebee-uet.com/uploads/document/user_id_39/discrete_mathematics-2005.pdf', 1, 6, 1, 'Đại Thành', NULL, 0),
(27, 'http://imgv2-2.scribdassets.com/img/word_document/236386302/180x220/f98cd8757c/1407632458', 'tin học cơ sở 4 silde 1.ppt', '236386302', 'silde 1 nhé', NULL, '1', '43', 2, 'http://bluebee-uet.com/uploads/document/user_id_43/Slide1_Introduction.ppt', 1, 1, 1, 'Arsene Tuấn Nguyễn', NULL, 1),
(28, 'http://bluebee-uet.com/uploads/document/user_id_6/1379421_316229501850728_608931035_n.jpg', 'Đề thi Giải tích 1 - Thầy Ngoạn', NULL, 'Đề thi Giải tích 1 - Lớp thầy Ngoạn', NULL, '1', '6', 1, 'http://bluebee-uet.com/uploads/document/user_id_6/1379421_316229501850728_608931035_n.jpg', 1, 2, 1, 'Nguyễn Thế Huy', NULL, 1),
(29, 'http://imgv2-1.scribdassets.com/img/word_document/236386796/180x220/57ab42fd05/1407633375', 'Slide 2 - THCS 4.ppt', '236386796', 'Slide 2 THCS 4', NULL, '1', '11', 2, 'http://bluebee-uet.com/uploads/document/user_id_11/Slide2_Language Programming.ppt', 1, 1, 1, 'Nguyễn Văn Khánh', NULL, 1),
(30, 'http://imgv2-4.scribdassets.com/img/word_document/236402154/180x220/2eb9a9022f/1407659090', 'Bài tập Kiến trúc máy tính.pdf', '236402154', 'Bài tập Kiến trúc máy tính', NULL, '1', '6', 2, 'http://bluebee-uet.com/uploads/document/user_id_6/Bai tap KTMT.pdf', 1, 4, 1, 'Nguyễn Thế Huy', NULL, 1),
(31, 'http://imgv2-3.scribdassets.com/img/word_document/236412515/180x220/498e472ce3/1407676168', 'Bài giải bài tập Đại số - Lớp thầy Hải.pdf', '236412515', 'Bài giải cho chương Kiến thức chuẩn bị, sách Nguyễn Hữu Việt Hưng, dùng cho lớp đại số thầy Nam Hải', NULL, '1', '6', 2, 'http://bluebee-uet.com/uploads/document/user_id_6/Bai tap chuong Kien thuc chuan bi.pdf', 1, 2, 1, 'Nguyễn Thế Huy', NULL, 1),
(38, 'http://bluebee-uet.com/uploads/document/user_id_6/CTDLGT.jpg', 'Đề thi cấu trúc dữ liệu và giải thuật', NULL, 'Đề thi cấu trúc dữ liệu và giải thuật - thầy Lê Sĩ Vinh', NULL, '1', '6', 1, 'http://bluebee-uet.com/uploads/document/user_id_6/CTDLGT.jpg', 1, 3, 1, 'Nguyễn Thế Huy', NULL, 1),
(39, '/themes/classic/assets/img/document.png', 'Art of C++.chm', NULL, 'Đây là 1 tài liệu cực hay do Kiên cute up lên', NULL, '1', '17', 3, 'http://bluebee-uet.com/uploads/document/user_id_17/The Art of C++ - Herbert Schildt.chm', 2, 5, 1, 'Kiên Duy Nguyễn', NULL, 0),
(40, 'http://imgv2-3.scribdassets.com/img/word_document/236796586/220x250/d5f666f85a/1408013672', 'Bài giải mẫu ma trận định thức.docx', '236796586', 'Bài giải mẫu ma trận định thức', NULL, '1', '6', 2, 'http://bluebee-uet.com/uploads/document/user_id_6/Bai 4.55 Ma tran dinh thuc.docx', 1, 2, 1, 'Nguyễn Thế Huy', NULL, 1),
(41, 'http://bluebee-uet.com/uploads/document/user_id_6/Dai so K57 - Thay Duong Tat Thang.jpg', 'Đề thi Đại số K57 - thầy Dương Tất Thắng', NULL, 'Đề thi Đại số K57 - thầy Dương Tất Thắng', NULL, '1', '6', 1, 'http://bluebee-uet.com/uploads/document/user_id_6/Dai so K57 - Thay Duong Tat Thang.jpg', 1, 2, 1, 'Nguyễn Thế Huy', NULL, 1),
(42, '/themes/classic/assets/img/document.png', 'Tài liệu lập trình C - Aptech.rar', NULL, 'Tài liệu slide lập trình C - C++ bằng tiếng việt của Aptech, khá hay và căn bản, dễ hiểu', NULL, '1', '6', 3, 'http://bluebee-uet.com/uploads/document/user_id_6/C Programming.rar', 1, 1, 1, 'Nguyễn Thế Huy', NULL, 1),
(43, '/themes/classic/assets/img/document.png', 'Giáo trình Cấu trúc dữ liệu và giải thuật - Đinh Mạnh Tường.rar', NULL, 'Giáo trình cấu trúc dữ liệu và giải thuật - Đinh Mạnh Tường\r\nTài liệu tiếng việt, ngắn gọn, xúc tích, dễ tiếp thu', NULL, '1', '6', 3, 'http://bluebee-uet.com/uploads/document/user_id_6/Giao trinh Dinh Manh Tuong.rar', 1, 3, 1, 'Nguyễn Thế Huy', NULL, 1),
(44, 'http://bluebee-uet.com/uploads/document/user_id_6/CTDLGTCA.jpg', 'Đề thi giữa kì Cấu trúc dữ liệu và giải thuật', NULL, 'Đề thi giữa kì Cấu trúc dữ liệu và giải thuật - Thầy Lê Sĩ Vinh - Lớp CA', NULL, '1', '6', 1, 'http://bluebee-uet.com/uploads/document/user_id_6/CTDLGTCA.jpg', 1, 3, 1, 'Nguyễn Thế Huy', NULL, 1),
(986, 'http://bluebee-uet.com/uploads/document/user_id_6/DS.jpg', 'Đề thi đại số K57 - CA', NULL, 'Đề thi đại số K57 - CA - Thầy Nguyễn Nam Hải', NULL, '1', '6', 1, 'http://bluebee-uet.com/uploads/document/user_id_6/DS.jpg', 1, 2, 1, 'Nguyễn Thế Huy', NULL, 1),
(987, 'http://bluebee-uet.com/uploads/document/user_id_6/Co Nhiet.jpg', 'Đề thi cuối kì Cơ - Nhiệt', NULL, 'Đề thi cuối kì Cơ Nhiệt - thầy Hoàng Nam Nhật', NULL, '1', '6', 1, 'http://bluebee-uet.com/uploads/document/user_id_6/Co Nhiet.jpg', 1, 2, 1, 'Nguyễn Thế Huy', NULL, 1),
(988, 'http://imgv2-4.scribdassets.com/img/word_document/237197257/220x250/8cfe86c0a7/1408442490', 'Bài tập ôn thi môn Tín hiệu - hệ thống thầy Lê Vũ Hà.pdf', '237197257', 'Bài tập ôn thi môn Tín hiệu - hệ thống thầy Lê Vũ Hà', NULL, '1', '6', 2, 'http://bluebee-uet.com/uploads/document/user_id_6/Signals and Systems - Problem Set.pdf', 1, 3, 1, 'Nguyễn Thế Huy', NULL, 1),
(989, 'http://imgv2-1.scribdassets.com/img/word_document/237212956/220x250/04b6ceced8/1408456660', 'Tài liệu C++ (cho người mới bắt đầu).pdf', '237212956', 'Đây là tài liệu rất hay do Kiên kute up lên', NULL, '1', '17', 2, 'http://bluebee-uet.com/uploads/document/user_id_17/C++_2011_April_draft.pdf', 1, 1, 1, 'Kiên Duy Nguyễn', NULL, 1),
(1098, 'http://imgv2-4.scribdassets.com/img/word_document/237604835/220x250/c642a00f79/1408876639', 'c++ phạm hồng thái.pdf', '237604835', 'chào các bạn hihi', NULL, '1', '17', 2, 'http://bluebee-uet.com/uploads/document/user_id_17/THCS2_PHThai.pdf', 1, 1, 1, 'Kiên Duy Nguyễn', NULL, 1),
(1099, 'http://imgv2-4.scribdassets.com/img/word_document/237606769/220x250/80be3a62f7/1408880226', 'Đề nguyên lý hệ điều hành thầy Nguyễn Hải Châu.doc', '237606769', 'Đề nguyên lý hệ điều hành thầy Nguyễn Hải Châu', NULL, '1', '6', 2, 'http://bluebee-uet.com/uploads/document/user_id_6/De NLHDH ky 2 2012-2013 thay Nguyen Hai Chau.doc', 1, 4, 1, 'Nguyễn Thế Huy', NULL, 1),
(1100, '/themes/classic/assets/img/document.png', 'Giáo trình C++ Đại học Bách Khoa Hà Nội.rar', NULL, 'Giáo trình C++ Đại học Bách Khoa Hà Nội', NULL, '1', '6', 3, 'http://bluebee-uet.com/uploads/document/user_id_6/GiaotrinhCpp_DHBK.rar', 1, 5, 1, 'Nguyễn Thế Huy', NULL, 0),
(1101, '/themes/classic/assets/img/document.png', 'Java - OOP.rar', NULL, 'hihi', NULL, '1', '17', 3, 'http://bluebee-uet.com/uploads/document/user_id_17/OOP_2012_Aug.rar', 1, 4, 1, 'Kiên Duy Nguyễn', NULL, 1),
(1102, 'http://imgv2-4.scribdassets.com/img/word_document/237657551/220x250/f6e2a09712/1408978184', 'Kiến trúc máy tính.pdf', '237657551', 'tài liệu thầy Nguyễn Đình Việt', NULL, '1', '17', 2, 'http://bluebee-uet.com/uploads/document/user_id_17/HDTH-KTMT-bang-Mophong-Logisim.pdf', 1, 4, 1, 'Kiên Duy Nguyễn', NULL, 1),
(1103, 'http://imgv2-3.scribdassets.com/img/word_document/237657774/220x250/9a5d88108f/1408978432', 'Tự học ASP - Tiếng Việt.pdf', '237657774', 'Lập trình web ASP.NET', NULL, '1', '17', 2, 'http://bluebee-uet.com/uploads/document/user_id_17/ASP2.pdf', 1, 5, 1, 'Kiên Duy Nguyễn', NULL, 0),
(1104, 'https://imgv2-1-f.scribdassets.com/img/word_document/237766866/220x250/de975b7343/1409062866', 'Core Java.pdf', '237766866', 'Core Java ^_^', NULL, '1', '17', 2, 'http://bluebee-uet.com/uploads/document/user_id_17/CoreJava_C1.pdf', 1, 4, 1, 'Kiên Duy Nguyễn', NULL, 1),
(1105, 'https://imgv2-2-f.scribdassets.com/img/word_document/237769165/220x250/f8c65d7afa/1409064026', 'C++ - Lab 1.doc', '237769165', 'Bài tập thực hành trên lớp ', NULL, '1', '17', 2, 'http://bluebee-uet.com/uploads/document/user_id_17/Lab01.doc', 1, 1, 1, 'Kiên Duy Nguyễn', NULL, 1),
(1106, 'https://imgv2-1-f.scribdassets.com/img/word_document/238008176/220x250/2ff3107520/1409239266', 'C++ - Lab 2.doc', '238008176', 'Bài tập thực hành trên lớp', NULL, '1', '17', 2, 'http://bluebee-uet.com/uploads/document/user_id_17/Lab02.doc', 1, 1, 1, 'Kiên Duy Nguyễn', NULL, 1),
(1107, 'https://imgv2-1-f.scribdassets.com/img/word_document/238092633/220x250/5fb943d149/1409320844', 'Kiến trúc máy tính - Lab.pdf', '238092633', 'Lớp thầy Nguyễn Đình Việt', NULL, '1', '17', 2, 'http://bluebee-uet.com/uploads/document/user_id_17/HDTH-KTMT-bang-Mophong-Logisim_moi.pdf', 1, 4, 1, 'Kiên Duy Nguyễn', NULL, 1),
(1108, '/themes/classic/assets/img/document.png', 'Kiến trúc máy tính - Lab (Đáp án).rar', NULL, 'Đáp án các Lab môn KTMT của PSG.TS Nguyễn Đình Việtk', NULL, '1', '17', 3, 'http://bluebee-uet.com/uploads/document/user_id_17/KTMT.rar', 1, 4, 1, 'Kiên Duy Nguyễn', NULL, 1),
(1110, '/themes/classic/assets/img/document.png', 'Giáo trình KTMT.rar', NULL, 'Lớp thầy Nguyễn Đình Việt', NULL, '1', '17', 3, 'http://bluebee-uet.com/uploads/document/user_id_17/Giao trinh KTMT.rar', 1, 4, 1, 'Kiên Duy Nguyễn', NULL, 1),
(1111, '/themes/classic/assets/img/document.png', 'Thu hoach SHCD 2014.rar', NULL, 'Tài liệu tham khảo viết thu hoạch sinh hoạt công dân 2014', NULL, '1', '6', 3, 'http://bluebee-uet.com/uploads/document/user_id_6/SHCD 2014.rar', 1, 1, 1, 'Nguyễn Thế Huy', NULL, 1),
(1119, '/themes/classic/assets/img/document.png', 'Bài thực hành lab - Cấu trúc dữ liệu.rar', NULL, 'Đây là bộ thực hành lab của thầy lê sỹ vinh môn cấu trúc dữ liệu và giải thuật', NULL, '1', '17', 3, 'http://bluebee-uet.com/uploads/document/user_id_17/Lab-CTDL.rar', 1, 3, 1, 'Kiên Duy Nguyễn', NULL, 1),
(1120, '/themes/classic/assets/img/document.png', 'Slide - CTDL.rar', NULL, 'Đây là bộ slide môn học Cấu trúc dữ liệu và giải thuật của thầy Lê Sỹ Vinh (1 môn khá quan trọng)', NULL, '1', '17', 3, 'http://bluebee-uet.com/uploads/document/user_id_17/slide-CTDL.rar', 1, 3, 1, 'Kiên Duy Nguyễn', NULL, 1),
(1121, '/themes/classic/assets/img/document.png', 'Slide - CTDL.rar', NULL, 'Đây là bộ slide môn học Cấu trúc dữ liệu và giải thuật của thầy Lê Sỹ Vinh (1 môn khá quan trọng)', NULL, '1', '17', 3, 'http://bluebee-uet.com/uploads/document/user_id_17/slide-CTDL.rar', 1, 3, 1, 'Kiên Duy Nguyễn', NULL, 1),
(1122, '/themes/classic/assets/img/document.png', 'Slide - OOP.rar', NULL, 'Slide môn Lập trình hướng đối tượng -Trần Thị Minh Châu', NULL, '1', '17', 3, 'http://bluebee-uet.com/uploads/document/user_id_17/Slide - OOP.rar', 1, 4, 1, 'Kiên Duy Nguyễn', NULL, 1),
(1123, '/themes/classic/assets/img/document.png', 'Lời giải  đại số tuyến tính - Lớp thầy Nam Hải.rar', NULL, 'Lời giải sách đại số tuyến tính - Nguyễn Hữu Việt Hưng, lớp thầy Nguyễn Nam Hải', NULL, '1', '6', 3, 'http://bluebee-uet.com/uploads/document/user_id_6/DSTT.rar', 1, 2, 1, 'Nguyễn Thế Huy', NULL, 1),
(1124, '/themes/classic/assets/img/document.png', 'Lab - Mạng máy tính.rar', NULL, 'Lab môn mạng máy tính của thầy Hoàng Xuân Tùng', NULL, '1', '17', 3, 'http://bluebee-uet.com/uploads/document/user_id_17/Lab.rar', 1, 4, 1, 'Kiên Duy Nguyễn', NULL, 1),
(1125, 'http://bluebee-uet.com/uploads/document/user_id_6/GT1 - K55CA.JPG', 'Đề GT1 K55CA', NULL, 'Đề GT1 K55CA', NULL, '1', '6', 1, 'http://bluebee-uet.com/uploads/document/user_id_6/GT1 - K55CA.JPG', 1, 2, 1, 'Nguyễn Thế Huy', NULL, 1),
(1126, 'https://imgv2-1-f.scribdassets.com/img/word_document/241332902/220x250/0fd790311f/1411995909', 'Đề thi GT1 K53.pdf', '241332902', 'Đề thi GT1 K53', NULL, '1', '6', 2, 'http://bluebee-uet.com/uploads/document/user_id_6/Dthi_GT1_K53.pdf', 1, 2, 1, 'Nguyễn Thế Huy', NULL, 1),
(1127, 'http://bluebee-uet.com/uploads/document/user_id_6/DSC03425.JPG', 'Đề Giải tích và Đại số', NULL, 'Đề Giải tích và Đại số', NULL, '1', '6', 1, 'http://bluebee-uet.com/uploads/document/user_id_6/DSC03425.JPG', 1, 2, 1, 'Nguyễn Thế Huy', NULL, 1),
(1128, 'https://imgv2-2-f.scribdassets.com/img/word_document/241333252/220x250/0182042957/1411996189', 'Đề Giải tích 1 K52.pdf', '241333252', 'Đề Giải tích 1 K52', NULL, '1', '6', 2, 'http://bluebee-uet.com/uploads/document/user_id_6/Dthi_GT1_K52_that.pdf', 1, 2, 1, 'Nguyễn Thế Huy', NULL, 1),
(1129, 'http://bluebee-uet.com/uploads/document/user_id_6/de GT1.jpg', 'Đề giải tích 1 K57CA', NULL, 'Đề giải tích 1 K57CA năm học 2013 - 2014', NULL, '1', '6', 1, 'http://bluebee-uet.com/uploads/document/user_id_6/de GT1.jpg', 1, 2, 1, 'Nguyễn Thế Huy', NULL, 1),
(1130, '/themes/classic/assets/img/document.png', 'Slide toán rời rạc - Đặng Văn Hưng.rar', NULL, 'Toán rời rạc Slide version DVH', NULL, '1', '17', 3, 'http://bluebee-uet.com/uploads/document/user_id_17/handouts.rar', 1, 4, 1, 'Kiên Duy Nguyễn', NULL, 1),
(1131, '/themes/classic/assets/img/document.png', 'Lab Cấu trúc dữ liệu và giải thuật - Thầy Phạm Bảo Sơn.rar', NULL, 'Lab Cấu trúc dữ liệu và giải thuật - Thầy Phạm Bảo Sơn', NULL, '1', '6', 3, 'http://bluebee-uet.com/uploads/document/user_id_6/DSA-PhamBaoSon.rar', 1, 3, 1, 'Nguyễn Thế Huy', NULL, 1),
(1132, 'http://bluebee-uet.com/uploads/document/user_id_6/Dai so.jpg', 'Đề thi Đại số 2011', NULL, 'Đề thi Đại số 2011', NULL, '1', '6', 1, 'http://bluebee-uet.com/uploads/document/user_id_6/Dai so.jpg', 1, 2, 1, 'Nguyễn Thế Huy', NULL, 1),
(1133, 'http://bluebee-uet.com/uploads/document/user_id_6/Co nhiet .JPG', 'Cơ nhiệt K55CA', NULL, 'Cơ nhiệt K55CA', NULL, '1', '6', 1, 'http://bluebee-uet.com/uploads/document/user_id_6/Co nhiet .JPG', 1, 2, 1, 'Nguyễn Thế Huy', NULL, 1),
(1134, 'http://bluebee-uet.com/uploads/document/user_id_6/Phuong phap so -K55CA.JPG', 'Phương pháp số K55CA', NULL, 'Phương pháp số K55CA', NULL, '1', '6', 1, 'http://bluebee-uet.com/uploads/document/user_id_6/Phuong phap so -K55CA.JPG', 1, 5, 1, 'Nguyễn Thế Huy', NULL, 0),
(1135, 'http://bluebee-uet.com/uploads/document/user_id_6/LTNC - 1 - K55CA.JPG', 'Lập trình nâng cao', NULL, 'Lập trình nâng cao', NULL, '1', '6', 1, 'http://bluebee-uet.com/uploads/document/user_id_6/LTNC - 1 - K55CA.JPG', 1, 5, 1, 'Nguyễn Thế Huy', NULL, 0),
(1136, 'http://bluebee-uet.com/uploads/document/user_id_6/LTNC - 2 - K55CA.JPG', 'Lập trình nâng cao 2', NULL, 'Lập trình nâng cao 2', NULL, '1', '6', 1, 'http://bluebee-uet.com/uploads/document/user_id_6/LTNC - 2 - K55CA.JPG', 1, 5, 1, 'Nguyễn Thế Huy', NULL, 0),
(1137, 'http://bluebee-uet.com/uploads/document/user_id_6/Tri tue nhan tao - 1 -  K55CA.JPG', 'Tri tue nhan tao', NULL, 'Tri tue nhan tao', NULL, '1', '6', 1, 'http://bluebee-uet.com/uploads/document/user_id_6/Tri tue nhan tao - 1 -  K55CA.JPG', 1, 5, 1, 'Nguyễn Thế Huy', NULL, 0),
(1138, 'http://bluebee-uet.com/uploads/document/user_id_6/Dai so.jpg', 'Đề Đại số', NULL, 'Đề Đại số', NULL, '1', '6', 1, 'http://bluebee-uet.com/uploads/document/user_id_6/Dai so.jpg', 1, 2, 1, 'Nguyễn Thế Huy', NULL, 1),
(1139, '/themes/classic/assets/img/document.png', 'Trí tuệ nhân tạo K 55CA.rar', NULL, 'Trí tuệ nhân tạo K 55CA', NULL, '1', '6', 3, 'http://bluebee-uet.com/uploads/document/user_id_6/TTNT.rar', 1, 5, 1, 'Nguyễn Thế Huy', NULL, 0),
(1140, 'https://imgv2-1-f.scribdassets.com/img/word_document/241903066/220x250/c9a5b99827/1412441731', 'Miễn dịch học.pdf', '241903066', 'Miễn dịch học thú y', NULL, '1', '116', 2, 'http://bluebee-uet.com/uploads/document/user_id_116/giaotrinhmiendichhocthuy.pdf', 1, 1, 1, 'Nguyễn Tuấn Anh', NULL, 1),
(1141, 'http://bluebee-uet.com/uploads/document/user_id_6/GT2 - K55CA.JPG', 'Giải tích 2 K55CA', NULL, 'Giải tích 2 K55CA', NULL, '1', '6', 1, 'http://bluebee-uet.com/uploads/document/user_id_6/GT2 - K55CA.JPG', 1, 1, 1, 'Nguyễn Thế Huy', NULL, 1),
(1142, '/themes/classic/assets/img/document.png', 'Phần mềm vẽ cơ sở dữ liệu.rar', NULL, 'Phần mềm vẽ cơ sở dữ liệu', NULL, '1', '6', 3, 'http://bluebee-uet.com/uploads/document/user_id_6/Db main 915.rar', 1, 4, 1, 'Nguyễn Thế Huy', NULL, 1),
(1143, '/themes/classic/assets/img/document.png', 'Đề thi Cơ sở dữ liệu - K55CA.JPG', NULL, 'Đề thi Cơ sở dữ liệu - K55CA', NULL, '1', '6', 3, 'http://bluebee-uet.com/uploads/document/user_id_6/CSDL - Cuoi ky - K55CA.JPG', 1, 4, 1, 'Nguyễn Thế Huy', NULL, 1),
(1144, 'http://bluebee-uet.com/uploads/document/user_id_6/Vat ly dien quang - K55CA.jpg', 'Điện quang K55CA', NULL, 'Điện quang K55CA', NULL, '1', '6', 1, 'http://bluebee-uet.com/uploads/document/user_id_6/Vat ly dien quang - K55CA.jpg', 1, 2, 1, 'Nguyễn Thế Huy', NULL, 1),
(1145, 'https://imgv2-2-f.scribdassets.com/img/word_document/241905244/220x250/9aa7290380/1412443284', 'Đề Nguyên lý hệ điều hành, thầy Hải Châu.doc', '241905244', 'Đề Nguyên lý hệ điều hành, thầy Hải Châu', NULL, '1', '6', 2, 'http://bluebee-uet.com/uploads/document/user_id_6/De NLHDH ky 2 2012-2013 thay Nguyen Hai Chau.doc', 1, 4, 1, 'Nguyễn Thế Huy', NULL, 1),
(1146, 'https://imgv2-2-f.scribdassets.com/img/word_document/241905323/220x250/081ba1a3ff/1412443374', 'Đề giữa kì môn Nguyễn lý hệ điều hành.doc', '241905323', 'Đề giữa kì môn Nguyễn lý hệ điều hành', NULL, '1', '6', 2, 'http://bluebee-uet.com/uploads/document/user_id_6/______THI_GI___A_K____mon_Nguyen_Ly_HDH.doc', 1, 4, 1, 'Nguyễn Thế Huy', NULL, 1),
(1147, 'http://bluebee-uet.com/uploads/document/user_id_6/Dien quang k57 thay Trinh.jpg', 'Điện quang K57 - thầy Trình', NULL, 'Điện quang K57 - thầy Trình', NULL, '1', '6', 1, 'http://bluebee-uet.com/uploads/document/user_id_6/Dien quang k57 thay Trinh.jpg', 1, 2, 1, 'Nguyễn Thế Huy', NULL, 1),
(1148, 'http://bluebee-uet.com/uploads/document/user_id_6/Dai so K56.jpg', 'Đại số K56', NULL, 'Đại số K56', NULL, '1', '6', 1, 'http://bluebee-uet.com/uploads/document/user_id_6/Dai so K56.jpg', 1, 2, 1, 'Nguyễn Thế Huy', NULL, 1),
(1149, 'http://bluebee-uet.com/uploads/document/user_id_6/Giai tich 2 - 2013.jpg', 'Đề Giải tích 2', NULL, 'Đề Giải tích 2', NULL, '1', '6', 1, 'http://bluebee-uet.com/uploads/document/user_id_6/Giai tich 2 - 2013.jpg', 1, 1, 1, 'Nguyễn Thế Huy', NULL, 1),
(1150, 'http://bluebee-uet.com/uploads/document/user_id_6/Dai so tuyen tinh.jpg', 'Đại số tuyến tính', NULL, 'Đại số tuyến tính', NULL, '1', '6', 1, 'http://bluebee-uet.com/uploads/document/user_id_6/Dai so tuyen tinh.jpg', 1, 2, 1, 'Nguyễn Thế Huy', NULL, 1),
(1152, '/themes/classic/assets/img/document.png', 'Đề cơ nhiệt Hoàng Nam Nhật - Nguyễn Thế Hiển.JPG', NULL, 'Đề cơ nhiệt Hoàng Nam Nhật - Nguyễn Thế Hiển', NULL, '1', '6', 3, 'http://bluebee-uet.com/uploads/document/user_id_6/Co - Nhiet_Hoang Nam Nhat & Nguyen The Hien_2011-2012.JPG', 1, 2, 1, 'Nguyễn Thế Huy', NULL, 1),
(1153, 'https://imgv2-2-f.scribdassets.com/img/word_document/241954917/220x250/f5968e33ca/1412507676', 'Đề kiến trúc máy tính - thầy Nguyễn Ngọc Hóa.docx', '241954917', 'Đề kiến trúc máy tính năm 2013 - thầy Nguyễn Ngọc Hóa', NULL, '1', '6', 2, 'http://bluebee-uet.com/uploads/document/user_id_6/Kien truc may tinh 2013.docx', 1, 4, 1, 'Nguyễn Thế Huy', NULL, 1),
(1154, 'https://imgv2-2-f.scribdassets.com/img/word_document/241955055/220x250/d378854198/1412507874', 'Đề lập trình hướng đối tượng K56 - cô Minh Châu.pdf', '241955055', 'Đề lập trình hướng đối tượng K56 - các lớp cô Trần Thị Minh Châu', NULL, '1', '6', 2, 'http://bluebee-uet.com/uploads/document/user_id_6/Lap trinh huong doi tuong - K56.pdf', 1, 4, 1, 'Nguyễn Thế Huy', NULL, 1),
(1155, 'http://bluebee-uet.com/uploads/document/user_id_6/giua ki KTMT.jpg', 'Đề giữa kì môn kiến trúc máy tính - lớp thầy Việt', NULL, 'Đề giữa kì môn kiến trúc máy tính - lớp thầy Nguyễn Đình Việt', NULL, '1', '6', 1, 'http://bluebee-uet.com/uploads/document/user_id_6/giua ki KTMT.jpg', 1, 4, 1, 'Nguyễn Thế Huy', NULL, 1),
(1156, '/themes/classic/assets/img/document.png', 'Đề thi đường lối - 2014.rar', NULL, 'Đề thi môn đường lối cách mạng Đảng cộng sản Việt Nam - 2014', NULL, '1', '6', 3, 'http://bluebee-uet.com/uploads/document/user_id_6/Duong loi cach mang.rar', 1, 1, 1, 'Nguyễn Thế Huy', NULL, 1),
(1157, 'https://imgv2-2-f.scribdassets.com/img/word_document/242177486/220x250/684309ee4f/1412690210', 'Đề giải tích 1, giữa kì.docx', '242177486', 'Đề giải tích 1, giữa kì', NULL, '1', '6', 2, 'http://bluebee-uet.com/uploads/document/user_id_6/Giai tich 1_Du Duc Thang_giua ki_2011-2012.docx', 1, 2, 1, 'Nguyễn Thế Huy', NULL, 1),
(1158, 'https://imgv2-1-f.scribdassets.com/img/word_document/242392606/220x250/ded8970dba/1412853005', 'Matlab K54M.ppt', '242392606', 'Slide Matlab K54M', NULL, '1', '6', 2, 'http://bluebee-uet.com/uploads/document/user_id_6/MATLAB_54M.ppt', 3, 4, 4, 'Nguyễn Thế Huy', NULL, 4),
(1159, 'https://imgv2-1-f.scribdassets.com/img/word_document/242392776/220x250/063bb9eee8/1412853129', 'Lệnh trong Matlab.docx', '242392776', 'Các lệnh trong Matlab', NULL, '1', '6', 2, 'http://bluebee-uet.com/uploads/document/user_id_6/Lenh MatLap.docx', 3, 4, 4, 'Nguyễn Thế Huy', NULL, 4),
(1160, 'https://imgv2-2-f.scribdassets.com/img/word_document/242392830/220x250/f8585bdbb6/1412853163', 'Matlab cơ bản.pdf', '242392830', 'Matlab cơ bản', NULL, '1', '6', 2, 'http://bluebee-uet.com/uploads/document/user_id_6/Matlab-co-ban.pdf', 3, 4, 4, 'Nguyễn Thế Huy', NULL, 4),
(1161, 'http://bluebee-uet.com/uploads/document/user_id_6/Co nhiet .JPG', 'Cơ nhiệt', NULL, 'Đề Cơ nhiệt K55CA', NULL, '1', '6', 1, 'http://bluebee-uet.com/uploads/document/user_id_6/Co nhiet .JPG', 1, 2, 1, 'Nguyễn Thế Huy', NULL, 1),
(1162, 'http://bluebee-uet.com/uploads/document/user_id_6/GT2.jpg', 'giải tích 2 nvcl', NULL, 'Đề giải tích 2 dành cho lớp nhiệm vụ chiến lược', NULL, '1', '6', 1, 'http://bluebee-uet.com/uploads/document/user_id_6/GT2.jpg', 1, 1, 1, 'Nguyễn Thế Huy', NULL, 1),
(1163, 'https://imgv2-2-f.scribdassets.com/img/word_document/242543400/220x250/89c0de8cb3/1412961817', 'Giải tích 1 giữa kì.docx', '242543400', 'Đề giải tích 1 giữa kì', NULL, '1', '6', 2, 'http://bluebee-uet.com/uploads/document/user_id_6/Giai tich 1_Du Duc Thang_giua ki_2011-2012.docx', 1, 2, 1, 'Nguyễn Thế Huy', NULL, 1),
(1164, 'http://bluebee-uet.com/uploads/document/user_id_6/Xac suat thong ke K57-thay Do.jpg', 'Xác suất thống kê - Thầy Đô', NULL, 'Đề xác suất thống kê - Thầy Lê Phê Đô', NULL, '1', '6', 1, 'http://bluebee-uet.com/uploads/document/user_id_6/Xac suat thong ke K57-thay Do.jpg', 1, 3, 1, 'Nguyễn Thế Huy', NULL, 1),
(1165, 'https://imgv2-1-f.scribdassets.com/img/word_document/242620250/220x250/38ec4de117/1413031686', 'Đề cơ sở dữ liệu - Thầy Duy.doc', '242620250', 'Đề cơ sở dữ liệu, kì 1 năm 2012 - 2013 - Thầy Vũ Bá Duy', NULL, '1', '6', 2, 'http://bluebee-uet.com/uploads/document/user_id_6/co-so-du-lieu-int-2207-cuoi-ky-1-2012-2013-vu-ba-duy.doc', 1, 4, 1, 'Nguyễn Thế Huy', NULL, 1),
(1166, '/themes/classic/assets/img/document.png', 'Code tham khảo cho asg04 - OOP - lớp cô Châu.rar', NULL, 'Source code tham khảo cho asg04 - môn Lập trình hướng đối tượng - Lớp cô Châu', NULL, '1', '6', 3, 'http://bluebee-uet.com/uploads/document/user_id_6/asg04-chauttm.rar', 1, 4, 1, 'Nguyễn Thế Huy', NULL, 1),
(1167, 'http://bluebee-uet.com/uploads/document/user_id_6/XLTHS - K55CA.JPG', 'Đề xử lý tín hiệu số K55CA', NULL, 'Đề xử lý tín hiệu số K55CA', NULL, '1', '6', 1, 'http://bluebee-uet.com/uploads/document/user_id_6/XLTHS - K55CA.JPG', NULL, 5, 2, 'Nguyễn Thế Huy', NULL, 0),
(1168, 'http://bluebee-uet.com/uploads/document/user_id_6/DSC03415.JPG', 'Xử lý tín hiệu số 1', NULL, 'Đê xử lý tín hiệu số 1', NULL, '1', '6', 1, 'http://bluebee-uet.com/uploads/document/user_id_6/DSC03415.JPG', NULL, 5, 2, 'Nguyễn Thế Huy', NULL, 0),
(1169, 'http://bluebee-uet.com/uploads/document/user_id_6/DSCN5485.JPG', 'Xử lý tín hiệu số 2', NULL, 'Xử lý tín hiệu số 2', NULL, '1', '6', 1, 'http://bluebee-uet.com/uploads/document/user_id_6/DSCN5485.JPG', NULL, 5, 2, 'Nguyễn Thế Huy', NULL, 0),
(1170, 'http://bluebee-uet.com/uploads/document/user_id_6/DSCN5486.JPG', 'Xử lý tín hiệu số 3', NULL, 'Xử lý tín hiệu số 3', NULL, '1', '6', 1, 'http://bluebee-uet.com/uploads/document/user_id_6/DSCN5486.JPG', NULL, 5, 2, 'Nguyễn Thế Huy', NULL, 0),
(1171, 'http://bluebee-uet.com/uploads/document/user_id_6/Xu ly tin hieu so_K54V.JPG', 'Xử lý tín hiệu số K54V', NULL, 'Xử lý tín hiệu số K54V', NULL, '1', '6', 1, 'http://bluebee-uet.com/uploads/document/user_id_6/Xu ly tin hieu so_K54V.JPG', NULL, 5, 2, 'Nguyễn Thế Huy', NULL, 0),
(1172, 'http://bluebee-uet.com/uploads/document/user_id_6/Xu ly tin hieu so_K54V_giua ki.JPG', 'Xử lý tín hiệu số K54V giữa kì', NULL, 'Xử lý tín hiệu số K54V giữa kì', NULL, '1', '6', 1, 'http://bluebee-uet.com/uploads/document/user_id_6/Xu ly tin hieu so_K54V_giua ki.JPG', NULL, 5, 2, 'Nguyễn Thế Huy', NULL, 0),
(1173, 'http://bluebee-uet.com/uploads/document/user_id_6/Xu ly tin hieu so_Nguyen Viet Dung_K56V.JPG', 'Xử lý tín hiệu số K56V', NULL, 'Xử lý tín hiệu số K56V', NULL, '1', '6', 1, 'http://bluebee-uet.com/uploads/document/user_id_6/Xu ly tin hieu so_Nguyen Viet Dung_K56V.JPG', NULL, 5, 2, 'Nguyễn Thế Huy', NULL, 0),
(1174, 'https://imgv2-2-f.scribdassets.com/img/word_document/243103633/220x250/4be85e598f/1413389352', 'Giải tích 2 - Cô Trần Thu Hà - K58.pdf', '243103633', 'Mình học giờ bài tập của cô Hương, đề thi giống y như đề cương cô cho :]]', NULL, '1', '61', 2, 'http://bluebee-uet.com/uploads/document/user_id_61/Giai_Tich_2_2013_Co_Tran_Thu_Ha.pdf', 1, 1, 1, 'Trần Văn Tú', NULL, 1),
(1175, 'http://bluebee-uet.com/uploads/document/user_id_6/KTMT thay Hoa - CLC.jpg', 'Kiến trúc máy tính - Thầy Hóa - CLC', NULL, 'Kiến trúc máy tính - Thầy Hóa - CLC', NULL, '1', '6', 1, 'http://bluebee-uet.com/uploads/document/user_id_6/KTMT thay Hoa - CLC.jpg', 1, 4, 1, 'Nguyễn Thế Huy', NULL, 1),
(1176, 'http://bluebee-uet.com/uploads/document/user_id_6/Co - Nhiet_giua ki phan Nhiet_Nguyen The Hien_2011-2012.jpg', 'Cơ nhiệt giữa kì phần nhiệt', NULL, 'Cơ nhiệt giữa kì phần nhiệt', NULL, '1', '6', 1, 'http://bluebee-uet.com/uploads/document/user_id_6/Co - Nhiet_giua ki phan Nhiet_Nguyen The Hien_2011-2012.jpg', 1, 2, 1, 'Nguyễn Thế Huy', NULL, 1),
(1177, '/themes/classic/assets/img/document.png', 'Đề thi tư tưởng Hồ Chí Minh 2013.rar', NULL, 'Đề thi tư tưởng Hồ Chí Minh 2013', NULL, '1', '6', 3, 'http://bluebee-uet.com/uploads/document/user_id_6/TTHCM.rar', 1, 1, 1, 'Nguyễn Thế Huy', NULL, 1),
(1178, 'https://imgv2-1-f.scribdassets.com/img/word_document/243396704/220x250/0f10dfcbea/1413599724', 'Đề thi xử lý tín hiệu số - K54C.pdf', '243396704', 'Đề thi xử lý tín hiệu số - K54C', NULL, '1', '6', 2, 'http://bluebee-uet.com/uploads/document/user_id_6/xlths_thayTan.pdf', NULL, 5, 2, 'Nguyễn Thế Huy', NULL, 0),
(1179, 'https://imgv2-1-f.scribdassets.com/img/word_document/243443358/220x250/3b3d2d7f6f/1413637634', 'Matlab tổng hợp.ppt', '243443358', 'Matlab tổng hợp', NULL, '1', '6', 2, 'http://bluebee-uet.com/uploads/document/user_id_6/tonghop1.ppt', 3, 4, 4, 'Nguyễn Thế Huy', NULL, 4),
(1180, 'https://imgv2-1-f.scribdassets.com/img/word_document/243444559/220x250/f89ea726fe/1413638568', 'Xử lý tín hiệu số - matlab Trần Thị Thục Linh.pdf', '243444559', 'Xử lý tín hiệu số - matlab Trần Thị Thục Linh', NULL, '1', '6', 2, 'http://bluebee-uet.com/uploads/document/user_id_6/giai_bai_tap_xu_ly_tin_hieu_so_807.pdf', NULL, 5, 2, 'Nguyễn Thế Huy', NULL, 0),
(1181, '/themes/classic/assets/img/document.png', 'Bài tập xử lý tín hiệu số Trần Thị Thục Linh.rar', NULL, 'Bài tập xử lý tín hiệu số Trần Thị Thục Linh', NULL, '1', '6', 3, 'http://bluebee-uet.com/uploads/document/user_id_6/giai_bai_tap_xu_ly_tin_hieu_so_807.rar', NULL, 5, 2, 'Nguyễn Thế Huy', NULL, 0),
(1182, '/themes/classic/assets/img/document.png', 'Tài liệu giới hạn hàm số - dãy số - ĐHQG.rar', NULL, 'Tài liệu giới hạn hàm số - dãy số - ĐHQG', NULL, '1', '6', 3, 'http://bluebee-uet.com/uploads/document/user_id_6/Tai lieu gioi han ham so day so.rar', 1, 2, 1, 'Nguyễn Thế Huy', NULL, 1),
(1183, 'http://bluebee-uet.com/uploads/document/user_id_6/Hinh anh0448.jpg', 'Đề thi GT2 - K57Đ', NULL, 'Đề thi Giải tích 2 - K57Đ', NULL, '1', '6', 1, 'http://bluebee-uet.com/uploads/document/user_id_6/Hinh anh0448.jpg', 1, 1, 1, 'Nguyễn Thế Huy', NULL, 1),
(1184, 'https://imgv2-2-f.scribdassets.com/img/word_document/243559430/220x250/6d54dd94a6/1413735995', 'Đề tham khảo giữa kì kiến trúc máy tính 2013 - Thầy Hóa.pdf', '243559430', 'Đề tham khảo kiến trúc máy tính 2013 - Thầy Hóa', NULL, '1', '6', 2, 'http://bluebee-uet.com/uploads/document/user_id_6/Kien truc may tinh 2013.pdf', 1, 4, 1, 'Nguyễn Thế Huy', NULL, 1),
(1185, '/themes/classic/assets/img/document.png', 'Bộ đề thi giữa kì, cuối kì, đề cương môn an toàn an ninh mạng.rar', NULL, 'Bộ đề thi giữa kì, cuối kì, đề cương môn an toàn an ninh mạng', NULL, '1', '6', 3, 'http://bluebee-uet.com/uploads/document/user_id_6/De thi AT An ning mang.rar', 1, 5, 1, 'Nguyễn Thế Huy', NULL, 0),
(1227, 'http://bluebee-uet.com/uploads/document/user_id_6/Mang may tinh - Tran Truc Mai 2013-2014.jpg', 'Mạng máy tính - Trần Trúc Mai', NULL, 'Mạng máy tính - Trần Trúc Mai', NULL, '1', '6', 1, 'http://bluebee-uet.com/uploads/document/user_id_6/Mang may tinh - Tran Truc Mai 2013-2014.jpg', 1, 4, 1, 'Nguyễn Thế Huy', NULL, 1),
(1228, 'https://imgv2-1-f.scribdassets.com/img/word_document/243758866/220x250/16edc6b049/1413859707', 'Tài liệu đáp tuyến tần số - xử lý tín hiệu số.pdf', '243758866', 'Tài liệu đáp tuyến tần số - XLTHS', NULL, '1', '6', 2, 'http://bluebee-uet.com/uploads/document/user_id_6/dung gian do cuc - zero de ve dap tuyen tan so.pdf', NULL, 5, 2, 'Nguyễn Thế Huy', NULL, 0),
(1229, 'https://imgv2-1-f.scribdassets.com/img/word_document/243758958/220x250/1155c2c2aa/1413859772', 'Tài liệu tham khảo xử lý tín hiệu số.pdf', '243758958', 'Tài liệu tham khảo xử lý tín hiệu số', NULL, '1', '6', 2, 'http://bluebee-uet.com/uploads/document/user_id_6/Mo ta he thong roi rac bang phuong trinh trang thai.pdf', NULL, 5, 2, 'Nguyễn Thế Huy', NULL, 0),
(1230, 'http://bluebee-uet.com/uploads/document/user_id_6/Giai tich 2_K55.jpg', 'giải tích 2', NULL, 'giải tích 2', NULL, '1', '6', 1, 'http://bluebee-uet.com/uploads/document/user_id_6/Giai tich 2_K55.jpg', 1, 1, 1, 'Nguyễn Thế Huy', NULL, 1),
(1231, 'http://bluebee-uet.com/uploads/document/user_id_6/Xac suat thong ke_K54V.JPG', 'Xác suất thống kê - K54V', NULL, 'Xác suất thống kê - K54V', NULL, '1', '6', 1, 'http://bluebee-uet.com/uploads/document/user_id_6/Xac suat thong ke_K54V.JPG', 1, 3, 1, 'Nguyễn Thế Huy', NULL, 1),
(1232, 'http://bluebee-uet.com/uploads/document/user_id_6/Dien va tu 2013.jpg', 'Điện và từ', NULL, 'Điện và từ', NULL, '1', '6', 1, 'http://bluebee-uet.com/uploads/document/user_id_6/Dien va tu 2013.jpg', 1, 2, 1, 'Nguyễn Thế Huy', NULL, 1),
(1233, 'https://imgv2-2-f.scribdassets.com/img/word_document/243763370/220x250/a06575c224/1413862937', 'Đề cương tư tưởng Hồ Chí Minh.pdf', '243763370', 'Đề cương tư tưởng Hồ Chí Minh', NULL, '1', '6', 2, 'http://bluebee-uet.com/uploads/document/user_id_6/De cuong Tu tuong HCM - Nguyen Ngoc Diep - Copy.pdf', 1, 1, 1, 'Nguyễn Thế Huy', NULL, 1),
(1234, 'https://imgv2-1-f.scribdassets.com/img/word_document/243763824/220x250/13f4566eff/1413863240', 'Tư tưởng HCM về xây dựng Đảng.docx', '243763824', 'Tư tưởng HCM về xây dựng Đảng', NULL, '1', '6', 2, 'http://bluebee-uet.com/uploads/document/user_id_6/TTHCM ve XD Dang.docx', 1, 1, 1, 'Nguyễn Thế Huy', NULL, 1),
(1235, 'http://bluebee-uet.com/uploads/document/user_id_6/Xac suat thong ke ung dung - k57 - giua ki - thay Hoang.jpg', 'Xác suất thống kê ứng dụng', NULL, 'Xác suất thống kê ứng dụng thầy Hoàng', NULL, '1', '6', 1, 'http://bluebee-uet.com/uploads/document/user_id_6/Xac suat thong ke ung dung - k57 - giua ki - thay Hoang.jpg', 1, 3, 1, 'Nguyễn Thế Huy', NULL, 1),
(1236, 'http://bluebee-uet.com/uploads/document/user_id_6/Giai tich 2_3.jpg', 'Giải tích 2 - tham khảo', NULL, 'Giải tích 2 - tham khảo', NULL, '1', '6', 1, 'http://bluebee-uet.com/uploads/document/user_id_6/Giai tich 2_3.jpg', 1, 1, 1, 'Nguyễn Thế Huy', NULL, 1),
(1237, 'http://bluebee-uet.com/uploads/document/user_id_6/Giai tich 2_Nguyen Hoan Vu_2011-2012.JPG', 'Giải tích 2 - Nguyễn Hoan Vu', NULL, 'Giải tích 2 - Nguyễn Hoan Vu', NULL, '1', '6', 1, 'http://bluebee-uet.com/uploads/document/user_id_6/Giai tich 2_Nguyen Hoan Vu_2011-2012.JPG', 1, 1, 1, 'Nguyễn Thế Huy', NULL, 1),
(1238, 'http://bluebee-uet.com/uploads/document/user_id_6/GK K57 - Co Tran Thu Ha.jpg', 'Giải tích 2 giữa kì cô Trần Thu Hà', NULL, 'Giải tích 2 giữa kì cô Trần Thu Hà', NULL, '1', '6', 1, 'http://bluebee-uet.com/uploads/document/user_id_6/GK K57 - Co Tran Thu Ha.jpg', 1, 1, 1, 'Nguyễn Thế Huy', NULL, 1),
(1239, 'https://imgv2-1-f.scribdassets.com/img/word_document/243801657/220x250/64c5fa7485/1413886555', 'Đề thi nguyên lý hệ điều hành Nguyễn Hải Châu.doc', '243801657', 'Đề thi nguyên lý hệ điều hành Nguyễn Hải Châu', NULL, '1', '6', 2, 'http://bluebee-uet.com/uploads/document/user_id_6/De NLHDH ky 2 2012-2013 thay Nguyen Hai Chau.doc', 1, 4, 1, 'Nguyễn Thế Huy', NULL, 1),
(1240, 'http://bluebee-uet.com/uploads/document/user_id_6/GK Co nhiet K57 - Thay Hoang Nam Nhat.jpg', 'Giữa kì cơ nhiệt Hoàng Nam Nhật', NULL, 'Giữa kì cơ nhiệt Hoàng Nam Nhật', NULL, '1', '6', 1, 'http://bluebee-uet.com/uploads/document/user_id_6/GK Co nhiet K57 - Thay Hoang Nam Nhat.jpg', 1, 2, 1, 'Nguyễn Thế Huy', NULL, 1),
(1241, 'http://bluebee-uet.com/uploads/document/user_id_6/GT2 K57 - Co Tran Thu Ha.jpg', 'Giải tích 2 cuối kì cô Trần Thu Hà', NULL, 'Giải tích 2 cuối kì cô Trần Thu Hà', NULL, '1', '6', 1, 'http://bluebee-uet.com/uploads/document/user_id_6/GT2 K57 - Co Tran Thu Ha.jpg', 1, 1, 1, 'Nguyễn Thế Huy', NULL, 1),
(1242, 'https://imgv2-1-f.scribdassets.com/img/word_document/244365964/220x250/1f2bc8ef80/1414233052', 'Đề tham khảo môn cấu trúc dữ liệu và giải thuật.pdf', '244365964', 'Đề tham khảo môn cấu trúc dữ liệu và giải thuật', NULL, '1', '6', 2, 'http://bluebee-uet.com/uploads/document/user_id_6/Data structure & algorithms (1).pdf', 1, 3, 1, 'Nguyễn Thế Huy', NULL, 1),
(1243, 'https://imgv2-2-f.scribdassets.com/img/word_document/244366217/220x250/5e9b8c61a1/1414233199', 'Đề thi Cấu trúc dữ liệu và giải thuật - cuối kì.pdf', '244366217', 'Đề thi Cấu trúc dữ liệu và giải thuật - cuối kì', NULL, '1', '17', 2, 'http://bluebee-uet.com/uploads/document/user_id_17/DSA 1.pdf', 1, 3, 1, 'Kiên Duy Nguyễn', NULL, 1),
(1244, 'https://imgv2-2-f.scribdassets.com/img/word_document/244366474/220x250/0ef2236bac/1414233368', 'Đề thi Cấu trúc dữ liệu và giải thuật - cuối kì 2.pdf', '244366474', 'Đề thi Cấu trúc dữ liệu và giải thuật - cuối kì 2', NULL, '1', '17', 2, 'http://bluebee-uet.com/uploads/document/user_id_17/DSA 2.pdf', 1, 3, 1, 'Kiên Duy Nguyễn', NULL, 1),
(1245, 'https://imgv2-1-f.scribdassets.com/img/word_document/244366653/220x250/4bff936242/1414233474', 'Đề thi Cấu trúc dữ liệu và giải thuật - cuối kì K52 CA, CB, CC.pdf', '244366653', 'Đề thi Cấu trúc dữ liệu và giải thuật - cuối kì K52 CA, CB, CC', NULL, '1', '17', 2, 'http://bluebee-uet.com/uploads/document/user_id_17/DSA K52.pdf', 1, 3, 1, 'Kiên Duy Nguyễn', NULL, 1),
(1246, 'https://imgv2-2-f.scribdassets.com/img/word_document/244366759/220x250/764c8be869/1414233563', 'Đề thi Cấu trúc dữ liệu và giải thuật - cuối kì K53.pdf', '244366759', 'Đề thi Cấu trúc dữ liệu và giải thuật - cuối kì K53', NULL, '1', '17', 2, 'http://bluebee-uet.com/uploads/document/user_id_17/DSA K53.pdf', 1, 3, 1, 'Kiên Duy Nguyễn', NULL, 1),
(1247, 'https://imgv2-1-f.scribdassets.com/img/word_document/244366809/220x250/5443b72de2/1414233607', 'Đề thi Cấu trúc dữ liệu và giải thuật - cuối kì K56 cô điệp.pdf', '244366809', 'Đề thi Cấu trúc dữ liệu và giải thuật - cuối kì K56 cô điệp', NULL, '1', '17', 2, 'http://bluebee-uet.com/uploads/document/user_id_17/DSA K56 - Co Diep.pdf', 1, 3, 1, 'Kiên Duy Nguyễn', NULL, 1),
(1248, 'https://imgv2-2-f.scribdassets.com/img/word_document/244366910/220x250/cf2db7aec1/1414233659', 'Đề thi Cấu trúc dữ liệu và giải thuật - giữa kì K57 cô điệp.pdf', '244366910', 'Đề thi Cấu trúc dữ liệu và giải thuật - giữa kì K57 cô điệp', NULL, '1', '17', 2, 'http://bluebee-uet.com/uploads/document/user_id_17/GK DSA K57 - Co Diep.pdf', 1, 3, 1, 'Kiên Duy Nguyễn', NULL, 1),
(1249, 'https://imgv2-2-f.scribdassets.com/img/word_document/244392084/220x250/00c46ece04/1414251983', 'Ôn tập phân tích thiết kế hướng đối tượng IBM.pdf', '244392084', 'Ôn tập phân tích thiết kế hướng đối tượng IBM', NULL, '1', '6', 2, 'http://bluebee-uet.com/uploads/document/user_id_6/IBM on tap.pdf', 2, 5, 1, 'Nguyễn Thế Huy', NULL, 1),
(1250, 'http://bluebee-uet.com/uploads/document/user_id_6/Olympic Ly 2014.jpg', 'Chọn đội tuyển Olympic Vật Lý 2014', NULL, 'Chọn đội tuyển Olympic Vật Lý 2014', NULL, '1', '6', 1, 'http://bluebee-uet.com/uploads/document/user_id_6/Olympic Ly 2014.jpg', 1, 1, 1, 'Nguyễn Thế Huy', NULL, 1),
(1251, 'http://bluebee-uet.com/uploads/document/user_id_6/Olympic Toan 2014.jpg', 'Olympic Toan 1', NULL, 'Đề chọn đội tuyển Olympic Toan', NULL, '1', '6', 1, 'http://bluebee-uet.com/uploads/document/user_id_6/Olympic Toan 2014.jpg', 1, 1, 1, 'Nguyễn Thế Huy', NULL, 1),
(1252, 'http://bluebee-uet.com/uploads/document/user_id_6/Olympic Toan 2014 (2).jpg', 'Olympic Toan 2', NULL, 'Đề chọn đội tuyển Olympic Toan', NULL, '1', '6', 1, 'http://bluebee-uet.com/uploads/document/user_id_6/Olympic Toan 2014 (2).jpg', 1, 1, 1, 'Nguyễn Thế Huy', NULL, 1),
(1253, 'http://bluebee-uet.com/uploads/document/user_id_6/Olympic Toan 2014 (3).jpg', 'Olympic Toan 3', NULL, 'Đề chọn đội tuyển Olympic Toan', NULL, '1', '6', 1, 'http://bluebee-uet.com/uploads/document/user_id_6/Olympic Toan 2014 (3).jpg', 1, 1, 1, 'Nguyễn Thế Huy', NULL, 1),
(1254, '/themes/classic/assets/img/document.png', 'Các đề quang học - Đỗ Thị Hương Giang.rar', NULL, 'Các đề quang học - Đỗ Thị Hương Giang', NULL, '1', '6', 3, 'http://bluebee-uet.com/uploads/document/user_id_6/Quang hoc Do Thi Huong Giang.rar', 1, 2, 1, 'Nguyễn Thế Huy', NULL, 1),
(1255, 'https://imgv2-2-f.scribdassets.com/img/word_document/244737387/220x250/20eac24c7a/1414497041', 'Sách đại số Nguyễn Hữu Việt Hưng.pdf', '244737387', 'Sách đại số Nguyễn Hữu Việt Hưng', NULL, '1', '6', 2, 'http://bluebee-uet.com/uploads/document/user_id_6/ebook_dai_so_tuyen_tinh_cua_nguyen_huu_viet_hung.pdf', 1, 2, 1, 'Nguyễn Thế Huy', NULL, 1),
(1256, 'https://imgv2-1-f.scribdassets.com/img/word_document/244752588/220x250/17b3081dd7/1414506156', 'Đề thi CSDL.pdf', '244752588', 'Đề thi cơ sở dữ liệu', NULL, '1', '6', 2, 'http://bluebee-uet.com/uploads/document/user_id_6/CSDL.pdf', 1, 4, 1, 'Nguyễn Thế Huy', NULL, 1),
(1257, 'https://imgv2-1-f.scribdassets.com/img/word_document/244752643/220x250/c5ec598d31/1414506183', 'Đề cơ sở dữ liệu - Thầy Vũ Bá Duy.pdf', '244752643', 'Đề cơ sở dữ liệu - Thầy Vũ Bá Duy', NULL, '1', '6', 2, 'http://bluebee-uet.com/uploads/document/user_id_6/co-so-du-lieu-int-2207-cuoi-ky-1-2012-2013-vu-ba-duy.pdf', 1, 4, 1, 'Nguyễn Thế Huy', NULL, 1),
(1258, 'http://bluebee-uet.com/uploads/document/user_id_6/co so du lieu.jpg', 'Đề thực hành CSDL', NULL, 'Đề thực hành CSDL', NULL, '1', '6', 1, 'http://bluebee-uet.com/uploads/document/user_id_6/co so du lieu.jpg', 1, 4, 1, 'Nguyễn Thế Huy', NULL, 1),
(1259, 'http://bluebee-uet.com/uploads/document/user_id_6/CTDL.jpg', 'Cấu trúc dữ liệu và giải thuật - Thầy Vinh (Tiếng Việt)', NULL, 'Cấu trúc dữ liệu và giải thuật - Thầy Vinh (Tiếng Việt)', NULL, '1', '6', 1, 'http://bluebee-uet.com/uploads/document/user_id_6/CTDL.jpg', 1, 3, 1, 'Nguyễn Thế Huy', NULL, 1),
(1260, 'https://imgv2-1-f.scribdassets.com/img/word_document/244753059/220x250/430bbcd946/1414506416', 'Trọn bộ đề thực hành CSDL.pdf', '244753059', 'Trọn bộ đề thực hành CSDL', NULL, '1', '6', 2, 'http://bluebee-uet.com/uploads/document/user_id_6/TH_CSDL_Final_3_Feb_2013.pdf', 1, 4, 1, 'Nguyễn Thế Huy', NULL, 1),
(1261, '/themes/classic/assets/img/document.png', 'Lab Cơ sở dữ liệu.rar', NULL, 'Lab Cơ sở dữ liệu', NULL, '1', '6', 3, 'http://bluebee-uet.com/uploads/document/user_id_6/Lab.rar', 1, 4, 1, 'Nguyễn Thế Huy', NULL, 1),
(1262, 'http://bluebee-uet.com/uploads/document/user_id_6/DSC03424.JPG', 'Đề thi những nguyên lý cơ bản mac lê nin', NULL, 'Đề thi những nguyên lý cơ bản mac lê nin', NULL, '1', '6', 1, 'http://bluebee-uet.com/uploads/document/user_id_6/DSC03424.JPG', 1, 1, 1, 'Nguyễn Thế Huy', NULL, 1),
(1264, 'https://imgv2-1-f.scribdassets.com/img/word_document/244871636/220x250/dcd2f2d58a/1414587276', 'Đề giữa kì giải tích 1 - thầy Vượng.doc', '244871636', 'Đề giữa kì giải tích 1 - thầy Vượng', NULL, '1', '6', 2, 'http://bluebee-uet.com/uploads/document/user_id_6/de thi giua ky giai tich 1.doc', 1, 2, 1, 'Nguyễn Thế Huy', NULL, 1),
(1265, 'https://imgv2-2-f.scribdassets.com/img/word_document/245318479/220x250/c4a136362f/1414980706', 'Đề thi giữa kì Cấu trúc dữ liệu va giải thuật.pdf', '245318479', 'Đề thi giữa kì Cấu trúc dữ liệu va giải thuật', NULL, '1', '6', 2, 'http://bluebee-uet.com/uploads/document/user_id_6/New Doc 17.pdf', 1, 3, 1, 'Nguyễn Thế Huy', NULL, 1),
(1266, 'http://bluebee-uet.com/uploads/document/user_id_6/cong nghe phan mem 2013-2014.jpg', 'Đề công nghệ phần mềm thầy Phạm Ngọc Hùng', NULL, 'Đề công nghệ phần mềm thầy Phạm Ngọc Hùng', NULL, '1', '6', 1, 'http://bluebee-uet.com/uploads/document/user_id_6/cong nghe phan mem 2013-2014.jpg', 1, 4, 1, 'Nguyễn Thế Huy', NULL, 1),
(1267, 'http://bluebee-uet.com/uploads/document/user_id_6/Toan roi rac De 1 - Phan Hong Thai 2013-2014.jpg', 'Toán rời rạc - Phạm Hồng Thái', NULL, 'Toán rời rạc - Phạm Hồng Thái', NULL, '1', '6', 1, 'http://bluebee-uet.com/uploads/document/user_id_6/Toan roi rac De 1 - Phan Hong Thai 2013-2014.jpg', 1, 4, 1, 'Nguyễn Thế Huy', NULL, 1),
(1268, 'https://imgv2-2-f.scribdassets.com/img/word_document/245472169/220x250/103dd8ea78/1415097279', 'Giữa kì nguyên lý hệ điều hành cô Nguyễn Thị Hậu.pdf', '245472169', 'Giữa kì nguyên lý hệ điều hành cô Nguyễn Thị Hậu', NULL, '1', '6', 2, 'http://bluebee-uet.com/uploads/document/user_id_6/KT-GK-De-3-4 Nguyen Thi Hau 2013 2014.pdf', 1, 4, 1, 'Nguyễn Thế Huy', NULL, 1),
(1269, 'https://imgv2-2-f.scribdassets.com/img/word_document/245472281/220x250/04532eb4a6/1415097390', 'Đề Nguyên lý hệ điều hành - 1.docx', '245472281', 'Đề Nguyên lý hệ điều hành - 1', NULL, '1', '6', 2, 'http://bluebee-uet.com/uploads/document/user_id_6/de thi nlhdh.docx', 1, 4, 1, 'Nguyễn Thế Huy', NULL, 1),
(1270, 'http://bluebee-uet.com/uploads/document/user_id_6/Signals and Systems_Midterm.JPG', 'Đề tín hiệu và hệ thống', NULL, 'Đề tín hiệu và hệ thống', NULL, '1', '6', 1, 'http://bluebee-uet.com/uploads/document/user_id_6/Signals and Systems_Midterm.JPG', 1, 3, 1, 'Nguyễn Thế Huy', NULL, 1);

-- --------------------------------------------------------

--
-- Table structure for table `tbl_faculty`
--

CREATE TABLE IF NOT EXISTS `tbl_faculty` (
  `faculty_id` int(11) NOT NULL AUTO_INCREMENT,
  `faculty_university` int(11) DEFAULT NULL,
  `faculty_name` varchar(200) DEFAULT NULL,
  `faculty_code` varchar(200) DEFAULT NULL,
  `faculty_active` int(11) DEFAULT NULL,
  `faculty_research` text,
  `faculty_lab` text,
  PRIMARY KEY (`faculty_id`)
) ENGINE=InnoDB  DEFAULT CHARSET=utf8 AUTO_INCREMENT=8 ;

--
-- Dumping data for table `tbl_faculty`
--

INSERT INTO `tbl_faculty` (`faculty_id`, `faculty_university`, `faculty_name`, `faculty_code`, `faculty_active`, `faculty_research`, `faculty_lab`) VALUES
(1, NULL, 'Công nghệ thông tin', NULL, 1, '<ul>\r\n	<li>- &nbsp; &nbsp;Lĩnh vực&nbsp;M&aacute;y t&iacute;nh</li>\r\n	<li>- &nbsp; &nbsp;Lĩnh vực&nbsp;C&ocirc;ng nghệ th&ocirc;ng tin</li>\r\n</ul>', '<ul>\r\n	<li><a href="http://fit.uet.vnu.edu.vn/?q=content/b%E1%BB%99-m%C3%B4n-c%C3%A1c-h%E1%BB%87-th%E1%BB%91ng-th%C3%B4ng-tin">Bộ m&ocirc;n C&aacute;c Hệ thống Th&ocirc;ng tin</a></li>\r\n	<li><a href="http://fit.uet.vnu.edu.vn/?q=content/b%E1%BB%99-m%C3%B4n-c%C3%B4ng-ngh%E1%BB%87-ph%E1%BA%A7n-m%E1%BB%81m">Bộ m&ocirc;n C&ocirc;ng nghệ Phần mềm</a></li>\r\n	<li><a href="http://fit.uet.vnu.edu.vn/?q=content/b%E1%BB%99-m%C3%B4n-khoa-h%E1%BB%8Dc-m%C3%A1y-t%C3%ADnh">Bộ m&ocirc;n Khoa học M&aacute;y t&iacute;nh</a></li>\r\n	<li>Bộ m&ocirc;n Khoa học v&agrave; Kỹ thuật t&iacute;nh to&aacute;n</li>\r\n	<li><a href="http://fit.uet.vnu.edu.vn/?q=content/b%E1%BB%99-m%C3%B4n-truy%E1%BB%81n-th%C3%B4ng-v%C3%A0-m%E1%BA%A1ng-m%C3%A1y-t%C3%ADnh">Bộ m&ocirc;n Truyền th&ocirc;ng v&agrave; Mạng M&aacute;y t&iacute;nh</a></li>\r\n	<li>Ph&ograve;ng Th&iacute; nghiệm An to&agrave;n th&ocirc;ng tin</li>\r\n	<li><a href="http://fit.uet.vnu.edu.vn/?q=content/ph%C3%B2ng-th%C3%AD-nghi%E1%BB%87m-c%C3%B4ng-ngh%E1%BB%87-tri-th%E1%BB%A9c">Ph&ograve;ng Th&iacute; nghiệm C&ocirc;ng nghệ Tri thức</a></li>\r\n	<li><a href="http://fit.uet.vnu.edu.vn/?q=content/ph%C3%B2ng-th%C3%AD-nghi%E1%BB%87m-h%E1%BB%87-th%E1%BB%91ng-nh%C3%BAng">Ph&ograve;ng Th&iacute; nghiệm Hệ thống Nh&uacute;ng</a></li>\r\n	<li><a href="http://fit.uet.vnu.edu.vn/?q=content/ph%C3%B2ng-th%C3%AD-nghi%E1%BB%87m-t%C6%B0%C6%A1ng-t%C3%A1c-ng%C6%B0%E1%BB%9Di-%E2%80%93-m%C3%A1y">Ph&ograve;ng Th&iacute; nghiệm Tương t&aacute;c Người &ndash; M&aacute;y</a></li>\r\n</ul>'),
(2, NULL, 'Điện tử viễn thông', NULL, 1, NULL, NULL),
(3, NULL, 'Vật lý kỹ thuật', NULL, 1, NULL, '<div>\r\n	4 Bộ m&ocirc;n:</div>\r\n<ul>\r\n	<li>\r\n		<span style="color: rgb(68, 68, 68); font-family: ''times new roman'', times; font-size: medium; line-height: 19.2000007629395px; text-align: justify;">Bộ m&ocirc;n C&ocirc;ng nghệ quang tử</span></li>\r\n	<li>\r\n		<span style="color: rgb(68, 68, 68); font-family: ''times new roman'', times; font-size: medium; line-height: 19.2000007629395px; text-align: justify;">Bộ m&ocirc;n Vật liệu v&agrave; linh kiện từ t&iacute;nh nano</span></li>\r\n	<li>\r\n		<span style="color: rgb(68, 68, 68); font-family: ''times new roman'', times; font-size: medium; line-height: 19.2000007629395px; text-align: justify;">Bộ m&ocirc;n Vật liệu v&agrave; linh kiện b&aacute;n dẫn nano</span></li>\r\n	<li>\r\n		<span style="color: rgb(68, 68, 68); font-family: ''times new roman'', times; font-size: medium; line-height: 19.2000007629395px; text-align: justify;">Bộ m&ocirc;n C&ocirc;ng nghệ nano sinh học</span></li>\r\n</ul>\r\n<p>\r\n	3 Ph&ograve;ng th&iacute; nghiệm:</p>\r\n<ul>\r\n	<li>\r\n		<span style="color: rgb(68, 68, 68); font-family: ''times new roman'', times; font-size: medium; line-height: 19.2000007629395px; text-align: justify;">Ph&ograve;ng Th&iacute; nghiệm C&ocirc;ng nghệ quang tử</span></li>\r\n	<li>\r\n		<span style="color: rgb(68, 68, 68); font-family: ''times new roman'', times; font-size: medium; line-height: 19.2000007629395px; text-align: justify;">Ph&ograve;ng Th&iacute; nghiệm Vật liệu v&agrave; linh kiện lai nano</span></li>\r\n	<li>\r\n		<span style="color: rgb(68, 68, 68); font-family: ''times new roman'', times; font-size: medium; line-height: 19.2000007629395px; text-align: justify;">Ph&ograve;ng Th&iacute; nghiệm của Bộ m&ocirc;n Vật liệu v&agrave; linh kiện từ t&iacute;nh nano</span></li>\r\n</ul>'),
(4, NULL, 'Cơ học kĩ thuật và Tự động hóa', NULL, 1, '<p>\r\n	- Lĩnh vực Tự động h&oacute;a</p>\r\n<p>\r\n	- Lĩnh vực Cơ học</p>', '<p>\r\n	Bộ m&ocirc;n C&ocirc;ng nghệ Cơ điện tử</p>\r\n<p>\r\n	Bộ m&ocirc;n C&ocirc;ng nghệ Biển v&agrave; M&ocirc;i trường</p>\r\n<p>\r\n	Bộ m&ocirc;n H&agrave;ng kh&ocirc;ng vũ trụ</p>\r\n<p>\r\n	Bộ m&ocirc;n Thủy kh&iacute; c&ocirc;ng nghiệp v&agrave; M&ocirc;i trường</p>'),
(6, 1, 'Hệ thống thông tin', NULL, 1, NULL, NULL),
(7, 1, 'Truyền thông và mạng máy tính', NULL, 1, NULL, NULL);

-- --------------------------------------------------------

--
-- Table structure for table `tbl_lesson`
--

CREATE TABLE IF NOT EXISTS `tbl_lesson` (
  `lesson_id` int(10) NOT NULL AUTO_INCREMENT,
  `lesson_active` int(10) DEFAULT NULL,
  `lesson_weeks` varchar(100) DEFAULT NULL,
  `lesson_subject` int(10) DEFAULT NULL,
  `lesson_name` varchar(300) CHARACTER SET utf8 DEFAULT NULL,
  `lesson_info` varchar(500) CHARACTER SET utf8 DEFAULT NULL,
  `lesson_doc` varchar(200) DEFAULT NULL,
  PRIMARY KEY (`lesson_id`)
) ENGINE=InnoDB  DEFAULT CHARSET=latin1 AUTO_INCREMENT=8 ;

--
-- Dumping data for table `tbl_lesson`
--

INSERT INTO `tbl_lesson` (`lesson_id`, `lesson_active`, `lesson_weeks`, `lesson_subject`, `lesson_name`, `lesson_info`, `lesson_doc`) VALUES
(1, 1, '1', 28, 'Course Introduction, Introduction to C/C++ (Giới thiệu C/C++)', 'Trong bài học này các bạn sẽ làm quen với những khái niệm cơ bản của C/C++, môi trường lập trình và các quy tắc căn bản khi làm việc với ngôn ngữ', NULL),
(2, 1, '2', 28, 'Data types and variables (Kiểu dữ liệu và biến)', 'Bài giảng nói về các kiểu dữ liệu cũng như biến trong C/C++', NULL),
(3, 1, '3', 28, 'Control Flow (Các cấu trúc điều khiển)', 'Các cấu trúc điều khiển là một phần quan trọng đối với mỗi ngôn ngữ lập trình. Bạn sẽ được làm quen với những khái niệm đơn giản nhất về nó trong C/C++', NULL),
(4, 1, '4', 28, 'Functions (Hàm)', 'Hàm - Cách tổ chức code dưới dạng hàm luôn là điều quan trọng khi lập trình', NULL),
(5, 1, '5', 28, 'Arrays (Mảng)', 'Một loại cấu trúc dữ liệu căn bản và phổ biến với mọi ngôn ngữ lập trình', NULL),
(6, 1, '6', 28, 'Pointers and Strings (Con trỏ và chuỗi)', 'Các bạn sẽ hiểu thế nào là con trỏ trong C/C++, và làm cách nào xử lý một chuỗi trong ngôn ngữ này', NULL),
(7, 1, '7', 28, 'Structures (cấu trúc)', 'Làm quen với các kiểu dữ liệu có cấu trúc', NULL);

-- --------------------------------------------------------

--
-- Table structure for table `tbl_lesson_doc`
--

CREATE TABLE IF NOT EXISTS `tbl_lesson_doc` (
  `id` int(11) NOT NULL AUTO_INCREMENT,
  `lesson_id` int(11) DEFAULT NULL,
  `doc_id` int(11) DEFAULT NULL,
  `active` int(11) DEFAULT NULL,
  PRIMARY KEY (`id`)
) ENGINE=InnoDB  DEFAULT CHARSET=latin1 AUTO_INCREMENT=3 ;

--
-- Dumping data for table `tbl_lesson_doc`
--

INSERT INTO `tbl_lesson_doc` (`id`, `lesson_id`, `doc_id`, `active`) VALUES
(1, 1, 14, 1),
(2, 1, 29, 1);

-- --------------------------------------------------------

--
-- Table structure for table `tbl_lesson_video`
--

CREATE TABLE IF NOT EXISTS `tbl_lesson_video` (
  `id` int(11) NOT NULL AUTO_INCREMENT,
  `lesson_id` int(11) DEFAULT NULL,
  `video_link` varchar(200) DEFAULT NULL,
  `active` int(11) DEFAULT NULL,
  PRIMARY KEY (`id`)
) ENGINE=InnoDB  DEFAULT CHARSET=latin1 AUTO_INCREMENT=3 ;

--
-- Dumping data for table `tbl_lesson_video`
--

INSERT INTO `tbl_lesson_video` (`id`, `lesson_id`, `video_link`, `active`) VALUES
(1, 1, '//www.youtube-nocookie.com/embed/34lih_w_DM4', 1),
(2, 1, '//www.youtube-nocookie.com/embed/AWliApDc61w', 1);

-- --------------------------------------------------------

--
-- Table structure for table `tbl_news`
--

CREATE TABLE IF NOT EXISTS `tbl_news` (
  `news_id` int(11) NOT NULL AUTO_INCREMENT,
  `news_university` int(11) DEFAULT NULL,
  `news_title` int(11) DEFAULT NULL,
  `news_content` varchar(1000) DEFAULT NULL,
  `news_active` int(11) DEFAULT NULL,
  PRIMARY KEY (`news_id`)
) ENGINE=InnoDB DEFAULT CHARSET=utf8 AUTO_INCREMENT=1 ;

-- --------------------------------------------------------

--
-- Table structure for table `tbl_post`
--

CREATE TABLE IF NOT EXISTS `tbl_post` (
  `post_id` int(11) NOT NULL AUTO_INCREMENT,
  `post_author` int(11) DEFAULT NULL,
  `post_date` timestamp NULL DEFAULT NULL,
  `post_content` varchar(500) DEFAULT NULL,
  `post_title` varchar(200) DEFAULT NULL,
  `post_active` int(11) DEFAULT NULL,
  `post_rate` int(11) DEFAULT NULL,
  `post_type` varchar(45) DEFAULT NULL,
  `post_class` int(11) DEFAULT NULL,
  `post_group` int(11) DEFAULT NULL,
  PRIMARY KEY (`post_id`)
) ENGINE=InnoDB  DEFAULT CHARSET=utf8 AUTO_INCREMENT=8 ;

--
-- Dumping data for table `tbl_post`
--

INSERT INTO `tbl_post` (`post_id`, `post_author`, `post_date`, `post_content`, `post_title`, `post_active`, `post_rate`, `post_type`, `post_class`, `post_group`) VALUES
(1, 5, '0000-00-00 00:00:00', 'nothing', NULL, 1, NULL, 'class_post', NULL, NULL),
(2, NULL, '0000-00-00 00:00:00', 'khoa', NULL, 1, NULL, 'class_post', 1, NULL),
(3, NULL, '0000-00-00 00:00:00', 'long', NULL, 1, NULL, 'class_post', 1, NULL),
(4, NULL, '0000-00-00 00:00:00', 'phong', NULL, 1, NULL, 'class_post', 1, NULL),
(5, NULL, '0000-00-00 00:00:00', 'llll', NULL, 1, NULL, 'class_post', 1, NULL),
(6, NULL, '0000-00-00 00:00:00', 'khoa', NULL, 1, NULL, 'class_post', 1, NULL),
(7, NULL, '0000-00-00 00:00:00', 'long', NULL, 1, NULL, 'class_post', 1, NULL);

-- --------------------------------------------------------

--
-- Table structure for table `tbl_program`
--

CREATE TABLE IF NOT EXISTS `tbl_program` (
  `program_id` int(2) NOT NULL AUTO_INCREMENT,
  `program_name` varchar(200) DEFAULT NULL,
  `program_credits` int(4) DEFAULT NULL,
  `program_year` int(4) DEFAULT NULL,
  `program_active` int(2) DEFAULT NULL,
  `program_code` varchar(200) DEFAULT NULL,
  PRIMARY KEY (`program_id`)
) ENGINE=InnoDB DEFAULT CHARSET=latin1 AUTO_INCREMENT=1 ;

-- --------------------------------------------------------

--
-- Table structure for table `tbl_program_subject`
--

CREATE TABLE IF NOT EXISTS `tbl_program_subject` (
  `id` int(19) NOT NULL AUTO_INCREMENT,
  `program_id` int(19) DEFAULT NULL,
  `subject_id` int(10) DEFAULT NULL,
  `is_active` int(10) DEFAULT NULL,
  PRIMARY KEY (`id`)
) ENGINE=InnoDB DEFAULT CHARSET=latin1 AUTO_INCREMENT=1 ;

-- --------------------------------------------------------

--
-- Table structure for table `tbl_subject`
--

CREATE TABLE IF NOT EXISTS `tbl_subject` (
  `subject_id` int(11) NOT NULL AUTO_INCREMENT,
  `subject_name` varchar(100) DEFAULT NULL,
  `subject_code` varchar(45) DEFAULT NULL,
  `subject_active` varchar(45) DEFAULT NULL,
  `subject_university` varchar(45) DEFAULT NULL,
  `subject_type` int(3) DEFAULT NULL,
  `subject_year` int(3) DEFAULT NULL,
  `subject_credits` int(3) DEFAULT NULL,
  `subject_credit_hour` varchar(100) DEFAULT NULL,
  `subject_requirement` varchar(500) DEFAULT NULL,
  `subject_target` varchar(3000) DEFAULT NULL,
  `subject_info` varchar(1000) DEFAULT NULL,
  `subject_test` varchar(1000) DEFAULT NULL,
  `subject_faculty` int(12) DEFAULT NULL,
  `subject_dept` int(12) DEFAULT NULL,
  `subject_content` text,
  `subject_general_faculty_id` int(3) DEFAULT NULL,
  PRIMARY KEY (`subject_id`)
) ENGINE=InnoDB  DEFAULT CHARSET=utf8 AUTO_INCREMENT=80 ;

--
-- Dumping data for table `tbl_subject`
--

INSERT INTO `tbl_subject` (`subject_id`, `subject_name`, `subject_code`, `subject_active`, `subject_university`, `subject_type`, `subject_year`, `subject_credits`, `subject_credit_hour`, `subject_requirement`, `subject_target`, `subject_info`, `subject_test`, `subject_faculty`, `subject_dept`, `subject_content`, `subject_general_faculty_id`) VALUES
(1, 'Những nguyên lý cơ bản của chủ nghĩa Mác – Lênin 1', 'PHI1004', '1', NULL, 1, NULL, 2, '21 - 5 - 4', 'Dùng cho sinh viên khối không chuyên ngành Mác-Lênin, tư tưởng Hồ Chí Minh trình độ đại học, cao đẳng.', '<p>M&ocirc;n học Những nguy&ecirc;n l&yacute; cơ bản của chủ nghĩa M&aacute;c-L&ecirc;nin nhằm gi&uacute;p cho sinh vi&ecirc;n:</p>\r\n\r\n<p>- X&aacute;c lập cơ sở l&yacute; luận cơ bản nhất để từ đ&oacute; c&oacute; thể tiếp cận được nội dung m&ocirc;n học Tư tưởng Hồ Ch&iacute; Minh v&agrave; Đường lối c&aacute;ch mạng của Đảng Cộng sản Việt Nam, hiểu biết nền tảng tư tưởng của Đảng;</p>\r\n\r\n<p>- X&acirc;y dựng niềm tin, l&yacute; tưởng c&aacute;ch mạng cho sinh vi&ecirc;n;</p>\r\n\r\n<p>- Từng bước x&aacute;c lập thế giới quan, nh&acirc;n sinh quan v&agrave; phương ph&aacute;p luận chung nhất để tiếp cận c&aacute;c khoa học chuy&ecirc;n ng&agrave;nh được đ&agrave;o tạo.</p>', NULL, NULL, 1, 1, 'Ngoài 1 chương mở đầu nhằm giới thiệu khái lược về chủ nghĩa Mác-Lênin và một số vấn đề chung của môn học. Căn cứ vào mục tiêu môn học, nội dung chương trình môn học được cấu trúc thành 3 phần, 9 chương: Phần thứ nhất có 3 chương bao quát những nội dung cơ bản về thế giới quan và phương pháp luận của chủ nghĩa Mác-Lênin; phần thứ hai có 3 chương trình bày ba nội dung trọng tâm thuộc học thuyết kinh tế của chủ nghĩa Mác-Lênin về phương thức sản xuất tư bản chủ nghĩa; phần thứ ba có 3 chương, trong đó có 2 chương khái quát những nội dung cơ bản thuộc lý luận của chủ nghĩa Mác-Lênin về chủ nghĩa xã hội và 1 chương khái quát chủ nghĩa xã hội hiện thực và triển vọng.', 1),
(2, 'Những nguyên lý cơ bản của chủ nghĩa Mác – Lênin 2', 'PHI1004', '1', NULL, 1, NULL, 3, '32 - 8 - 5 ', 'Dùng cho sinh viên khối không chuyên ngành Mác-Lênin, tư tưởng Hồ Chí Minh trình độ đại học, cao đẳng.', '<p>M&ocirc;n học Những nguy&ecirc;n l&yacute; cơ bản của chủ nghĩa M&aacute;c-L&ecirc;nin nhằm gi&uacute;p cho sinh vi&ecirc;n:</p>\r\n\r\n<p>- X&aacute;c lập cơ sở l&yacute; luận cơ bản nhất để từ đ&oacute; c&oacute; thể tiếp cận được nội dung m&ocirc;n học Tư tưởng Hồ Ch&iacute; Minh v&agrave; Đường lối c&aacute;ch mạng của Đảng Cộng sản Việt Nam, hiểu biết nền tảng tư tưởng của Đảng;</p>\r\n\r\n<p>- X&acirc;y dựng niềm tin, l&yacute; tưởng c&aacute;ch mạng cho sinh vi&ecirc;n;</p>\r\n\r\n<p>- Từng bước x&aacute;c lập thế giới quan, nh&acirc;n sinh quan v&agrave; phương ph&aacute;p luận chung nhất để tiếp cận c&aacute;c khoa học chuy&ecirc;n ng&agrave;nh được đ&agrave;o tạo.</p>', NULL, NULL, 1, 1, 'Ngoài 1 chương mở đầu nhằm giới thiệu khái lược về chủ nghĩa Mác-Lênin và một số vấn đề chung của môn học. Căn cứ vào mục tiêu môn học, nội dung chương trình môn học được cấu trúc thành 3 phần, 9 chương: Phần thứ nhất có 3 chương bao quát những nội dung cơ bản về thế giới quan và phương pháp luận của chủ nghĩa Mác-Lênin; phần thứ hai có 3 chương trình bày ba nội dung trọng tâm thuộc học thuyết kinh tế của chủ nghĩa Mác-Lênin về phương thức sản xuất tư bản chủ nghĩa; phần thứ ba có 3 chương, trong đó có 2 chương khái quát những nội dung cơ bản thuộc lý luận của chủ nghĩa Mác-Lênin về chủ nghĩa xã hội và 1 chương khái quát chủ nghĩa xã hội hiện thực và triển vọng.', 1),
(3, 'Đại số', 'MAT1093', '1', NULL, 2, NULL, 4, '45 - 15', NULL, '<p>- Trang bị cho sinh vi&ecirc;n những kh&aacute;i niệm v&agrave; kỹ năng cơ bản nhất của Đại số tuyến t&iacute;nh một trong những m&ocirc;n cơ sở của To&aacute;n học, tạo điều kiện để học tập, nghi&ecirc;n cứu c&aacute;c m&ocirc;n học kh&aacute;c.</p>\r\n\r\n<p>- Gi&uacute;p sinh vi&ecirc;n hiểu được c&aacute;c kiến thức cơ bản của Đại số tuyến t&iacute;nh, li&ecirc;n hệ với những kiến thức đ&atilde; học ở bậc phổ th&ocirc;ng, biết c&aacute;ch tự hệ thống ho&aacute; kiến thức, t&igrave;m t&ograve;i mở rộng th&ecirc;m c&aacute;c kiến thức cơ bản để phục vụ c&ocirc;ng t&aacute;c sau n&agrave;y.</p>', NULL, NULL, 1, 1, 'Đại số tuyến tính là một trong những môn học đầu tiên của Toán học trừu tượng, sinh viên cần nắm vững các khái niệm, hình dung chính xác các khái niệm đó trong những tình huống cụ thể, biết vận dụng các kết quả mới. Phần đầu chương trình ôn tập lại các khái niệm về tập hợp và ánh xạ, sau đó giới thiệu một số cấu trúc đại số như nhóm, vành, trường. Một thời lượng đáng kể dành cho việc giới thiệu trường số phức, các tính chất của số phức, đa thức và phân thức hữu tỉ thực. Chương III là lý thuyết về ma trận, định thức và hệ phương trình tuyến tính. Ở chương này sinh viên sẽ được ôn lại cách giải hệ phương trình tuyến tính đã học từ chương trình phổ thông. Tuy vậy toàn bộ lý thuyết sẽ được trình bày một cách có hệ thống và ở một ngôn ngữ tổng quát. Chương IV gồm những vấn đề cơ bản của không gian véc tơ, không gian Euclid. Đây có thể coi như những tổng quát hóa lên trường hợp nhiều chiều của các khái niệm mặt phẳng toạ độ, hệ toạ độ trong không gian mà sinh viên đã nắm vững từ bậc phổ thông. Chương V khảo sát một số tính chất quan trọng của ánh xạ tuyến tính, toán tử tuyến tính trong không gian véc tơ hữu hạn chiều, phép biến đổi trực giao, dạng song tuyến tính, dạng toàn phương toán tử tự liên hợp (hay phép biến đổi đối xứng). Chương VI dành cho áp dụng lí thuyết không gian véc tơ Euclid, dạng toàn phương vào việc khảo sát một số vấn đề của hình học giải tích như phân loại các đường bậc hai, mặt bậc hai.', 1),
(4, 'Giải tích 1', 'MAT1094', '1', NULL, 2, NULL, 5, '50 - 25', NULL, '<p>- Trang bị cho sinh vi&ecirc;n những kh&aacute;i niệm v&agrave; cơ bản nhất Giải t&iacute;ch một biến số, một trong những m&ocirc;n cơ sở của To&aacute;n học, tạo điều kiện để học tập, nghi&ecirc;n cứu c&aacute;c m&ocirc;n học kh&aacute;c.</p>\r\n\r\n<p>- Gi&uacute;p sinh vi&ecirc;n hiểu được c&aacute;c kiến thức cơ bản của Giải t&iacute;ch một biến số, li&ecirc;n hệ với những kiến thức đ&atilde; học ở bậc phổ th&ocirc;ng, biết c&aacute;ch tự hệ thống ho&aacute; kiến thức, t&igrave;m t&ograve;i mở rộng th&ecirc;m c&aacute;c kiến thức cơ bản để phục vụ c&ocirc;ng t&aacute;c sau n&agrave;y.</p>', NULL, NULL, 1, 1, 'Môn học giới thiệu các khái niệm về tập hợp và ánh xạ, giới hạn của dãy số và hàm số, hàm liên tục và hàm sơ cấp, các hàm ngược và hàm hyperbolic, các khái niệm về đạo hàm và vi phân của hàm một biến, các định lí cơ bản về hàm khả vi, nguyên hàm và tích phân, tích phân suy rộng với cận vô hạn hoặc với hàm không bị chặn, lí thuyết về chuỗi số, chuỗi hàm tổng quát, chuỗi lũy thừa và chuỗi Fourier.', 1),
(5, 'Tín hiệu và hệ thống', 'ELT2035', '1', NULL, 3, NULL, 3, '42 - 3', NULL, 'Các khái niệm cơ sở về các loại tín hiệu và hệ thống tuyến tính bất biến, các phương pháp biểu diễn và phân tích tín hiệu và hệ thống tuyến tính bất biến; sử dụng các phương pháp và các công cụ tính toán cho việc biểu diễn và phân tích tín hiệu và hệ thống, phân tích, giải quyết và trình bày các vấn đề có liên quan tới chủ đề của môn học.', NULL, NULL, 1, 1, 'Phân loại tín hiệu và hệ thống, các loại tín hiệu cơ sở, các mô hình hệ thống, biểu diễn hệ thống tuyến tính bất biến trong miền thời gian, biểu diễn Fourier và áp dụng cho tín hiệu và hệ thống tuyến tính bất biến, biến đổi Laplace và áp dụng cho phân tích hệ thống tuyến tính bất biến liên tục, biến đổi Z và áp dụng cho phân tích hệ thống tuyến tính bất biến rời rạc.', 1),
(6, 'Cấu trúc dữ liệu và giải thuật', 'INT2203', '1', NULL, 3, NULL, 3, '30 - 15', NULL, 'Biết mô tả và cài đặt được các cấu trúc dữ liệu đơn giản như mảng, bản ghi, hàng đợi, găn xếp, ...; biết mô tả và cài đặt được các cấu trúc dữ liệu phức tạp như cây, mảng băm; biết mô tả và cài đặt được các thuật toán sắp xếp, tìm kiếm; biết mô tả và cài đặt được các thuật trên đồ thị như thuật toán tìm đường đi ngắn nhất, thuật toán tìm các thành phần liên thông, các thuật toán tìm kiếm và duyệt trên cây và đồ thị; có khả năng ứng dụng các cấu trúc dữ liệu và giải thuật để giải quyết các bài toán trong CNTT.', NULL, NULL, 1, 1, 'Môn học cung cấp các kiến thức nền tảng về các cấu trúc dữ liệu cũng như các thuật toán cho sinh viên. Phần đầu của môn học, sinh viên được học các cấu trúc dữ liệu cơ bản như hàng đợi, ngăn xếp cho đến các cấu trúc dữ liệu phức tạp như cây,  mảng băm. Phần còn lại của môn học trang bị cho sinh viên các thuật toán từ đơn giản đến phức tạp để giải quyết một loạt các bài toán cơ bản như sắp xếp, tìm kiếm, các bài toán trên đồ thị hay trên cây.', 1),
(7, 'Lập trình hướng đổi tượng', 'INT2204', '1', NULL, 4, NULL, 3, '30 - 15', NULL, 'Hiểu các nguyên lý cơ bản của thiết kế hướng đối tượng; hiểu các vấn đề căn bản và một số vấn đề nâng cao trong việc viết các lớp và phương thức như bản chất của đối tượng và tham chiếu đối tượng, dữ liệu và quyền truy nhập, biến và phạm vi; hiểu các quan niệm nằm sau cây thừa kế, đa hình, và việc lập trình theo interface; hiểu nguyên lý hoạt động của các ngoại lệ và các dòng vào ra cơ bản; hắm được khái niệm căn bản về lập trình tổng quát và làm quen với các cấu trúc dữ liệu tổng quát; hó khả năng đưa ra một giải pháp lập trình hướng đối tượng cho các bài toán ở quy mô tương đối đơn giản; hiểu được sơ đồ lớp bằng ngôn ngữ đặc tả UML với cú pháp cơ bản; có khả năng cài đặt một thiết kế hướng đối tượng cho trước bằng ngôn ngữ Java.', NULL, NULL, 1, 1, 'Môn học đi sâu giới thiệu cách tiếp cận hướng đối tượng đối với việc lập trình, với ngôn ngữ minh họa là Java. Mục tiêu là giúp cho sinh viên có được một hiểu biết tốt về các khái niệm cơ bản của lập trình hướng đối tượng như đối tượng, lớp, phương thức, thừa kế, đa hình, và interface, đi kèm theo là các nguyên lý căn bản về trừu tượng hóa, tính mô-đun và tái sử dụng trong thiết kế hướng đối tượng..', 1),
(8, 'Kiến trúc máy tính', 'INT2205', '1', NULL, 4, NULL, 3, '45', NULL, 'Nắm vững kiến thức về cổng lôgic số, hàm lôgic, mạch lôgic tổ hợp đơn giản từ các cổng logic, các latch, flip-flop, và các mạch lôgic tuần tự đơn giản; nắm vững các nguyên lý vào ra dữ liệu của máy tính; nắm vững kiến trúc tổng quan của bộ vi xử lý - các thành phần và giao tiếp giữa các thành phần; nắm vững các khái niệm của một kiến trúc tập lệnh - Instruction Set Architecture (ISA), khái niệm ngắt và sự hỗ trợ của phần cứng, khái niệm hợp ngữ và quan hệ giữa hợp ngữ và các lệnh máy, khái niệm về máy ảo và bộ nhớ ảo.', NULL, NULL, 1, 1, 'Cung cấp cho sinh viên các kiến thức về: Các biểu diễn số trong máy tính. Cổng lôgic số, hàm lôgic, mạch lôgic tổ hợp đơn giản từ các cổng logic, các latch, flip-flop, và các mạch lôgic tuần tự đơn giản. Cây phả hệ bộ nhớ trong máy tính (từ các thanh ghi tới vùng lưu trữ thứ cấp) và đặc điểm của các loại bộ nhớ khác nhau. Các nguyên lý vào ra dữ liệu của máy tính. Kiến trúc tổng quan của bộ vi xử lý - các thành phần và giao tiếp giữa các thành phần. Sự khác nhau giữa kiến trúc macroarchitecture và microarchitecture của một CPU và hoạt động của một chu trình fetch-execute. Khái niệm của một kiến trúc tập lệnh - Instruction Set Architecture (ISA). Khái niệm ngắt và sự hỗ trợ của phần cứng. Khái niệm hợp ngữ và quan hệ giữa hợp ngữ và các lệnh máy. Khái niệm về máy ảo và bộ nhớ ảo.', 1),
(9, 'Lập trình nâng cao', 'INT2202', '1', NULL, 5, NULL, 3, '30 - 15', NULL, 'Hiểu các khái niệm và biết vận dụng các kỹ thuật trong lập trình để biểu diễn bài toán và giải quyết bài toán bằng lập trình; hiểu các khái niệm cơ bản trong lập trình hướng đối tượng, có khả năng lập trình các bài toán cơ bản bằng lập trình hướng đối tượng trong C++; có khả năng lập trình với nhiều loại cấu trúc dữ liệu phức tạp và các kỹ thuật khó. Các kiểu dữ liệu như Xâu, Mảng nhiều chiều, Cấu trúc và Lớp. Các kỹ thuật lập trình khó như hàm đệ qui, xử lý trên xâu, xây dựng lớp và đối tượng, xây dựng các hàm mẫu.', NULL, NULL, 1, 1, 'Cung cấp cho sinh viên các kiến thức cơ bản và nâng cao về cách giải quyết các bài toán bằng lập trình. Giới thiệu các khái niệm và cấu trúc lập trình căn bản để giải quyết bài toán (minh hoạ trên ngôn ngữ C++): biến, kiểu dữ liệu, biểu thức, phép gán, vào ra dữ liệu đơn giản; các cấu trúc lặp và điều kiện, phân rã cấu trúc; làm việc với tệp; khái niệm hàm và sử dụng hàm. Giới thiệu các khái niệm và kỹ thuật nâng cao trong lập trình: làm việc với dữ liệu có cấu trúc; kỹ thuật đệ qui; kiểu dữ liệu trừu tượng; khuôn mẫu hàm; các khái niệm và kỹ thuật cơ bản trong lập trình hướng đối tượng; lập trình trên nhiều tệp. Thực hành trên ngôn ngữ lập trình hướng đối tượng C++. ', 0),
(10, 'Trí tuệ nhân tạo(bắt buộc)', 'INT3401', '1', NULL, 5, NULL, 3, '45', NULL, '<p>\r\n	Biết m&ocirc; tả v&agrave; biễu diễn c&aacute;c y&ecirc;u cầu của một b&agrave;i to&aacute;n thực tế dưới dạng b&agrave;i to&aacute;n t&igrave;m kiếm; hiểu v&agrave; vận dụng được c&aacute;c chiến lược t&igrave;m kiếm m&ugrave; v&agrave; t&igrave;m kiếm c&oacute; kinh nghiệm; biết sử dụng logic mệnh đề v&agrave; logic vị từ để biểu diễn tri thức; hiểu v&agrave; biết sử dụng c&aacute;c luật ph&acirc;n giải v&agrave; suy diễn; hiểu v&agrave; biết sử dụng c&aacute;c phương ph&aacute;p học m&aacute;y.</p>', NULL, NULL, 1, 1, '<p>\r\n	M&ocirc;n học cung cấp c&aacute;c kiến thức nền tảng trong lĩnh vực tr&iacute; tuệ nh&acirc;n tạo bao gồm c&aacute;c phương ph&aacute;p giải quyết vấn để sử dụng phương ph&aacute;p t&igrave;m kiếm, c&aacute;c chiến lược t&igrave;m kiếm c&oacute; kinh nghiệm, t&igrave;m kiếm thỏa m&atilde;n r&agrave;ng buộc, t&igrave;m kiếm c&oacute; đối thủ trong tr&ograve; chơi, c&aacute;c phương ph&aacute;p biểu diễn tri thức v&agrave; lập luận tự động, lập luận kh&ocirc;ng chắc chắn. Người học được giới thiệu c&aacute;c kh&aacute;i niệm v&agrave; kỹ thuật cơ bản về học m&aacute;y. M&ocirc;n học cũng giới thiệu với người học một số c&ocirc;ng cụ để x&acirc;y dựng c&aacute;c hệ thống th&ocirc;ng minh.</p>', NULL),
(11, 'Thực tập chuyên ngành', 'INT3508', '1', NULL, 6, NULL, 3, '15 - 30', NULL, 'Có kỹ năng làm việc nhóm; hiểu và áp dụng được một quy trình phát triển phần mềm; vận dụng các kiến thức về phân tích thiết kế để xây dựng yêu cầu, tiến hành phân tích và thiết kế các hệ thống phần mềm; biết làm việc trong môi trường thực tế; biết nghiên cứu, xây dựng sản phẩm phục vụ cho mục đích khoa học hoặc đời sống.', NULL, NULL, 1, 1, 'Sinh viên sẽ đi thực tập ở các công ty, viện  nghiên cứu, hoặc chính tại các bộ môn, phòng thí nghiệm, và trung tâm trong Trường Đại học Công nghệ. Thông qua việc thực hiện các đề tài được giao, sinh viên có cơ hội áp dụng kiến thức, kỹ năng đã học vào giải quyết bài toán thực tế và qua đó cũng biết được là mình còn kém mặt nào để rút kinh nghiệm. Bên cạnh đó sinh viên cũng được hiểu biết hơn về môi trường công ty (cả văn hóa và công nghệ), rèn luyện kĩ năng giao tiếp, làm việc nhóm, tác phong công nghiệp.', 0),
(23, 'Lập trình nâng cao', 'INT2202', '1', NULL, 5, NULL, 3, '30 - 15', NULL, 'Hiểu các khái niệm và biết vận dụng các kỹ thuật trong lập trình để biểu diễn bài toán và giải quyết bài toán bằng lập trình; hiểu các khái niệm cơ bản trong lập trình hướng đối tượng, có khả năng lập trình các bài toán cơ bản bằng lập trình hướng đối tượng trong C++; có khả năng lập trình với nhiều loại cấu trúc dữ liệu phức tạp và các kỹ thuật khó. Các kiểu dữ liệu như Xâu, Mảng nhiều chiều, Cấu trúc và Lớp. Các kỹ thuật lập trình khó như hàm đệ qui, xử lý trên xâu, xây dựng lớp và đối tượng, xây dựng các hàm mẫu.', NULL, NULL, 1, 2, 'Cung cấp cho sinh viên các kiến thức cơ bản và nâng cao về cách giải quyết các bài toán bằng lập trình. Giới thiệu các khái niệm và cấu trúc lập trình căn bản để giải quyết bài toán (minh hoạ trên ngôn ngữ C++): biến, kiểu dữ liệu, biểu thức, phép gán, vào ra dữ liệu đơn giản; các cấu trúc lặp và điều kiện, phân rã cấu trúc; làm việc với tệp; khái niệm hàm và sử dụng hàm. Giới thiệu các khái niệm và kỹ thuật nâng cao trong lập trình: làm việc với dữ liệu có cấu trúc; kỹ thuật đệ qui; kiểu dữ liệu trừu tượng; khuôn mẫu hàm; các khái niệm và kỹ thuật cơ bản trong lập trình hướng đối tượng; lập trình trên nhiều tệp. Thực hành trên ngôn ngữ lập trình hướng đối tượng C++. ', 0),
(24, 'Hệ quản trị cơ sở dữ liệu', 'INT3202', '1', NULL, 5, NULL, 3, '30 - 15', NULL, 'Có thể sử dụng một hệ quản trị CSDL (mySQL, Oracle, DB2, SQL Server, …) trong cả việc phát triển cũng như quản trị các CSDL phục vụ bài toán ứng dụng \r\nNắm vững cách quản lý truy cập dữ liệu của người dùng, các phương pháp lưu trữ dữ liệu, lập trình với thủ tục lưu trữ, phương pháp sao lưu và phục hồi dữ liệu, giao diện lập trình với hệ quản trị CSDL; có thể sử dụng bộ công cụ chuyên biệt để: tạo bản sao dữ liệu, phân mảnh dữ liệu, mô hình cụm dữ liệu (cluster).', NULL, NULL, 1, 2, 'Môn học cung cấp các kiến thức giúp sinh viên có thể sử dụng một hệ quản trị CSDL trong việc cả phát triển cũng như quản trị các CSDL phục vụ bài toán đích. Tuỳ nhu cầu thực tế, một hệ quản trị CSDL phổ biến sẽ được lựa chọn (Oracle, DB2, SQL Server, …) tiến hành xây dựng các bài thực hành. ', 0),
(26, 'Khóa luận tốt nghiệp', 'INT4050', '1', NULL, 6, NULL, 7, '', NULL, 'Có kỹ năng đọc tài liệu thành thạo; có kỹ năng tiến hành nghiên cứu, giải quyết vấn đề; có kỹ năng thực hiện thí nghiệm, đánh giá; có kỹ năng viết báo cáo (luận văn); có kỹ năng trình bày.', NULL, NULL, 1, 2, 'Sinh viên năm cuối đủ điều kiện sẽ được làm khóa luận tốt nghiệp dưới sự hướng dẫn của giảng viên. Theo đó sinh viên cần vận dụng các kiến thức và kỹ năng đã tích lũy được để giải quyết một vấn đề nghiên cứu cơ bản hoặc giải pháp thực tiễn thuộc lĩnh vực CNTT. Việc thực hiện khóa luận tốt nghiệp giúp sinh viên củng cố hoặc có thêm kiến thức và kỹ năng trong hoạt động chuyên môn như: đọc tài liệu, phát triển ý tưởng, lập trình, thực hiện thí nghiệm, đánh giá, viết luận văn, trình bày báo cáo, v.v.', 0),
(27, 'Tin học cơ sở 1', 'INT1003', '1', NULL, 1, 2014, 2, '10 - 20', NULL, '<ul>\r\n	<li>- M&ocirc;n học nhằm trang bị cho sinh vi&ecirc;n những kiến thức cơ bản về c&ocirc;ng nghệ th&ocirc;ng tin, hệ thống h&oacute;a v&agrave; bổ sung một số kiến thức mới c&aacute;c kiến thức sinh vi&ecirc;n đ&atilde; được học ở trường phổ th&ocirc;ng.</li>\r\n	<li>- M&ocirc;n học cung c&acirc;́p và đòi hỏi sau khi học xong sinh vi&ecirc;n phải c&oacute; kiến thức cơ bản, hệ thống về c&ocirc;ng nghệ th&ocirc;ng tin, hiểu r&otilde; về c&aacute;c chức năng v&agrave; c&aacute;ch l&agrave;m việc với m&aacute;y t&iacute;nh trong c&ocirc;ng việc th&ocirc;ng thường (l&agrave;m việc với hệ điều h&agrave;nh, soạn thảo văn bản, bảng t&iacute;nh, tr&igrave;nh diễn, t&igrave;m kiếm th&ocirc;ng tin tr&ecirc;n mạng&hellip;); Sử dụng th&agrave;nh thạo phần mềm cụ thể.</li>\r\n</ul>', NULL, NULL, 1, 1, '<ul>\n	<li>- Phần 1: Cung cấp cho sinh vi&ecirc;n c&aacute;c kiến thức cơ sở về th&ocirc;ng tin, m&aacute;y t&iacute;nh, phần mềm v&agrave; c&aacute;c ứng dụng c&ocirc;ng nghệ th&ocirc;ng tin.</li>\n	<li>- Phần 2: Cung cấp kiến thức v&agrave; r&egrave;n luyện kỹ năng sử dụng hệ điều h&agrave;nh, sử dụng c&aacute;c phần mềm văn ph&ograve;ng &nbsp;th&ocirc;ng dụng v&agrave; khai thác một số dịch vụ trên Internet.</li>\n</ul>', 1),
(28, 'Tin học cơ sở 4', 'INT1006', '1', NULL, 1, 2014, 3, '20 - 23 - 2', 'Tin học cơ sở 1', '  Cung cấp cho sinh viên kiến thức cơ bản về ngôn ngữ lập trình bậc cao, kỹ năng phân tích và xây dựng chương trình sử dụng ngôn ngữ lập trình bậc cao, kiểu dữ liệu trừu tượng. ', NULL, NULL, 1, 1, '<ul>\r\n	<li>- Cung cấp cho sinh vi&ecirc;n kiến thức cơ bản về lập tr&igrave;nh, ng&ocirc;n ngữ lập tr&igrave;nh bậc cao, phương ph&aacute;p lập tr&igrave;nh, c&aacute;c bước để xấy dựng chương tr&igrave;nh, cấu tr&uacute;c chương tr&igrave;nh, c&aacute;c cấu tr&uacute;c điều khiển, c&aacute;c kiểu dữ liệu, cấu tr&uacute;c mảng, h&agrave;m, biến to&agrave;n cục, biến cục bộ, v&agrave;o ra dữ liệu tệp.</li>\r\n	<li>- R&egrave;n luyện kỹ năng sử dụng th&agrave;nh thạo một ng&ocirc;n ngữ lập tr&igrave;nh bậc cao qua việc lựa chọn ng&ocirc;n ngữ cụ thể(C, C++, Java) để viết chương tr&igrave;nh.</li>\r\n</ul>', 1),
(29, 'Tư tưởng Hồ Chí Minh', 'POL1001', '1', 'Đại học Công nghệ', 1, 2014, 2, '20 - 8 - 2', 'Bố trí học năm nhất trình độ đào tạo đại học, cao đẳng khối không chuyên ngành Mác-Leenin, Tư tưởng Hồ Chí Minh; là môn học đầu tiên của chương trình các môn Lý luận chính trị trong trường đại học, cao đẳng.', '<ul>\n	<li><strong>* Về kiến thức</strong>\n\n	<ul>\n		<li>- Sinh vi&ecirc;n c&oacute; thể tr&igrave;nh b&agrave;y kh&aacute;i niệm tư tưởng Hồ Ch&iacute; Minh v&agrave;&nbsp; những tư tưởng, luận điểm, quan điểm cơ bản diễn ra trong tiến tr&igrave;nh h&igrave;nh th&agrave;nh v&agrave; ph&aacute;t triển tư tưởng Hồ Ch&iacute;&nbsp; Minh;</li>\n		<li>- Sinh vi&ecirc;n c&oacute; thể ph&acirc;n t&iacute;ch, giải th&iacute;ch về những nội dung tư tưởng, quan điểm cơ bản của tư tưởng Hồ Ch&iacute; Minh;</li>\n	</ul>\n	</li>\n	<li><strong>* Về kỹ năng</strong>\n	<ul>\n		<li>- Sinh vi&ecirc;n c&oacute; khả năng vận dụng s&aacute;ng tạo những gi&aacute; trị của tư tưởng Hồ Ch&iacute; Minh trong cuộc sống;</li>\n		<li>- H&igrave;nh th&agrave;nh v&agrave; ph&aacute;t triển kỹ năng ph&acirc;n t&iacute;ch, tổng hợp, hệ thống h&oacute;a những kiến thức đ&atilde; thu nhận được của người học;</li>\n		<li>- H&igrave;nh th&agrave;nh v&agrave; ph&aacute;t triển kĩ năng b&igrave;nh luận, đ&aacute;nh gi&aacute;, so s&aacute;nh của&nbsp; người học về những nội dung đ&atilde; học để vận dụng v&agrave;o thực tiễn.</li>\n	</ul>\n	</li>\n	<li><strong>* Về th&aacute;i độ</strong>\n	<ul>\n		<li>- Sau khi học song m&ocirc;n học n&agrave;y, sinh vi&ecirc;n c&oacute; niềm tin, tr&acirc;n trọng, g&igrave;n giữ v&agrave; ph&aacute;t huy di sản tư tưởng của Hồ Ch&iacute;&nbsp; Minh trong hoạt&nbsp; động thực tiễn .</li>\n		<li>- C&oacute; khả năng tuy&ecirc;n truyền cho người kh&aacute;c.</li>\n	</ul>\n	</li>\n</ul>\n', NULL, NULL, 1, 1, '<p>&nbsp;</p>\r\n\r\n<p>M&ocirc;n tư tưởng Hồ Ch&iacute; Minh l&agrave; m&ocirc;n học bắt buộc chung. Sau khi học xong m&ocirc;n học n&agrave;y, người học sẽ c&oacute; &yacute; thức trong việc vận dụng những gi&aacute; trị của tư tưởng Hồ Ch&iacute; Minh v&agrave;o hoạt động thực tiễn. Nội dung của m&ocirc;n học bao gồm 8 chương tr&igrave;nh b&agrave;y những vấn đề cơ bản của tư tưởng Hồ Ch&iacute; Minh theo mục ti&ecirc;u của m&ocirc;n học v&agrave; trong mỗi chương sẽ tr&igrave;nh b&agrave;y những nội dung cơ bản theo mục ti&ecirc;u của từng chương.</p>\r\n\r\n<p>M&ocirc;n học được thiết kế d&agrave;nh cho đối tượng l&agrave; sinh vi&ecirc;n năm thứ 2 học kỳ 1&nbsp; trong chương tr&igrave;nh đ&agrave;o tạo cử nh&acirc;n luật, cụ thể:</p>\r\n\r\n<ul>\r\n	<li>- Đối tượng, phương ph&aacute;p nghi&ecirc;n cứu v&agrave; &yacute; nghĩa học tập m&ocirc;n Tư tưởng Hồ Ch&iacute; Minh.</li>\r\n	<li>- Cơ sở, qu&aacute; tr&igrave;nh h&igrave;nh th&agrave;nh v&agrave; ph&aacute;t triển tư tưởng Hồ Ch&iacute; Minh.</li>\r\n	<li>- Tư tưởng Hồ Ch&iacute; minh về vấn đề d&acirc;n tộc v&agrave; c&aacute;ch mạng giải ph&oacute;ng d&acirc;n tộc.</li>\r\n	<li>- Tư tưởng Hồ Ch&iacute; Minh về CNXH v&agrave; con đường qu&aacute; độ l&ecirc;n CNXH ở Việt Nam.</li>\r\n	<li>- Tư tưởng Hồ Ch&iacute; Minh về Đảng Cộng sản Việt Nam.</li>\r\n	<li>- Tư tưởng Hồ Ch&iacute; Minh về đại đo&agrave;n kết d&acirc;n tộc v&agrave; đo&agrave;n kết quốc tế.</li>\r\n	<li>- Tư tưởng Hồ Ch&iacute; minh về d&acirc;n chủ v&agrave; x&acirc;y dựng Nh&agrave; nước của d&acirc;n, do d&acirc;n, v&igrave; d&acirc;n.</li>\r\n	<li>- Tư tưởng Hồ Ch&iacute; Minh về văn ho&aacute;, đạo đức v&agrave; x&acirc;y dựng con người mới.</li>\r\n</ul>\r\n\r\n<p>&nbsp;</p>\r\n', 1),
(30, 'Đường lối cách mạng của Đảng Cộng sản Việt Nam', 'HIS1002', '1', 'Đại học Công nghệ', 1, 2014, 3, '35 - 7 - 3', NULL, '<ul>\r\n	<li>- Cung cấp cho sinh vi&ecirc;n những nội dung cơ bản của Đường lối c&aacute;ch mạng của Đảng Cộng Sản Việt Nam trong đ&oacute; tập trung v&agrave;o đường lối của Đảng thời kỳ đổi mới tr&ecirc;n một số lĩnh vực cơ bản của đời sống x&atilde; hội phục vụ cho cuộc sống v&agrave; c&ocirc;ng t&aacute;c. X&acirc;y dựng cho sinh vi&ecirc;n niềm tin v&agrave;o sự l&atilde;nh đạo của Đảng theo mục ti&ecirc;u, l&yacute; tưởng của Đảng.</li>\r\n	<li>- Gi&uacute;p sinh vi&ecirc;n vận dụng kiến thức chuy&ecirc;n ng&agrave;nh để chủ động, t&iacute;ch cực trong giải quyết những vấn đề kinh tế, ch&iacute;nh trị, văn h&oacute;a, x&atilde; hội theo đường lỗi, ch&iacute;nh s&aacute;ch, ph&aacute;p luật của Đảng v&agrave; Nh&agrave; nước.</li>\r\n</ul>', NULL, NULL, 1, 1, 'Nội dung chủ yếu của môn học là cung cấp cho sinh viên những hiểu biết cơ bản, có hệ thống về đường lối của Đảng, đặc biệt là đường lối trong thời kỳ đổi mới.', 1),
(31, 'Tiếng Anh A1', 'FLF1105', '1', 'Đại học Ngoại Ngữ', 1, 2014, 4, '16 - 40 - 4', NULL, 'Theo quy định chung trong toàn Đại học Quốc gia Hà nội.', NULL, NULL, 1, 1, 'Theo quy định chung trong toàn Đại học Quốc gia Hà nội.', 1),
(32, 'Tiếng Anh A2', 'FLF1106', '1', 'Đại học Ngoại Ngữ', 1, 2014, 5, '20 - 50 - 5', NULL, 'Theo quy định chung trong toàn Đại học Quốc gia Hà nội.', NULL, NULL, 1, 1, 'Theo quy định chung trong toàn Đại học Quốc gia Hà nội.', 1),
(33, 'Tiếng Anh B1', 'FLF1107', '1', 'Đại học Ngoại Ngữ', 1, 2014, 5, '20 - 50 - 5', NULL, 'Theo quy định chung trong toàn Đại học Quốc gia Hà nội.', NULL, NULL, 1, 1, 'Theo quy định chung trong toàn Đại học Quốc gia Hà nội.', 1),
(34, 'Tiếng Anh B2', 'FLF1108', '1', 'Đại học Ngoại Ngữ', 1, 2014, 5, '20 - 50 - 5', NULL, 'Theo quy định chung trong toàn Đại học Quốc gia Hà nội.', NULL, NULL, 1, 1, 'Theo quy định chung trong toàn Đại học Quốc gia Hà nội.', 1),
(35, 'Tiếng Anh C1', 'FLF1109', '1', 'Đại học Ngoại Ngữ', 1, 2014, 5, '20 - 50 - 5', NULL, 'Theo quy định chung trong toàn Đại học Quốc gia Hà nội.', NULL, NULL, 1, 1, 'Theo quy định chung trong toàn Đại học Quốc gia Hà nội.', 1),
(36, 'Giải tích 2', 'MAT1095', '1', 'Đại học Công nghệ', 1, 2014, 5, '50 - 25', NULL, '<ul>\r\n	<li>- Trang bị cho sinh vi&ecirc;n l&iacute; luận chặt chẽ về to&aacute;n học, h&igrave;nh th&agrave;nh phương ph&aacute;p tư duy to&aacute;n.</li>\r\n	<li>&nbsp;- Hiểu v&agrave; nắm được những kiến thức cơ bản của to&aacute;n học để l&agrave;m cơ sở tiếp thu c&aacute;c m&ocirc;n học kh&aacute;c cũng như c&ocirc;ng việc nghi&ecirc;n cứu sau n&agrave;y.</li>\r\n</ul>', NULL, NULL, 1, 1, 'Môn học bao gồm các kiến thức về Giải tích đối với hàm nhiều biến, tiếp nối phần Giải tích I đối với hàm một biến. Trong chương trình này sẽ giới thiệu, mở rộng các khái niệm giới hạn của dãy và hàm số, hàm liên tục đối với hàm nhiều biến, các khái niệm về đạo hàm riêng và vi phân của hàm nhiều biến, ứng dụng tìm cực trị hàm nhiều biến, các định nghĩa và cách tính tích phân bội, tích phân đường, tích phân mặt. Ngoài ra, trong phần Giải tích II này có giới thiệu lý thuyết đường cong, độ cong và độ xoắn, lí thuyết trường, là những vấn đề rất quan trọng đối với các ngành cơ học và vật lí. Chương cuối của chương trình là lí thuyết về phương trình vi phân thường và cách giải một vài dạng đặc biệt của phương trình vi phân thường cấp I và cấp cao, hệ phương trình vi phân.', 1),
(37, 'Vật lý Cơ - nhiệt', 'PHY1100', '1', 'Đại học Công nghệ', 2, 2014, 3, '32 - 10 - 3', NULL, '<p>Trang bị cho người học những kiến thức cơ bản về Vật l&yacute; Cơ học v&agrave; Nhiệt động lực học.</p>\n\n<ul>\n	<li>+&nbsp; Nắm được c&aacute;c định luật cơ bản của cơ học cổ điển về chuyển động v&agrave; nguy&ecirc;n nh&acirc;n g&acirc;y ra sự biến đổi chuyển động của chất điểm, hệ chất điểm v&agrave; vật rắn. Hiểu được v&agrave; &aacute;p dụng được c&aacute;c định luật biến thi&ecirc;n v&agrave; bảo to&agrave;n động lượng, m&ocirc; men động lượng v&agrave; năng lượng trong việc giải th&iacute;ch c&aacute;c hiện tượng cơ học v&agrave; tự nhi&ecirc;n. Hiểu v&agrave; nhận biết được c&aacute;c loại dao động cơ, s&oacute;ng cơ c&ugrave;ng c&aacute;c đặc trưng của s&oacute;ng. Hiểu được thuyết tương đối hẹp của Einstein v&agrave; giới hạn của cơ học cổ điển.</li>\n	<li>+&nbsp; Nắm được c&aacute;c kh&aacute;i niệm, phương ph&aacute;p nhiệt động v&agrave; c&aacute;c nguy&ecirc;n l&yacute; cơ bản của nhiệt động lực học. C&aacute;c điều kiện chuyển h&oacute;a năng lượng từ dạng n&agrave;y sang dạng kh&aacute;c v&agrave; những biến đổi đ&oacute; về mặt định lượng. Hiểu được sự d&atilde;n nở v&igrave; nhiệt của vật liệu, sự dẫn nhiệt trong c&aacute;c tấm vật liệu phức hợp, nguy&ecirc;n l&yacute; hoạt động, hiệu suất của c&aacute;c động cơ nhiệt, m&aacute;y lạnh.</li>\n</ul>\n\n<p>&nbsp;</p>\n', NULL, NULL, 1, 1, '<p>Nội dung m&ocirc;n học gồm 2 phần Cơ học v&agrave; Nhiệt học:</p>\n\n<ul>\n	<li>+ Phần Cơ học bao gồm những nội dung chủ yếu sau: Động học v&agrave; c&aacute;c định luật cơ bản của động lực học chất điểm, hệ chất điểm, vật rắn; nguy&ecirc;n l&yacute; tương đối Galile; ba định luật bảo to&agrave;n của cơ học: định luật bảo to&agrave;n động lượng, định luật bảo to&agrave;n m&ocirc;men động lượng v&agrave; định luật bảo to&agrave;n năng lượng; hai dạng chuyển động cơ bản của vật rắn: chuyển động tịnh tiến v&agrave; chuyển động quay; dao động v&agrave; s&oacute;ng cơ. Cuối c&ugrave;ng l&agrave; giới thiệu về thuyết tương đối hẹp của Anhxtanh.</li>\n	<li>+ Phần nhiệt học bao gồm những nội dung chủ yếu sau: C&aacute;c kiến thức cơ bản về nhiệt động lực học. Nội dung xoay quanh ba định luật: định luật số kh&ocirc;ng, định luật số 1 v&agrave; định luật số hai. C&aacute;c vấn đề về nhiệt độ, &aacute;p suất, c&aacute;c hiện tượng truyền tr&ecirc;n cơ sở thuyết động học ph&acirc;n tử.</li>\n</ul>\n', 1),
(38, 'Điện và Quang', 'PHY 1103', '1', NULL, 2, 2014, 3, '32 - 10 - 3', NULL, '<p>&nbsp; &nbsp; &nbsp; &nbsp; &nbsp;Trang bị cho sinh vi&ecirc;n nội dung những kiến thức cơ bản nhất về&nbsp; Điện -Từ v&agrave; Quang học; X&acirc;y dựng cơ sở l&yacute; luận v&agrave; phương ph&aacute;p luận đ&uacute;ng đắn để tiếp cận nội dung của Vật l&yacute; hiện đại v&agrave; c&aacute;c khoa học li&ecirc;n quan kh&aacute;c.</p>', NULL, NULL, 1, 1, '<ul>\n	<li>Phần Điện từ cung cấp cho người học:\n	<ul>\n		<li>+ Những kiến thức cơ sở về điện: điện trường, điện thế, điện m&ocirc;i, d&ograve;ng điện, c&aacute;c định luật Ohm, Joule-Lenz&hellip;</li>\n		<li>+ Những kiến thức cơ sở về từ: từ trường, lực Lorentz, c&aacute;c định luật Biot- Savart - Laplace, Amp&egrave;re...</li>\n		<li>+ Cơ sở l&yacute;<span dir="RTL">&lrm;</span> thuyết của điện từ trường: hệ phương tr&igrave;nh Maxwell v&agrave; s&oacute;ng điện từ.</li>\n		<li>+ C&aacute;c quy luật tương t&aacute;c giữa c&aacute;c điện t&iacute;ch đứng y&ecirc;n, chuyển động đều, chuyển động c&oacute; gia tốc; hiểu được sự chuyển h&oacute;a năng lượng giữa điện v&agrave; từ, hiểu s&acirc;u những hiện tượng li&ecirc;n quan đến kỹ thuật điện, dao động điện.</li>\n	</ul>\n	</li>\n	<li>Phần Quang học:\n	<ul>\n		<li>Tr&igrave;nh b&agrave;y c&aacute;c hiện tượng quang học thể hiện t&iacute;nh chất s&oacute;ng v&agrave; c&aacute;c hiện tượng quang học thể hiện t&iacute;nh chất hạt của &aacute;nh s&aacute;ng. C&aacute;c hiện tượng rất đặc trưng của quang học v&agrave; c&oacute; nhiều ứng dụng thực tiễn đ&oacute; l&agrave; sự ph&acirc;n cực &aacute;nh s&aacute;ng, giao thoa, nhiễu xạ, t&aacute;n xạ, hấp thụ, t&aacute;n sắc...&nbsp; sẽ được khảo s&aacute;t. Phần nghi&ecirc;n cứu t&iacute;nh chất hạt của &aacute;nh s&aacute;ng bắt đầu từ c&aacute;c định luật về bức xạ nhiệt để dẫn dắt tới kh&aacute;i niệm lượng tử năng lượng của Planck v&agrave; sau đ&oacute; l&agrave; thuyết photon của Einstein. L&yacute; thuyết hạt về &aacute;nh s&aacute;ng được vận dụng để giải th&iacute;ch một số hiện tượng quang học điển h&igrave;nh m&agrave; l&yacute; thuyết s&oacute;ng kh&ocirc;ng giải th&iacute;ch được.&nbsp;</li>\n	</ul>\n	</li>\n</ul>', 1),
(39, 'Công nghệ phần mềm', 'INT2208', '1', 'Đại học Công nghệ', 4, 2014, 3, '45', NULL, '<p>\r\n	Hiểu c&aacute;c kh&aacute;i niệm chung về quy tr&igrave;nh ph&aacute;t triển phần mềm, c&aacute;c kỹ thuật x&acirc;y dựng một hệ thống phần mềm c&oacute; chất lượng; vận dụng c&aacute;c kiến thức về ph&acirc;n t&iacute;ch thiết kế để x&acirc;y dựng y&ecirc;u cầu, tiến h&agrave;nh ph&acirc;n t&iacute;ch v&agrave; thiết kế c&aacute;c hệ thống phần mềm; biết l&agrave;m việc trong m&ocirc;i trường thực tế; biết hợp t&aacute;c với c&aacute;c th&agrave;nh vi&ecirc;n kh&aacute;c trong nh&oacute;m; biết c&aacute;ch chia sẻ th&ocirc;ng tin trong nh&oacute;m; c&oacute; năng lực ph&acirc;n t&iacute;ch y&ecirc;u cầu; c&oacute; năng lực thiết kế giải ph&aacute;p; c&oacute; năng lực thực thi giải ph&aacute;p.</p>', NULL, NULL, 1, 1, '<p>\r\n	M&ocirc;n học trang bị c&aacute;c kiến thức cơ bản về c&ocirc;ng nghệ phần mềm, gồm c&aacute;c qui tr&igrave;nh phần mềm phổ biến, c&aacute;c hoạt động, c&ocirc;ng việc cần l&agrave;m trong việc x&acirc;y dựng một giải ph&aacute;p phần mềm như t&igrave;m hiểu v&agrave; thu thập y&ecirc;u cầu, c&aacute;c phương ph&aacute;p đặc tả, thiết kế, lập tr&igrave;nh, kiểm thử, bảo tr&igrave;, tiến h&oacute;a v&agrave; l&agrave;m việc theo nh&oacute;m. M&ocirc;n học cũng giới thiệu v&agrave; y&ecirc;u cầu sinh vi&ecirc;n sử dụng c&aacute;c c&ocirc;ng cụ hỗ trợ để triển khai, quản l&yacute;, phối hợp c&aacute;c hoạt động phần mềm th&ocirc;ng qua một dự &aacute;n phần mềm để sinh vi&ecirc;n hiểu r&otilde; hơn những kh&oacute; khăn v&agrave; kỹ năng để giải quyết ch&uacute;ng tr&ecirc;n thực tế. Qua dựa &aacute;n theo nh&oacute;m n&agrave;y sinh vi&ecirc;n cũng biết c&aacute;ch tạo ra c&aacute;c sản phẩm trung gian, t&agrave;i liệu phần mềm theo c&aacute;c mẫu, qui ước th&ocirc;ng dụng.</p>', 1),
(40, 'Nguyên lý hệ điều hành', 'INT2206', '1', 'Đại học Công nghệ', 4, 2014, 3, '45', NULL, 'Nắm vững kiến thức về vai trò, nhiệm vụ của hệ điều hành, các chức năng (module) chính của hệ điều hành, các giải thuật cài đặt các module trong hệ điều hành. Làm quen với một số phương pháp cài đặt trên 1 hệ điều hành cụ thể là Linux; có kỹ năng về hệ thống phục vụ cho việc tối ưu phát triển các ứng dụng phần mềm; có kỹ năng sử dụng các dịch vụ của hệ điều hành Linux.', NULL, NULL, 1, 1, 'Cung cấp cho sinh viên các kiến thức về : Cấu trúc hệ điều hành. Lập trình hệ thống bằng C. Tiến trình và tuyến đoạn. Xếp lịch CPU. Đồng bộ các tiến trình. Sự bế tắc (deadlock). Quản lý bộ nhớ. Bộ nhớ ảo. Hệ thống tệp. Hệ thống vào ra. Hệ thống phân tán. Bảo vệ (protection) và bảo mật.', 1),
(41, 'Toán học rời rạc', 'INT1050', '1', NULL, 4, 2014, 4, '45 - 15', NULL, 'Nắm vững các kiến thức toán học cơ sở cho ngành công nghệ thông tin bao gồm các cấu trúc toán học rời rạc và các nguyên lý toán học áp dụng cho các cấu trúc này; áp dụng được phương pháp tư duy và suy luận toán học để giải quyết các vấn đề trong lĩnh vực khoa học và công nghệ, đặc biệt là ngành công nghệ thông tin nơi mà thời gian được xét là rời rạc và các hệ thống được xây dựng có độ phức tạp và độ chính xác cao, đòi hỏi các phương pháp toán học chính xác và thích hợp.', NULL, NULL, 1, 1, 'Toán học rời rạc cho ngành công nghệ thông tin cung cấp kiến thức toán học cơ sở cho ngành học bao gồm cơ sở của lô gích toán học, lý thuyết tập hợp, hàm và quan hệ, lý thuyết số, lý thuyết đếm, lý thuyết đồ thị, phép tính xác suất, đại số Bool và mạch tổ hợp, ôtô mát, ngôn ngữ hình thức và khả năng tính toán. Tất cả các đơn vị kiến thức trên đây được liên kết với nhau thành một giáo trình liên quan và thống nhất vói nhau về mặt lô gích. Môn học còn bao gồm nhiều bài tập giúp cho học sinh rèn luyện kỹ năng tư duy toán học và vận dụng kiến thức lý thuyết đã học vào các bài toán thực tế.', 1),
(42, 'Tối ưu hóa', 'MAT1100', '1', NULL, 5, NULL, 2, '30', NULL, 'Trang bị một số kiến thức cơ bản về tối ưu hoá để phục vụ cho việc học tập và nghiên cứu các bài toán trong kinh tế và kỹ thuật; hiểu một số thuật toán cơ bản và sử dụng được phần mềm đã có để giải những bài toán tối ưu đơn giản. Đặc biệt, sinh viên hiểu được một số thuật toán, không nhất thiết phải biết viết chương trình mà chỉ cần sử dụng được phần mềm đã có như Matlab, GAMS, ... để giải một số bài toán cụ thể. Ngoài ra, bước đầu hình thành kỹ năng phân tích những bài toán thực tế, đưa bài toán này về các bài toán quy hoạch tuyến tính hoặc phi tuyến, biết cách áp dụng các phương pháp của quy hoạch tuyến tính và những phương pháp cơ bản của quy hoạch phi tuyến để giải các bài toán này.', NULL, NULL, 1, 1, 'Giới thiệu về bài toán tối ưu và các dạng bài toán tối ưu; lý thuyết cơ bản của bài toán quy hoạch tuyến tính và bài toán đối ngẫu; phương pháp đơn hình và phương pháp đơn hình đối ngẫu; một số bài toán điển hình trong kinh tế và kỹ thuật dẫn về bài toán quy hoạch tuyến tính; các điều kiện tối ưu cho bài toán quy hoạch phi tuyến; một số phương pháp cơ bản để giải bài toán quy hoạch phi tuyến.', 0),
(43, 'Phương pháp tính', 'MAT1099', '1', NULL, 5, NULL, 2, '30', NULL, 'Hiểu được mối liên hệ giữa việc giải các bài toán thực tế và tính toán khoa học (trong khoa học – công nghệ, kinh tế và xã hội) với tin học, toán học tính toán và toán học lý thuyết; nắm được các khái niệm về sai số; các dạng bài toán giải tích số cơ bản: cơ sở, nội dung chính và một số tính chất quan trọng nhất của những phương pháp thông dụng giải gần đúng các bài toán đó; nắm được thuật toán và biết một số ưu, nhược điểm chính của các phương pháp đã học (độ tin cậy, hiệu quả, khả năng thực hiện được trong thực tế). Đối với sinh viên ở các lớp tài năng, tiên tiến, chất lượng cao, giới thiệu một số kiến thức chuyên sâu cũng như gợi mở một số hướng nghiên cứu tính toán khoa học hiện đại.', NULL, NULL, 1, 1, 'Giới thiệu một số dạng bài toán như nội suy và xấp xỉ hàm số, tính gần đúng đạo hàm và tích phân, giải phương trình, hệ phương trình, phương trình vi phân,… và các phương pháp tính cơ bản để giải các bài toán đó. Tập trung vào ý tưởng và thuật toán của các phương pháp.', 0),
(44, 'Cơ sở dữ liệu', 'INT2207', '1', NULL, 4, NULL, 3, '30 - 15', NULL, 'Nắm vững cơ sở lý thuyết của việc xây dựng CSDL; nắm vững kiến thức về kiến trúc và các mô hình thiết kế nhằm tối ưu và thỏa mãn các yêu cầu của hệ quản trị CSDL; nắm vững kiến thức về phương pháp truy vấn trong CSDL, hiểu biết về chuẩn hóa và đại số quan hệ; nắm bắt được nguyên lý phân tích, thiết kế của hệ CSDL, các mô hình thiết kế, kiến trúc và một số cơ chế cơ bản nhất của một hệ quản trị cơ sở dữ liệu; có khả năng xây dựng một CSDL hoàn chỉnh từ khi bắt đầu thu thập yêu cầu đến lúc cài đặt trên một hệ quản trị CSDL cụ thể và có khả năng khai thác CSDL này.', NULL, NULL, 1, 1, 'Môn học tập trung vào phát triển các kiến thức về thiết kế CSDL quan hệ và xây dựng truy vấn, tiến tới xây dựng một hệ CSDL quan hệ hoàn chỉnh. Giới thiệu thiết kế dự án, luồng dữ liệu và các loại trừu tượng hóa có liên quan. Các cơ chế căn bản cho bảo mật và các vấn đề có liên quan. Môn học còn giới thiệu các thuật toán được dùng trong các hệ CSDL quan hệ để quản lý giao tác, xử lý và tối ưu hóa truy vấn, và trình bày ảnh hưởng của các lựa chọn thiết kế đối với các kỹ thuật chỉ mục khác nhau.', 1);
INSERT INTO `tbl_subject` (`subject_id`, `subject_name`, `subject_code`, `subject_active`, `subject_university`, `subject_type`, `subject_year`, `subject_credits`, `subject_credit_hour`, `subject_requirement`, `subject_target`, `subject_info`, `subject_test`, `subject_faculty`, `subject_dept`, `subject_content`, `subject_general_faculty_id`) VALUES
(45, 'Xác suất thống kê ', 'MAT1101', '1', NULL, 3, NULL, 3, '30 - 15', NULL, '<p>\r\n	Sinh vi&ecirc;n nắm được kh&aacute;i niệm về x&aacute;c suất, c&aacute;c quy tắc t&iacute;nh x&aacute;c suất v&agrave; c&aacute;c ứng dụng; kh&aacute;i niệm về đại lượng ngẫu nhi&ecirc;n, c&aacute;c đặc trưng của đại lượng ngẫu nhi&ecirc;n v&agrave; một số ph&acirc;n bố thường gặp trong thực tế; c&aacute;c kiến thức cơ bản về l&yacute; thuyết mẫu, thống k&ecirc; m&ocirc; tả; c&aacute;c vấn đề ước lượng khoảng, kiểm định giả thiết, tương quan v&agrave; hồi quy; sinh vi&ecirc;n hiểu được vai tr&ograve; v&agrave; ứng dụng của X&aacute;c suất thống k&ecirc; trong c&aacute;c ng&agrave;nh khoa học kh&aacute;c cũng như trong cuộc sống.</p>', NULL, NULL, 1, 1, '<p>\r\n	Nội dung m&ocirc;n học gồm 2 phần ch&iacute;nh: phần X&aacute;c suất v&agrave; phần Thống k&ecirc;. Phần x&aacute;c suất cung cấp cho sinh vi&ecirc;n c&aacute;c kiến thức về ph&eacute;p thử ngẫu nhi&ecirc;n, biến cố, x&aacute;c suất của biến cố, c&aacute;c phương ph&aacute;p t&iacute;nh x&aacute;c suất, đại lượng ngẫu nhi&ecirc;n v&agrave; ph&acirc;n phối của n&oacute;, c&aacute;c đặc trưng của đại lượng ngẫu nhi&ecirc;n, một số ph&acirc;n phối thường gặp trong thực tế. Phần thống k&ecirc; giới thiệu cho sinh vi&ecirc;n c&aacute;c b&agrave;i to&aacute;n cơ bản của thống k&ecirc; v&agrave; c&aacute;ch giải quyết c&aacute;c b&agrave;i to&aacute;n n&agrave;y như b&agrave;i to&aacute;n ước lượng khoảng, b&agrave;i to&aacute;n kiểm định giả thiết, b&agrave;i to&aacute;n tương quan v&agrave; hồi quy&hellip;</p>', 1),
(46, 'Toán trong công nghệ', 'ELT2029', '1', NULL, 3, NULL, 3, '45', NULL, '<p>\r\n	M&ocirc;n học n&agrave;y trang bị một số kiến thức to&aacute;n học nền tảng được sử dụng rộng r&atilde;i trong lĩnh vực Điện tử - Viễn th&ocirc;ng (ĐTVT), cụ thể l&agrave; giải t&iacute;ch phức, x&aacute;c suất v&agrave; thống k&ecirc;. B&ecirc;n cạnh, sinh vi&ecirc;n sẽ được giải th&iacute;ch mối li&ecirc;n hệ sự li&ecirc;n hệ giữa c&aacute;c kiến thức to&aacute;n học n&agrave;y với bản chất vật l&yacute; trong c&aacute;c hệ thống ĐTVT th&ocirc;ng qua một số ứng dụng cụ thể. Sinh vi&ecirc;n c&oacute; kỹ năng chứng minh v&agrave; giải quyết vấn đề để giải c&aacute;c b&agrave;i to&aacute;n. C&oacute; kỹ năng suy luận logic v&agrave; tổng hợp để li&ecirc;n hệ v&agrave; chuyển tải c&aacute;c vấn đề c&ocirc;ng nghệ ĐTVT đơn giản th&agrave;nh c&aacute;c b&agrave;i to&aacute;n tương ứng.</p>', NULL, NULL, 1, 1, '<p>\r\n	Bao gồm hai loại kiến thức to&aacute;n học chuy&ecirc;n s&acirc;u cho lĩnh vực Điện tử - Viễn th&ocirc;ng, l&agrave;: Giải t&iacute;ch phức v&agrave; X&aacute;c suất &ndash; Thống k&ecirc;. Về giải t&iacute;ch phức, m&ocirc;n học đề cập đến c&aacute;c vấn đề li&ecirc;n quan đến số phức, như: h&agrave;m giải t&iacute;ch, h&agrave;m cơ sở, t&iacute;ch ph&acirc;n phức, biểu diễn chuỗi của c&aacute;c h&agrave;m giải t&iacute;ch, c&aacute;c ph&eacute;p biến đổi. Về x&aacute;c suất &ndash; thống k&ecirc;, m&ocirc;n học bao gồm: c&aacute;c m&ocirc; h&igrave;nh x&aacute;c suất, c&aacute;c kh&aacute;i niệm cơ bản của l&yacute; thuyết x&aacute;c suất, biến ngẫu nhi&ecirc;n, đa biến ngẫu nhi&ecirc;n, v&agrave; qu&aacute; tr&igrave;nh ngẫu nhi&ecirc;n. K&egrave;m theo, m&ocirc;n học sẽ cung cấp một số ứng dụng th&ocirc;ng dụng của c&aacute;c kiến thức n&agrave;y trong c&aacute;c vấn đề kỹ thuật của lĩnh vực Điện tử - Viễn th&ocirc;ng.</p>', 1),
(47, 'Mạng máy tính', 'INT2209', '1', NULL, 4, NULL, 3, '30 - 15', NULL, '<p>\r\n	Hiểu được c&aacute;ch vận h&agrave;nh của Mạng m&aacute;y t&iacute;nh một c&aacute;ch tổng quan. Từ những nguy&ecirc;n l&yacute; cơ bản n&agrave;y, sinh vi&ecirc;n sẽ t&igrave;m hiểu c&aacute;ch thức mạng Internet ng&agrave;y nay được triển khai như thế n&agrave;o. Sinh vi&ecirc;n phải hiểu được kiến tr&uacute;c ph&acirc;n tầng, với m&ocirc; h&igrave;nh tham chiếu OSI v&agrave; m&ocirc; h&igrave;nh Internet. Hiểu được c&aacute;ch thức c&aacute;c ứng dụng cơ bản (Web, FTP, DNS, Instant Message) l&agrave;m việc như thế n&agrave;o, biết qua về lập tr&igrave;nh socket. Hiểu được giao thức giao vận UDP v&agrave; TCP. Hiểu được c&aacute;ch đ&aacute;nh địa chỉ IP v&agrave; giao thức IP. C&aacute;c giao thức định tuyến: RIP, OSPF, BGP. Cơ chế l&agrave;m việc của mạng cục bộ: c&ocirc;ng nghệ Ethernet, Hub, Bridge, Switch, mạng LAN kh&ocirc;ng d&acirc;y; sử dụng được một số lệnh cơ bản của Mạng như Ping, traceroute- ; sử dụng được một số lệnh cơ bản của FTP; sử dụng giao diện text để gửi v&agrave; nhận thư; sử dụng được phần mềm Ethereal để bắt v&agrave; ph&acirc;n t&iacute;ch c&aacute;c g&oacute;i tin ở c&aacute;c tầng kh&aacute;c nhau: HTTP, TCP, IP&hellip;; sử dụng được phần mềm Bosom Netsim để thiết lập v&agrave; chạy c&aacute;c cấu h&igrave;nh router.</p>', NULL, NULL, 1, 1, '<p>\r\n	M&ocirc;n học được chia th&agrave;nh 5 chương. Chương 1 giới thiệu chung về to&agrave;n bộ c&aacute;c phần, tr&igrave;nh b&agrave;y vị tr&iacute; của c&aacute;c phần, dịch vụ v&agrave; m&ocirc; h&igrave;nh Mạng. Tập trung v&agrave;o kh&aacute;i niệm ph&acirc;n tầng. Giới thiệu qua về M&ocirc; h&igrave;nh OSI v&agrave; M&ocirc; h&igrave;nh Internet. Chương 2 tr&igrave;nh b&agrave;y về Tầng Ứng dụng. Giới thiệu c&aacute;c y&ecirc;u cầu của c&aacute;c ứng dụng : t&iacute;nh tin cậy, khả năng đảm bảo băng th&ocirc;ng v&agrave; thời gian. Tr&igrave;nh b&agrave;y hai m&ocirc; h&igrave;nh ứng dụng v&agrave; c&aacute;c ứng dụng li&ecirc;n quan. M&ocirc; h&igrave;nh client-server với ứng dụng Web, truyền file, thư t&iacute;n điện tử (email), dich vụ t&ecirc;n miền (DNS). M&ocirc; h&igrave;nh đồng đẳng với ứng dụng Nhắn tin tức th&igrave; v&agrave; Chia sẻ file. Phần cuối tr&igrave;nh b&agrave;y c&aacute;ch ph&aacute;t triển ứng dụng với lập tr&igrave;nh socket. Chương 3 tr&igrave;nh b&agrave;y về tầng Giao vận. Phần đầu ti&ecirc;n giới thiệu về c&aacute;c dịch vụ Giao vận quan trọng nhất v&agrave; giao thức UDP. Phần thứ hai tr&igrave;nh b&agrave;y về nguy&ecirc;n tắc x&acirc;y dựng đường truyền tin cậy. Phần cuối c&ugrave;ng giới thiệu giao thức TCP v&agrave; c&aacute;ch thức triển khai t&iacute;nh tin cậy, điều khiển lưu lượng, kiểm so&aacute;t tắc nghẽn trong TCP. Chương 4 giới thiệu về tầng Mạng với hai m&ocirc; h&igrave;nh ch&iacute;nh : Chuyển mạch v&agrave; Chuyển g&oacute;i. Sau đ&oacute; giới thiệu về c&aacute;ch đ&aacute;nh địa chỉ IP v&agrave; giao thức IP. Phần sau tr&igrave;nh b&agrave;y c&aacute;c thuật to&aacute;n định tuyến, việc định tuyến ph&acirc;n cấp: nội miền (RIP, OSPF) v&agrave; li&ecirc;n miền (BGP). Phần cuối c&ugrave;ng tr&igrave;nh b&agrave;y về IPv6. Chương 5 tr&igrave;nh b&agrave;y về Tầng Li&ecirc;n kết dữ liệu với c&aacute;c dịch vụ quan trọng nhất. Sau đ&oacute; giới thiệu về c&ocirc;ng nghệ Ethernet, c&aacute;c thiết bị kết nối ở tầng Li&ecirc;n kết dữ liệu như Hub, Bridge, Switch; C&ocirc;ng nghệ kết nối LAN kh&ocirc;ng d&acirc;y.</p>', 1),
(48, 'Lập trình nâng cao(bắt buộc)', 'INT2202', '1', NULL, 5, NULL, 3, '30 - 15', NULL, '<p>\r\n	Hiểu c&aacute;c kh&aacute;i niệm v&agrave; biết vận dụng c&aacute;c kỹ thuật trong lập tr&igrave;nh để biểu diễn b&agrave;i to&aacute;n v&agrave; giải quyết b&agrave;i to&aacute;n bằng lập tr&igrave;nh; hiểu c&aacute;c kh&aacute;i niệm cơ bản trong lập tr&igrave;nh hướng đối tượng, c&oacute; khả năng lập tr&igrave;nh c&aacute;c b&agrave;i to&aacute;n cơ bản bằng lập tr&igrave;nh hướng đối tượng trong C++; c&oacute; khả năng lập tr&igrave;nh với nhiều loại cấu tr&uacute;c dữ liệu phức tạp v&agrave; c&aacute;c kỹ thuật kh&oacute;. C&aacute;c kiểu dữ liệu như X&acirc;u, Mảng nhiều chiều, Cấu tr&uacute;c v&agrave; Lớp. C&aacute;c kỹ thuật lập tr&igrave;nh kh&oacute; như h&agrave;m đệ qui, xử l&yacute; tr&ecirc;n x&acirc;u, x&acirc;y dựng lớp v&agrave; đối tượng, x&acirc;y dựng c&aacute;c h&agrave;m mẫu.&nbsp;</p>', NULL, NULL, 1, 1, '<p>\r\n	Cung cấp cho sinh vi&ecirc;n c&aacute;c kiến thức cơ bản v&agrave; n&acirc;ng cao về c&aacute;ch giải quyết c&aacute;c b&agrave;i to&aacute;n bằng lập tr&igrave;nh. Giới thiệu c&aacute;c kh&aacute;i niệm v&agrave; cấu tr&uacute;c lập tr&igrave;nh căn bản để giải quyết b&agrave;i to&aacute;n (minh hoạ tr&ecirc;n ng&ocirc;n ngữ C++): biến, kiểu dữ liệu, biểu thức, ph&eacute;p g&aacute;n, v&agrave;o ra dữ liệu đơn giản; c&aacute;c cấu tr&uacute;c lặp v&agrave; điều kiện, ph&acirc;n r&atilde; cấu tr&uacute;c; l&agrave;m việc với tệp; kh&aacute;i niệm h&agrave;m v&agrave; sử dụng h&agrave;m. Giới thiệu c&aacute;c kh&aacute;i niệm v&agrave; kỹ thuật n&acirc;ng cao trong lập tr&igrave;nh: l&agrave;m việc với dữ liệu c&oacute; cấu tr&uacute;c; kỹ thuật đệ qui; kiểu dữ liệu trừu tượng; khu&ocirc;n mẫu h&agrave;m; c&aacute;c kh&aacute;i niệm v&agrave; kỹ thuật cơ bản trong lập tr&igrave;nh hướng đối tượng; lập tr&igrave;nh tr&ecirc;n nhiều tệp. Thực h&agrave;nh tr&ecirc;n ng&ocirc;n ngữ lập tr&igrave;nh hướng đối tượng C++.</p>', NULL),
(49, 'Đồ họa máy tính(bắt buộc)', 'INT3403', '1', NULL, 5, NULL, 3, '30 - 15', NULL, '<p>\r\n	Hiểu c&aacute;c nguy&ecirc;n l&yacute; cơ bản của đồ họa m&aacute;y t&iacute;nh hiện đại; hiểu kiến thức h&igrave;nh học b&ecirc;n dưới c&aacute;c m&ocirc; h&igrave;nh 3 chiều; hiểu vấn đề hiệu năng khi vẽ c&aacute;c m&ocirc; h&igrave;nh 3D; c&oacute; thể x&acirc;y dựng một chương tr&igrave;nh hiển thị một cảnh 3 chiều sử dụng OpenGL v&agrave; C/C++; c&oacute; thể l&agrave;m hoạt h&igrave;nh c&aacute;c m&ocirc; h&igrave;nh 3D v&agrave; &aacute;p dụng &aacute;nh s&aacute;ch v&agrave; texture để tăng t&iacute;nh hiện thực&nbsp;</p>', NULL, NULL, 1, 1, '<p>\r\n	M&ocirc;n học giới thiệu c&aacute;c kiến thức cơ bản v&agrave; n&acirc;ng cao về c&aacute;c thuật to&aacute;n cơ bản của đồ họa m&aacute;y t&iacute;nh như thuật to&aacute;n vẽ đường thẳng, đường tr&ograve;n, quy tr&igrave;nh đồ họa m&aacute;y t&iacute;nh từ kh&acirc;u m&ocirc; h&igrave;nh h&oacute;a cho đến khi hiển thị được l&ecirc;n m&agrave;n h&igrave;nh, đồng thời giới thiệu một số thuật to&aacute;n trong quy tr&igrave;nh đ&oacute;; giới thiệu một số kiến thức cơ bản để lập tr&igrave;nh đồ họa tr&ecirc;n OpenGL.</p>', NULL),
(50, 'Lý thuyết thông tin(bắt buộc)', 'INT2044', '1', NULL, 5, NULL, 3, '45', NULL, '<p>\r\n	Hiểu c&aacute;c kh&aacute;i niệm cơ bản của l&yacute; thuyết th&ocirc;ng tin như entropy, th&ocirc;ng tin tương hỗ; c&oacute; thể vận dụng để giải c&aacute;c b&agrave;i to&aacute;n cần x&aacute;c định lượng tin; hiểu m&ocirc; h&igrave;nh truyền th&ocirc;ng theo quan điểm của Shannon; biết được ảnh hưởng của l&yacute; thuyết th&ocirc;ng tin trong c&aacute;c lĩnh vực như thống k&ecirc;, học m&aacute;y, kinh tế, v.v.</p>', NULL, NULL, 1, 1, '<p>\r\n	M&ocirc;n học n&agrave;y tập trung v&agrave;o định nghĩa v&agrave; h&agrave;m &yacute; của entropy, entropy tương đối, th&ocirc;ng tin tương hỗ, định l&yacute; m&atilde; h&oacute;a nguồn, v&agrave; định l&yacute; m&atilde; h&oacute;a k&ecirc;nh. B&ecirc;n cạnh đ&oacute; c&aacute;c kết quả to&aacute;n học của l&yacute; thuyết th&ocirc;ng tin cũng được giới thiệu, v&agrave; d&ugrave;ng l&agrave;m c&ocirc;ng cụ chứng minh nhiều định l&yacute; quan trọng. Trong qu&aacute; tr&igrave;nh học m&ocirc;n n&agrave;y, người học sẽ được kh&aacute;m ph&aacute; giới hạn cơ bản của biểu diễn v&agrave; giới hạn cơ bản của truyền th&ocirc;ng tin. C&aacute;c kiến thức về l&yacute; thuyết th&ocirc;ng tin cung cấp một nền tảng cho c&aacute;c nh&agrave; nghi&ecirc;n cứu trong c&aacute;c lĩnh vực như n&eacute;n dữ liệu, xử l&yacute; t&iacute;n hiệu, điều khiển, nhận dạng mẫu, v&agrave; học m&aacute;y thống k&ecirc;.</p>', NULL),
(51, 'Chuyên đề công nghệ(bắt buộc)', 'INT3414', '1', NULL, 5, NULL, 3, '30 - 15', NULL, '<p>\r\n	C&oacute; kiến thực thực h&agrave;nh v&agrave; ứng dụng được c&ocirc;ng nghệ được học; h&igrave;nh th&agrave;nh khả năng tự t&igrave;m hiểu, lựa chọn v&agrave; sử dụng c&ocirc;ng nghệ mới; ph&aacute;t triển kỹ năng l&agrave;m việc theo nh&oacute;m; c&oacute; hiểu biết ban đầu về mối quan hệ giữa c&ocirc;ng nghệ với c&aacute;c vấn đề li&ecirc;n quan trong cuộc sống.</p>', NULL, NULL, 1, 1, '<p>\r\n	M&ocirc;n học gi&uacute;p sinh vi&ecirc;n c&oacute; được kiến thức v&agrave; kỹ năng thực h&agrave;nh về một số c&ocirc;ng nghệ hiện đại v&agrave; th&ocirc;ng dụng trong C&ocirc;ng nghệ th&ocirc;ng tin. Đồng thời m&ocirc;n học cung cấp cho sinh vi&ecirc;n kiến thức li&ecirc;n quan tới c&ocirc;ng nghệ n&oacute;i chung như: khoa học v&agrave; c&ocirc;ng nghệ, v&ograve;ng đời c&ocirc;ng nghệ, vai tr&ograve; của nhu cầu v&agrave; của vốn trong ph&aacute;t triển c&ocirc;ng nghệ, ...</p>', NULL),
(52, 'Chương trình dịch(tự chọn 1)', 'INT3402', '1', NULL, 5, NULL, 3, '45', NULL, NULL, NULL, NULL, 1, 1, NULL, NULL),
(53, 'Xử lý ảnh(tự chọn 1)', 'INT3404', '1', NULL, 5, NULL, 3, '45', '\n	Cấu tr&uacute;c dữ liệu v&agrave; giải thuật', '<p>\r\n	Sinh vi&ecirc;n c&oacute; thể c&oacute; tầm nh&igrave;n tổng qu&aacute;t về lĩnh vực xử l&yacute; ảnh số; sinh vi&ecirc;n c&oacute; thể hiểu c&aacute;c kh&aacute;i niệm cơ bản về xử l&yacute; ảnh như hệ thống thị gi&aacute;c người v&agrave; qu&aacute; tr&igrave;nh thu nhận ảnh, lấy mẫu v&agrave; biến đổi ảnh furier, ...; sinh vi&ecirc;n c&oacute; thể hiểu c&aacute;c thuật to&aacute;n xử l&yacute; ảnh cơ bản v&agrave; việc c&agrave;i đặt ch&uacute;ng. C&aacute;c thuật to&aacute;n cơ bản bao gồm lọc ảnh tr&ecirc;n miền thời gian v&agrave; tần số, kh&ocirc;i phục ảnh, n&eacute;n ảnh, ph&acirc;n v&ugrave;ng ảnh; sinh vi&ecirc;n c&oacute; thể đọc v&agrave; hiểu được những vấn đề li&ecirc;n quan đến xử l&yacute; ảnh hiện tại; sinh vi&ecirc;n c&oacute; thể ứng dụng c&aacute;c xử l&yacute; ảnh trong c&aacute;c b&agrave;i to&aacute;n thực tiễn.</p>', NULL, NULL, 1, 1, '<p>\r\n	Giới thiệu về bản chất &aacute;nh s&aacute;ng v&agrave; qu&aacute; tr&igrave;nh h&igrave;nh th&agrave;nh h&igrave;nh ảnh trong hệ thống thị gi&aacute;c của con người. Dựa tr&ecirc;n cơ sở n&agrave;y, c&aacute;c kỹ thuật thu nhận, hiển thị v&agrave; biểu diễn ảnh số được tr&igrave;nh b&agrave;y. Một số vấn đề thường gặp trong xử l&yacute; ảnh như n&acirc;ng cao chất lượng ảnh, n&eacute;n ảnh, xử l&yacute; ảnh m&agrave;u số cũng được đề cập. Th&ocirc;ng qua m&ocirc;n học n&agrave;y, sinh vi&ecirc;n c&oacute; thể đọc hiểu được c&aacute;c vấn đề chuy&ecirc;n s&acirc;u trong lĩnh vực xử l&yacute; ảnh cũng như việc &aacute;p dụng ch&uacute;ng trong c&aacute;c b&agrave;i to&aacute;n thực tiễn.</p>', NULL),
(54, 'Học máy(tự chọn 1)', 'INT3405', '1', NULL, 5, NULL, 3, '45', '    X&aacute;c xuất thống k&ecirc;', '<p>\r\n	Nắm được c&aacute;c phương ph&aacute;p học m&aacute;y cơ bản, cả m&ocirc; h&igrave;nh v&agrave; thuật to&aacute;n; biết c&aacute;ch &aacute;p dụng giải một số dạng b&agrave;i to&aacute;n như ph&acirc;n lớp, xử l&yacute; chuỗi, v.v.; biết c&aacute;ch l&agrave;m thực nghiệm v&agrave; viết b&aacute;o c&aacute;o.</p>', NULL, NULL, 1, 1, '<p>\r\n	M&ocirc;n học n&agrave;y giới thiệu c&aacute;c phương ph&aacute;p học m&aacute;y cơ bản như: học gi&aacute;m s&aacute;t v&agrave; kh&ocirc;ng gi&aacute;m s&aacute;t, học thống k&ecirc;, học địa phương, học tăng cường, mạng neural, v.v. B&ecirc;n cạnh kiến thức về l&yacute; thuyết, sinh vi&ecirc;n cũng được thực h&agrave;nh c&agrave;i đặt một số phương ph&aacute;p học m&aacute;y v&agrave; ph&acirc;n t&iacute;ch, đ&aacute;nh gi&aacute; kết quả. Sau khi học kh&oacute;a n&agrave;y th&igrave; sinh vi&ecirc;n c&oacute; thể nhận biết c&aacute;c vấn đề thực tế c&oacute; thể giải quyết bằng kỹ thuật học m&aacute;y cũng như lựa chọn được phương ph&aacute;p ph&ugrave; hợp để giải quyết.</p>', NULL),
(55, 'Xử lý ngôn ngữ tự nhiên(tự chọn 1)', 'INT3406', '1', NULL, 5, NULL, 3, '45', '\n	Cấu tr&uacute;c dữ liệu v&agrave; giải thuật', '<p>\r\n	Hiểu c&aacute;c kh&aacute;i niệm cơ bản trong xử l&yacute; ng&ocirc;n ngữ tự nhi&ecirc;n; biết c&aacute;c b&agrave;i to&aacute;n cơ bản trong xử l&yacute; ng&ocirc;n ngữ tự nhi&ecirc;n như ph&acirc;n t&iacute;ch h&igrave;nh th&aacute;i, g&aacute;n nh&atilde;n từ loại, ph&acirc;n t&iacute;ch c&uacute; ph&aacute;p, m&ocirc; h&igrave;nh ng&ocirc;n ngữ, dịch m&aacute;y;&nbsp; c&aacute;c tiếp cận m&ocirc; h&igrave;nh ho&aacute; v&agrave; c&aacute;c thuật to&aacute;n giải quyết c&aacute;c b&agrave;i to&aacute;n cơ bản đ&oacute;; nắm được tiếp cận dựa tr&ecirc;n kinh nghiệm để giải quyết c&aacute;c b&agrave;i to&aacute;n xử l&yacute; ng&ocirc;n ngữ: c&aacute;c phương ph&aacute;p học m&aacute;y thống k&ecirc; như một số phương ph&aacute;p ph&acirc;n loại, m&ocirc; h&igrave;nh markov, m&ocirc; h&igrave;nh markov ẩn; kh&aacute;i niệm kho dữ liệu c&oacute; ch&uacute; giải cho từng b&agrave;i to&aacute;n cụ thể; c&oacute; khả năng &aacute;p dụng phương ph&aacute;p đ&atilde; học cho c&aacute;c ng&ocirc;n ngữ mới như tiếng Việt; c&oacute; khả năng tự t&igrave;m hiểu c&aacute;c b&agrave;i to&aacute;n n&acirc;ng cao trong xử l&yacute; ng&ocirc;n ngữ tự nhi&ecirc;n.</p>', NULL, NULL, 1, 1, '<p>\r\n	Giới thiệu c&aacute;c kh&aacute;i niệm trong ng&ocirc;n ngữ học t&iacute;nh to&aacute;n v&agrave; c&aacute;c vấn đề (b&agrave;i to&aacute;n) trong xử l&yacute; ng&ocirc;n ngữ tự nhi&ecirc;n (xử l&yacute; văn bản). C&aacute;c tiếp cận chung v&agrave; c&aacute;c phương ph&aacute;p xử l&yacute; (tập trung v&agrave;o c&aacute;c m&ocirc; h&igrave;nh học m&aacute;y thống k&ecirc; dựa tr&ecirc;n kinh nghiệm) cho c&aacute;c b&agrave;i to&aacute;n xử l&yacute; ng&ocirc;n ngữ tự nhi&ecirc;n. T&igrave;m hiểu l&yacute; thuyết v&agrave; hướng dẫn l&agrave;m b&agrave;i tập thực nghiệm, sử dụng c&ocirc;ng cụ cho một số b&agrave;i to&aacute;n cơ bản về xử l&yacute; ng&ocirc;n ngữ tự nhi&ecirc;n như ph&acirc;n t&iacute;ch h&igrave;nh th&aacute;i, x&acirc;y dựng m&ocirc; h&igrave;nh ng&ocirc;n ngữ, g&aacute;n nh&atilde;n từ loại, ph&acirc;n t&iacute;ch c&uacute; ph&aacute;p, dịch m&aacute;y. Nội dung cũng bao gồm việc giới thiệu c&aacute;c vấn đề trong x&acirc;y dựng tri thức ng&ocirc;n ngữ v&agrave; một số kiểu tri thức cần x&acirc;y dựng như dữ liệu c&oacute; ch&uacute; giải cho c&aacute;c b&agrave;i to&aacute;n cơ bản, giới thiệu WordNet.</p>', NULL),
(56, 'Tin sinh học(tự chọn 1)', 'INT3407', '1', NULL, 5, NULL, 3, '45', '   Lập tr&igrave;nh n&acirc;ng cao', '<p>\r\n	Biết c&aacute;c kh&aacute;i niệm cơ bản trong sinh học ph&acirc;n tử v&agrave; tin sinh học; biết v&agrave; m&ocirc; tả được c&aacute;c b&agrave;i to&aacute;n cơ bản trong tin sinh học như cơ sở dữ liệu sinh học ph&acirc;n tử, b&agrave;i to&aacute;n t&igrave;m kiếm c&aacute;c chuỗi giống nhau trong cơ sở dữ liệu, sắp h&agrave;ng đa chuỗi, x&acirc;y dựng c&acirc;y ph&acirc;n lo&agrave;i; biết v&agrave;&nbsp; m&ocirc; tả được c&aacute;c phương ph&aacute;p cơ bản để giải quyết c&aacute;c b&agrave;i to&aacute;n tr&ecirc;n; c&oacute; khả năng sử dụng c&aacute;c c&ocirc;ng cụ tin sinh học để giải quyết c&aacute;c b&agrave;i to&aacute;n thực tế trong sinh học ph&acirc;n tử.</p>', NULL, NULL, 1, 1, '<p>\r\n	M&ocirc;n học cung cấp c&aacute;c kiến thức cơ bản trong lĩnh vực tin sinh học cho sinh vi&ecirc;n. C&aacute;c vấn đề cơ bản trong tin sinh học v&agrave; c&aacute;c phương ph&aacute;p giải quyết c&aacute;c b&agrave;i to&aacute;n đ&oacute; được giới thiệu như x&acirc;y dựng cơ sở dữ liệu sinh học ph&acirc;n tử, b&agrave;i to&aacute;n t&igrave;m kiếm c&aacute;c chuỗi tương tự nhau, b&agrave;i to&aacute;n sắp xếp đa chuỗi, x&acirc;y dựng c&acirc;y ph&aacute;t sinh lo&agrave;i. M&ocirc;n học cũng giới thiệu cho sinh vi&ecirc;n c&aacute;c c&ocirc;ng cụ tin sinh học phổ biến để giải quyết c&aacute;c b&agrave;i to&aacute;n trong tin sinh học hay sinh học ph&acirc;n tử.</p>', NULL),
(57, 'Rô bốt', 'INT3409', '1', NULL, 5, NULL, 3, '45', '\n	Cấu tr&uacute;c dữ liệu v&agrave; giải thuật', '<p>\r\n	Nắm được c&aacute;c kiến thức cơ bản về robot, kiến tr&uacute;c phần mềm cho robot; c&oacute; thể lập tr&igrave;nh điều khiển robot.</p>', NULL, NULL, 1, 1, '<p>\r\n	M&ocirc;n học n&agrave;y giới thiệu kiến thức cơ bản về m&ocirc; h&igrave;nh h&oacute;a, thiết kế, lập kết hoạch, điều khiển c&aacute;c hệ robot. Trong đ&oacute;, kh&oacute;a học tập trung v&agrave;o: kiến tr&uacute;c phần mềm cho robot,c&aacute;c kiến thức về lập kế hoạch (planning) v&agrave; l&yacute; thuyết decision making, ph&acirc;n biệt sự kh&aacute;c nhau giữa việc x&acirc;y dựng phần mềm cho robot v&agrave; phần mềm th&ocirc;ng thường, thực h&agrave;nh x&acirc;y dựng kiến tr&uacute;c phần mềm tổng thể cho robot.</p>', NULL),
(58, 'Xử lý tiếng nói(tự chọn 1)', 'INT3411', '1', NULL, 5, NULL, 3, '45', '\n	Cấu tr&uacute;c dữ liệu v&agrave; giải thuật', '<p>\r\n	Nắm được c&aacute;c kiến thức cơ bản về xử l&yacute; tiếng n&oacute;i v&agrave; từ đ&oacute; c&oacute; thể nghi&ecirc;n cứu chuy&ecirc;n s&acirc;u hơn về xử l&yacute; tiếng n&oacute;i. tham gia hoặc ph&aacute;t triển c&aacute;c hệ thống về xử l&yacute; tiếng n&oacute;i;biết c&aacute;c thuật to&aacute;n cơ bản về nhận dạng tiếng n&oacute;i, tổng hợp tiếng n&oacute;i từ đ&oacute; c&oacute; thể &nbsp;chọn c&aacute;c thuật to&aacute;n th&iacute;ch hợp trong từng b&agrave;i to&aacute;n cụ thể của xử l&yacute; tiếng n&oacute;i v&agrave; c&oacute; thể tham gia v&agrave;o ph&aacute;t triển c&aacute;c hệ thống xử l&yacute; tiếng n&oacute;i.</p>', NULL, NULL, 1, 1, '<p>\r\n	Xử l&yacute; tiếng n&oacute;i cung cấp c&aacute;c kh&aacute;i niệm cơ bản về t&iacute;n hiệu tiếng n&oacute;i, c&aacute;c kiến thức cơ bản về c&aacute;c phương ph&aacute;p biểu diễn số của t&iacute;n hiệu tiếng n&oacute;i; c&aacute;c phương ph&aacute;p v&agrave; kỹ thuật xử l&yacute; tiếng n&oacute;i: c&aacute;c phương ph&aacute;p v&agrave; thuật to&aacute;n ph&acirc;n t&iacute;ch, c&aacute;c phương ph&aacute;p tổng hợp tiếng n&oacute;i; đồng thời cũng n&ecirc;u ra c&aacute;c kiến thức về c&aacute;c hệ thống v&agrave; c&aacute;c thuật to&aacute;n nhận dạng tiếng n&oacute;i, chuyển đổi giọng n&oacute;i, tăng cường chất lượng giọng n&oacute;i.</p>', NULL),
(59, 'Kiểm thử và đảm bảo chất lượng phần mềm', 'INT3117', '1', NULL, 3, 3, 3, '30/15/0', ' \n	INT2204 &ndash; Lập tr&igrave;nh hướng đối tượng', '<p>\r\n	<strong>Ki&ecirc;́n thức: </strong>Trang bị cho sinh vi&ecirc;n kiến thức về vai tr&ograve; của kiểm thử phần mềm trong qui tr&igrave;nh ph&aacute;t triển phần mềm, c&aacute;c thuật ngữ cơ bản về kiểm thử phần mềm, c&aacute;c kỹ thuật kiểm thử hộp đen v&agrave; hộp trắng cơ bản v&agrave; c&aacute;ch &aacute;p dụng trong thực tế kiểm thử phần mềm để đảm bảo phần mềm đ&atilde; đạt một ti&ecirc;u chuẩn chất lượng nhất định.</p>\r\n<p>\r\n	<strong>Kỹ năng: </strong>Sinh vi&ecirc;n nắm được kiến thức l&yacute; thuyết về c&aacute;c kỹ thuật kiểm thử v&agrave; c&oacute; khả năng &aacute;p dụng v&agrave;o c&aacute;c ứng dụng tr&ecirc;n thực tế để đảm bảo phần mềm đạt c&aacute;c ti&ecirc;u chuẩn đặt ra. Th&ocirc;ng qua dự &aacute;n, sinh vi&ecirc;n biết viết c&aacute;c kiểm thử đơn vị v&agrave; sử dụng một số c&ocirc;ng cụ kiểm thử cho c&aacute;c nền tảng phổ biến.</p>', NULL, NULL, 1, 2, '<p>\r\n	Kiểm thử hiện vẫn l&agrave; phương tiện chủ yếu để đảm bảo chất lượng phần mềm. M&ocirc;n học trang bị kiến thức chung về vị tr&iacute;, vai tr&ograve;, qui tr&igrave;nh của kiểm thử trong ph&aacute;t triển phần mềm v&agrave; sinh vi&ecirc;n hiểu được tầm quan trọng của kiểm thử trong việc đảm bảo phần mềm đạt một ti&ecirc;u chuẩn chất lượng nhất định. M&ocirc;n học cũng cung cấp c&aacute;c kiến thức về cả l&yacute; thuyết v&agrave; thực h&agrave;nh để sinh vi&ecirc;n c&oacute; thể nghi&ecirc;n cứu v&agrave; &aacute;p dụng trong thực tiễn để trong một dự &aacute;n ph&aacute;t triển phần mềm d&ugrave; ở vai tr&ograve; lập tr&igrave;nh vi&ecirc;n hay vai tr&ograve; kiểm thử vi&ecirc;n sinh vi&ecirc;n đều hiểu c&ocirc;ng việc kiểm thử cần l&agrave;m của mỗi người. M&ocirc;n học gi&uacute;p sinh vi&ecirc;n muốn trở th&agrave;nh kiểm thử vi&ecirc;n chuy&ecirc;n nghiệp c&oacute; thể vận dụng c&aacute;c kiến thức học được để &aacute;p dụng v&agrave;o thực tế.</p>', 1),
(60, 'Kiến trúc hướng dịch vụ', 'INT3505', '1', NULL, 3, 3, 3, '45/0/0', '\n	INT 3110 - Ph&acirc;n t&iacute;ch thiết kế hướng đối tượng', '<p>\r\n	Giới thiệu c&aacute;c kiến thức nền tảng cho Kiến tr&uacute;c hướng dịch vụ.</p>\r\n<p style="margin-left:36.0pt;">\r\n	-&nbsp;&nbsp;&nbsp;&nbsp;&nbsp;&nbsp; Nắm được một c&aacute;ch tổng quan c&aacute;c c&ocirc;ng nghệ để t&iacute;ch hợp hệ thống</p>\r\n<p style="margin-left:36.0pt;">\r\n	-&nbsp;&nbsp;&nbsp;&nbsp;&nbsp;&nbsp; Hiểu được vai tr&ograve; của kiến tr&uacute;c hướng dịch vụ trong qu&aacute; tr&igrave;nh kết nối, t&iacute;ch hợp c&aacute;c hệ thống.</p>\r\n<p style="margin-left:36.0pt;">\r\n	-&nbsp;&nbsp;&nbsp;&nbsp;&nbsp;&nbsp; Nắm được vai tr&ograve; của XML v&agrave; c&aacute;c chuẩn c&ocirc;ng nghệ li&ecirc;n quan như XML Schema, DOM, v&agrave; XSLT.</p>\r\n<p style="margin-left:36.0pt;">\r\n	-&nbsp;&nbsp;&nbsp;&nbsp;&nbsp;&nbsp; Nắm vững c&ocirc;ng nghệ Dịch vụ Web v&agrave; ng&ocirc;n ngữ WS-BPEL d&ugrave;ng để t&iacute;ch hợp dịch vụ Web</p>\r\n<p style="margin-left:36.0pt;">\r\n	-&nbsp;&nbsp;&nbsp;&nbsp;&nbsp;&nbsp; Hiểu được c&aacute;c kh&aacute;i niệm ch&iacute;nh trong kiến tr&uacute;c hướng dịch vụ như: dịch vụ, quản trị kiến tr&uacute;c hướng dịch vụ (SOA governance). Nắm được c&aacute;c nguy&ecirc;n l&yacute; thiết kế trong kiến tr&uacute;c hướng dịch vụ.</p>\r\n<p style="margin-left:36.0pt;">\r\n	-&nbsp;&nbsp;&nbsp;&nbsp;&nbsp;&nbsp; Sử dụng được một c&ocirc;ng cụ xử l&yacute; XML</p>\r\n<p style="margin-left:36.0pt;">\r\n	-&nbsp;&nbsp;&nbsp;&nbsp;&nbsp;&nbsp; X&acirc;y dựng c&aacute;c Dịch vụ Web</p>\r\n<p>\r\n	X&acirc;y dựng c&aacute;c ứng dụng nhỏ sử dụng c&ocirc;ng nghệ Dịch vụ Web</p>', NULL, NULL, 1, 2, '<p>\r\n	M&ocirc;n học giới thiệu về nền tảng của kiến tr&uacute;c hướng dịch vụ. Phần đầu của m&ocirc;n học l&agrave; c&aacute;c kiến thức cơ bản về c&aacute;c c&ocirc;ng nghệ kết nối t&iacute;ch hợp c&aacute;c hệ thống như socket, RPC. Phần tiếp theo của m&ocirc;n học sẽ tr&igrave;nh b&agrave;y về nền tảng của c&aacute;c c&ocirc;ng nghệ t&iacute;ch hợp hệ thống hiện nay l&agrave; XML v&agrave; c&aacute;c c&ocirc;ng nghệ li&ecirc;n quan như DTD, XML Schema, XSLT, DOM, v&agrave; SAX. Sau khi sinh vi&ecirc;n nắm vững về XML, c&ocirc;ng nghệ dịch vụ Web v&agrave; cơ chế kết hợp dịch vụ Web l&agrave; nội dung tiếp theo được giới thiệu. Phần cuối của m&ocirc;n học l&agrave; c&aacute;c vấn đề thi&ecirc;n về kh&iacute;a cạnh thiết kế v&agrave; quản trị kiến tr&uacute;c hướng dịch vụ.</p>\r\n<p>\r\n	Phần thực h&agrave;nh, sinh vi&ecirc;n sẽ x&acirc;y dựng c&aacute;c ứng dụng nhỏ dựa tr&ecirc;n c&aacute;c c&ocirc;ng nghệ ph&acirc;n t&aacute;n kh&aacute;c nhau (socket, RPC, v&agrave; dịch vụ Web) v&agrave; sử dụng WS-BPEL để kết hợp dịch vụ Web.</p>', 1),
(61, 'Kiến trúc phần mềm', 'INT3105', '1', NULL, 5, NULL, 3, '30/0/15', '    C&ocirc;ng nghệ phần mềm', '<p style="margin-left:36.0pt;">\r\n	Giới thiệu c&aacute;c l&yacute; thuyết nền tảng của kiến tr&uacute;c phần mềm, c&aacute;c kiến tr&uacute;c kinh điển v&agrave; hiện đại, c&aacute;c phương ph&aacute;p x&acirc;y dựng kiến tr&uacute;c phần mềm, một số chuẩn về t&agrave;i liệu kiến tr&uacute;c phần mềm.</p>\r\n<p style="margin-left:72.0pt;">\r\n	&middot;&nbsp;&nbsp;&nbsp;&nbsp;&nbsp;&nbsp; Hiểu được vị tr&iacute;, vai tr&ograve; kiến tr&uacute;c trong qu&aacute; tr&igrave;nh ph&aacute;t triển phần mềm.</p>\r\n<p style="margin-left:72.0pt;">\r\n	&middot;&nbsp;&nbsp;&nbsp;&nbsp;&nbsp;&nbsp; Nắm được c&aacute;c y&ecirc;u cầu phần mềm ảnh hưởng đến quyết định thiết kế kiến tr&uacute;c.</p>\r\n<p style="margin-left:72.0pt;">\r\n	&middot;&nbsp;&nbsp;&nbsp;&nbsp;&nbsp;&nbsp; Giới thiệu phương ph&aacute;p thiết kế để đạt được c&aacute;c y&ecirc;u cầu phi chức năng như t&iacute;nh dễ mở rộng, dễ th&iacute;ch nghi, độ sẵn s&agrave;ng cao, dễ sử dụng, tin cậy được;</p>\r\n<p style="margin-left:72.0pt;">\r\n	&middot;&nbsp;&nbsp;&nbsp;&nbsp;&nbsp;&nbsp; Giới thiệu c&aacute;c phương ph&aacute;p đ&aacute;nh gi&aacute; kiến tr&uacute;c v&agrave; ưu, nhược điểm của từng phương ph&aacute;p;</p>\r\n<p style="margin-left:72.0pt;">\r\n	&middot;&nbsp;&nbsp;&nbsp;&nbsp;&nbsp; Biết c&aacute;ch x&acirc;y dựng t&agrave;i liệu kiến tr&uacute;c</p>\r\n<p>\r\n	C&oacute; thể t&igrave;m hiểu v&agrave; &aacute;p dụng c&aacute;c kiến tr&uacute;c phần mềm hiện đại</p>', NULL, NULL, 1, 2, '<p>\r\n	M&ocirc;n học giới thiệu c&aacute;c kh&aacute;i niệm v&agrave; cơ sở l&yacute; thuyết của kiến tr&uacute;c phần mềm. Dựa tr&ecirc;n đ&oacute;, c&aacute;c kh&iacute;a cạnh của kiến tr&uacute;c phần mềm được giới thiệu ở cả g&oacute;c độ l&yacute; thuyết, nền tảng, v&agrave; thực tiễn. M&ocirc;n học cũng n&ecirc;u c&aacute;c phương ph&aacute;p x&acirc;y dựng, viết t&agrave;i liệu, đ&aacute;nh gi&aacute; kiến tr&uacute;c phần mềm, tầm quan trọng của kiến tr&uacute;c trong việc đảm bảo đ&aacute;p ứng được c&aacute;c y&ecirc;u cầu phi chức năng của hệ thống. Tiếp đ&oacute; phần ứng dụng hệ thống lại c&aacute;c kiến tr&uacute;c kinh điển v&agrave; một số kiến tr&uacute;c hiện đại, ưu nhược điểm của từng phương ph&aacute;p, v&agrave; với những y&ecirc;u cầu n&agrave;o, t&igrave;nh huống n&agrave;o th&igrave; n&ecirc;n chọn kiểu mẫu kiến tr&uacute;c n&agrave;o cho ph&ugrave; hợp.</p>', 1),
(62, 'Lập trình nhúng và thời gian thực', 'INT3046', NULL, NULL, 5, NULL, 3, '30/15/0', '\n	Ng&ocirc;n ngữ l&acirc;̣p trình n&acirc;ng cao, Ki&ecirc;́n trúc máy tính, Nguy&ecirc;n lý h&ecirc;̣ đi&ecirc;̀u hành', '<p>\r\n	- Kiến thức: Cung c&acirc;́p cho sinh vi&ecirc;n các khái ni&ecirc;̣m trong h&ecirc;̣ th&ocirc;́ng nhúng, trang bị các ki&ecirc;́n thức cơ bản v&ecirc;̀ h&ecirc;̣ đi&ecirc;̀u hành nhúng, b&ocirc;̣ vi xử lý nhúng và cách thi&ecirc;́t k&ecirc;́ các chương trình ph&acirc;̀n m&ecirc;̀m cho h&ecirc;̣ th&ocirc;́ng nhúng. Sinh vi&ecirc;n sẽ được ti&ecirc;́p c&acirc;̣n v&ecirc;̀ các v&acirc;́n đ&ecirc;̀ c&ocirc;ng ngh&ecirc;̣ mới nh&acirc;́t, thực hành tr&ecirc;n các thi&ecirc;́t bị m&ocirc; phỏng hi&ecirc;̣n đại. Sinh vi&ecirc;n sẽ được trang bị ki&ecirc;́n thức cơ bản đ&ecirc;̉ có khả năng tự tìm hi&ecirc;̉u khi ti&ecirc;́p xúc với các khái ni&ecirc;̣m mới và các c&ocirc;ng ngh&ecirc;̣ mới xung quanh h&ecirc;̣ th&ocirc;́ng nhúng.</p>\r\n<p>\r\n	- Kỹ năng: Cung c&acirc;́p các kỹ năng lập tr&igrave;nh Assembly v&agrave; l&acirc;̣p trình n&acirc;ng cao C và Java tr&ecirc;n h&ecirc;̣ th&ocirc;́ng nhúng. Hi&ecirc;̉u khái ni&ecirc;̣m đ&ocirc;̀ng thi&ecirc;́t k&ecirc;́ ph&acirc;̀n cứng và ph&acirc;̀n m&ecirc;̀m. V&acirc;̣n dụng các ki&ecirc;́n thức vào trong kỹ năng ph&acirc;n tích h&ecirc;̣ th&ocirc;́ng đa tác vụ, h&ecirc;̣ th&ocirc;́ng thời gian thực.</p>', NULL, NULL, 1, 2, '<p style="margin-left:36.0pt;">\r\n	-&nbsp;&nbsp;&nbsp;&nbsp;&nbsp;&nbsp; Giới thiệu c&aacute;c kh&aacute;i niệm cơ bản của hệ nh&uacute;ng, hệ thời gian thực v&agrave; c&aacute;c ứng dụng.</p>\r\n<p style="margin-left:36.0pt;">\r\n	-&nbsp;&nbsp;&nbsp;&nbsp;&nbsp;&nbsp; Những nguy&ecirc;n l&yacute; ph&aacute;t triển hệ nh&uacute;ng, cấu tr&uacute;c phần cứng v&agrave; phần mềm của hệ nh&uacute;ng, lập tr&igrave;nh hệ nh&uacute;ng.</p>\r\n<p style="margin-left:36.0pt;">\r\n	-&nbsp;&nbsp;&nbsp;&nbsp;&nbsp;&nbsp; Giới thiệu c&aacute;c c&ocirc;ng cụ ph&aacute;t triển hệ nh&uacute;ng v&agrave; m&ocirc;i trường lập tr&igrave;nh, triển khai hệ nh&uacute;ng tr&ecirc;n nền một số kiến tr&uacute;c CPU v&agrave; tập lệnh tương ứng.</p>\r\n<p style="margin-left:36.0pt;">\r\n	-&nbsp;&nbsp;&nbsp;&nbsp;&nbsp;&nbsp; Tập trung giới thiệu c&aacute;c c&ocirc;ng cụ m&atilde; nguồn mở v&agrave; những ứng dụng thực tiễn để sinh vi&ecirc;n dễ nắm bắt v&agrave; thực h&agrave;nh.</p>', 1),
(63, 'Phân tích và thiết kế hướng đối tượng', 'INT3110', '1', NULL, 5, NULL, 3, '30/15/0', '\n	Lập tr&igrave;nh hướng đối tượng (INT2204)&nbsp;', '<p style="margin-left:54.0pt;">\r\n	-&nbsp;&nbsp;&nbsp;&nbsp; Giới thiệu c&aacute;ch viết v&agrave; đọc y&ecirc;u cầu phần mềm</p>\r\n<p style="margin-left:54.0pt;">\r\n	-&nbsp;&nbsp;&nbsp;&nbsp; Giới thiệu về c&aacute;c biểu đồ UML sử dụng trong ph&acirc;n t&iacute;ch v&agrave; thiết kế</p>\r\n<p style="margin-left:54.0pt;">\r\n	-&nbsp;&nbsp;&nbsp;&nbsp; Hướng dẫn sinh vi&ecirc;n c&aacute;ch x&acirc;y dựng m&ocirc; h&igrave;nh ph&acirc;n t&iacute;ch</p>\r\n<p style="margin-left:54.0pt;">\r\n	-&nbsp;&nbsp;&nbsp;&nbsp; Hướng dẫn sinh vi&ecirc;n c&aacute;ch chuyển từ m&ocirc; h&igrave;nh ph&acirc;n t&iacute;ch sang m&ocirc; h&igrave;nh thiết kế</p>\r\n<p style="margin-left:54.0pt;">\r\n	-&nbsp;&nbsp;&nbsp;&nbsp; Hướng dẫn sinh vi&ecirc;n biết đọc v&agrave; c&agrave;i đặt c&aacute;c m&ocirc; h&igrave;nh thiết kế&nbsp;</p>', NULL, NULL, 1, 2, '<p>\r\n	Ph&acirc;n t&iacute;ch v&agrave; thiết kế hướng đối tượng l&agrave; một phương ph&aacute;p kỹ nghệ phần mềm cho ph&eacute;p m&ocirc; h&igrave;nh h&oacute;a hệ thống như một sự tương t&aacute;c giữa c&aacute;c đối tượng trong đ&oacute;. Ph&acirc;n t&iacute;ch thiết kế l&agrave; một kỹ thuật trung gian trong việc chuyển c&aacute;c y&ecirc;u cầu th&agrave;nh c&aacute;c hệ thống phần mềm thực thi được. C&aacute;c m&ocirc; h&igrave;nh kh&aacute;c nhau được tạo ra ở giai đoạn n&agrave;y để chỉ c&aacute;c c&aacute;ch nh&igrave;n cấu tr&uacute;c tĩnh, h&agrave;nh vi động, c&agrave;i đặt,&hellip; của tập c&aacute;c đối tượng. M&ocirc;n học bắt đầu với c&aacute;c kh&aacute;i niệm về m&ocirc; h&igrave;nh h&oacute;a hướng đối tượng, giới thiệu ng&ocirc;n ngữ m&ocirc; h&igrave;nh h&oacute;a thống nhất UML v&agrave; c&aacute;c biểu đồ của n&oacute; để biểu diễn c&aacute;c khung nh&igrave;n kh&aacute;c nhau của hệ thống. M&ocirc;n học sau đ&oacute; đi s&acirc;u v&agrave;o phần thu thập v&agrave; biễu diễn y&ecirc;u cầu phần mềm, c&aacute;c kỹ thuật ph&acirc;n t&iacute;ch v&agrave; c&aacute;c kỹ thuật thiết kế hệ thống theo phương ph&aacute;p hướng đối tượng.</p>', 1),
(64, 'Thiết kế giao diện người dùng', 'INT 3115', '1', NULL, 5, NULL, 3, '30/15/0', '\n	Ng&ocirc;n ngữ lập tr&igrave;nh bậc cao, Ph&acirc;n tích thi&ecirc;́t k&ecirc;́ h&ecirc;̣ th&ocirc;́ng, Lập tr&igrave;nh hướng đối tượng', '<p>\r\n	- Kiến thức:</p>\r\n<p style="margin-left:64.35pt;">\r\n	o&nbsp;&nbsp; Nắm vững c&aacute;c kh&aacute;i niệm cơ bản li&ecirc;n quan đến thi&ecirc;́t k&ecirc;́ giao di&ecirc;̣n ph&acirc;̀n m&ecirc;̀m tr&ecirc;n PC và di đ&ocirc;̣ng, lập tr&igrave;nh trực quan, l&acirc;̣p trình di đ&ocirc;̣ng.</p>\r\n<p style="margin-left:64.35pt;">\r\n	o&nbsp;&nbsp; Biết c&aacute;ch sử dụng m&ocirc;i trường thi&ecirc;́t k&ecirc;́ và l&acirc;̣p trình tr&ecirc;n Android</p>\r\n<p style="margin-left:64.35pt;">\r\n	o&nbsp;&nbsp; Biết c&aacute;ch vận dụng kiến thức đ&atilde; được tr&igrave;nh b&agrave;y để x&acirc;y dựng ứng dụng ch&uacute; trọng đến giao diện người d&ugrave;ng.</p>\r\n<p>\r\n	- Kỹ năng: Biết c&aacute;ch vận dụng tốt c&aacute;c kiến thức đ&atilde; được truyền dạy trong việc x&acirc;y dựng v&agrave; ph&aacute;t triển c&aacute;c ứng dụng tin học tr&ecirc;n m&ocirc;i trường lập tr&igrave;nh trực quan. Cụ thể:</p>\r\n<p style="margin-left:64.35pt;">\r\n	o&nbsp;&nbsp; Sử dụng th&agrave;nh thạo một m&ocirc;i trường lập tr&igrave;nh trực quan như Eclipse, NetBean.</p>\r\n<p style="margin-left:64.35pt;">\r\n	o&nbsp;&nbsp; Biết tận dụng tốt những th&agrave;nh phần c&oacute; sẵn để ph&aacute;t triển một c&aacute;ch hiệu quả c&aacute;c ứng dụng theo y&ecirc;u cầu cụ thể.</p>\r\n<p>\r\n	- Th&aacute;i độ, chuy&ecirc;n cần: nghi&ecirc;m chỉnh chấp h&agrave;nh giờ học v&agrave; l&agrave;m b&agrave;i tập tr&ecirc;n lớp, cũng như tham gia đầy đủ c&aacute;c b&agrave;i thực h&agrave;nh. Ngo&agrave;i ra, sinh vi&ecirc;n cần tu&acirc;n thủ y&ecirc;u cầu của giảng vi&ecirc;n về việc chuẩn bị trước mỗi buổi học, tu&acirc;n thủ giờ tự học v&agrave; chuẩn bị tốt c&aacute;c c&acirc;u hỏi trước khi l&ecirc;n lớp.</p>', NULL, NULL, 1, 2, '<p style="margin-left:64.35pt;">\r\n	o&nbsp;&nbsp; Cung cấp những kh&aacute;i niệm cơ bản về thi&ecirc;́t k&ecirc;́ giao di&ecirc;̣n (thi&ecirc;́t k&ecirc;́ layout, màu sắc, font chữ, các c&ocirc;ng cụ thi&ecirc;́t k&ecirc;́ giao di&ecirc;̣n) v&agrave; ph&aacute;t triển ứng dụng tr&ecirc;n m&ocirc;i trường dành cho PC, web và thi&ecirc;́t bị di đ&ocirc;̣ng.</p>\r\n<p style="margin-left:64.35pt;">\r\n	o&nbsp;&nbsp; Học cách thi&ecirc;́t k&ecirc;́ chương trình tr&ecirc;n m&ocirc;i trường di đ&ocirc;̣ng Android. Làm các bài t&acirc;̣p và các dự án li&ecirc;n quan.</p>\r\n<p style="margin-left:64.35pt;">\r\n	o&nbsp;&nbsp; Nguy&ecirc;n tắc thiết kế giao diện người &ndash; m&aacute;y để c&oacute; một giao diện tốt.</p>\r\n<p style="margin-left:64.35pt;">\r\n	o&nbsp;&nbsp; X&acirc;y dựng ứng dụng tr&ecirc;n m&ocirc;i trường ph&aacute;t triển trực quan.</p>', 1),
(65, 'Các tài liệu ngoài', NULL, NULL, NULL, 1, NULL, NULL, NULL, NULL, NULL, NULL, NULL, 1, 1, NULL, 1),
(66, 'Matlab và ứng dụng', 'EMA2006', '1', 'Đại học Công nghệ', 4, 2014, 3, '30 - 15', '<div>\r\n	Đại số, Giải t&iacute;ch 2</div>', '<p>\r\n	Gi&uacute;p sinh vi&ecirc;n sử dụng phần mềm Matlab trong học tập, nghi&ecirc;n cứu v&agrave; ứng dụng thực tế.</p>', NULL, NULL, 4, 3, '<ul>\r\n	<li>\r\n		Sơ lược về phần mềm Matlab</li>\r\n	<li>\r\n		T&iacute;nh to&aacute;n tr&ecirc;n ma trận, vector</li>\r\n	<li>\r\n		Biểu thức, h&agrave;m</li>\r\n	<li>\r\n		Vẽ đồ thị, biểu đồ</li>\r\n	<li>\r\n		Lập tr&igrave;nh đơn giản</li>\r\n	<li>\r\n		T&iacute;nh to&aacute;n to&aacute;n cao cấp</li>\r\n</ul>', 4),
(67, 'Cơ sở kỹ thuật điện', 'EMA2026', '1', 'Đại học Công nghệ', 5, 2014, 2, '22 - 8', '<div>\r\n	Cơ - nhiệt, Điện v&agrave; quang</div>', '<ul>\r\n	<li>\r\n		Ph&aacute;t biểu được kh&aacute;i niệm mạch điện một chiều</li>\r\n	<li>\r\n		Vẽ được m&ocirc; h&igrave;nh thay thế của mạnh điện</li>\r\n	<li>\r\n		Trang bị cho học sinh kh&aacute;i qu&aacute;t chung về mạch điện</li>\r\n</ul>', NULL, NULL, 4, 3, '<ul>\r\n	<li>\r\n		Mạch điện một chiều, c&aacute;c phần tử của mạch điện</li>\r\n	<li>\r\n		Kết cấu h&igrave;nh học cơ bản của mạch điện</li>\r\n	<li>\r\n		C&aacute;c đại lượng đặc trưng về mặt năng lượng</li>\r\n	<li>\r\n		M&ocirc; h&igrave;nh mạch điện</li>\r\n</ul>', NULL),
(68, 'Thị giác máy(tự chọn 1)', 'INT3412', '1', 'Đại học Công nghệ', 5, 2014, 3, '45', '<p>\r\n	Cấu tr&uacute;c dữ liệu v&agrave; giải thuật</p>', '<p>\r\n	Hiểu c&aacute;c kh&aacute;i ni&ecirc;m tổng qu&aacute;t li&ecirc;n quan đến thị gi&aacute;c m&aacute;y như m&ocirc; h&igrave;nh camera v&agrave; c&aacute;c vấn đề hiệu chỉnh ảnh, tr&iacute;ch r&uacute;t th&ocirc;ng tin kh&ocirc;ng gian từ ảnh, ph&acirc;n t&iacute;ch ảnh stereo, image stitching, v&agrave; nhận dạng đối tượng trong ảnh hoặc chuỗi h&igrave;nh ảnh; hiểu, sử dụng, c&agrave;i đặt c&aacute;c thuật to&aacute;n được sử dụng trong thị gi&aacute;c m&aacute;y; c&oacute; khả năng đọc hiểu v&agrave; c&agrave;i đặt được c&aacute;c thuật to&aacute;n được m&ocirc; tả t&agrave;i liệu, tạp ch&iacute; li&ecirc;n quan đến thị gi&aacute;c m&aacute;y; c&oacute; khả năng c&agrave;i đặt, &aacute;p dụng c&aacute;c thuật to&aacute;n trong thị gi&aacute;c m&aacute;y cho c&aacute;c b&agrave;i to&aacute;n thực tiễn.&nbsp;</p>', NULL, NULL, 1, 1, '<p>\r\n	Cung cấp cho sinh vi&ecirc;n c&aacute;c kiến thức cơ bản v&agrave; n&acirc;ng cao về c&aacute;c vấn đề của thị gi&aacute;c m&aacute;y t&iacute;nh đối với h&igrave;nh ảnh tĩnh, h&igrave;nh ảnh động theo kh&iacute;a cạnh của m&aacute;y t&iacute;nh v&agrave; c&aacute;c ứng dụng của ch&uacute;ng trong c&aacute;c lĩnh vực như ph&acirc;n t&iacute;ch ảnh, kiểm tra chất lượng, giải tr&iacute;, an ninh, t&igrave;m kiếm th&ocirc;ng tin. M&ocirc;n học n&agrave;y chứa đựng c&aacute;c th&agrave;nh phần l&yacute; thuyết cũng như thuật to&aacute;n cơ sở: h&igrave;nh học đa khung nh&igrave;n, chiếu s&aacute;ng, texture, điểm đặc trưng, tracking, ph&acirc;n cụm, nhận dạng.</p>', NULL),
(69, 'Web ngữ nghĩa(tự chọn 1)', 'INT3413', '1', 'Đại học Công nghệ', 5, 2014, 3, '45', '<p>\r\n	Cấu tr&uacute;c dữ liệu v&agrave; giải thuật</p>', '<p>\r\n	Hiểu được kh&aacute;i niệm ngữ nghĩa trong Web ngữ nghĩa, c&aacute;c c&uacute; ph&aacute;p v&agrave; cấu tr&uacute;c của n&oacute;; hiểu v&agrave; sử dụng được c&aacute;c phương ph&aacute;p m&ocirc; tả nội dung: Metadata, XML, RDF; biết v&agrave; x&acirc;y dựng được một số ứng dụng của Web&nbsp; ngữ nghĩa như t&igrave;m kiếm, quản l&yacute; nội dung.</p>', NULL, NULL, 1, 1, '<p>\r\n	&ldquo;Web ngữ nghĩa&rdquo; được Tim Berners-Lee đưa ra để m&ocirc; tả Web m&agrave; dữ liệu c&oacute; thể được xử l&yacute; tự động bởi m&aacute;y t&iacute;nh. M&ocirc;n học sẽ giới thiệu với người học c&aacute;c kiến thức về thế hệ mới của Web với c&aacute;c t&iacute;nh chất kh&aacute;c biệt để hỗ trợ việc sử dụng &ldquo;ngữ nghĩa&rdquo; một c&aacute;ch hiệu quả hơn, th&ocirc;ng minh hơn. C&aacute;c kỹ thuật quản l&yacute; th&ocirc;ng tin v&agrave; x&acirc;y dựng c&aacute;c ứng dụng tr&ecirc;n Web ngữ nghĩa sẽ được giới thiệu đến người học. Cụ thể m&ocirc;n học sẽ giới thiệu csc kiến tr&uacute;c ph&acirc;n cấp của web ngữ nghĩa bao gồm XML, RDF, ontology, logics, luật suy diễn v&agrave; c&aacute;c c&ocirc;ng cụ để ứng dụng thực tế.</p>', NULL),
(70, 'Lập trình thi đấu (tự chọn 1)', 'INT3512', '1', 'Đại học Công nghệ', 5, 2014, 3, '30 - 15', NULL, '<p>\r\n	Hiểu v&agrave; lập tr&igrave;nh được c&aacute;c cấu tr&uacute;c dữ liệu phức tạp như cấu tr&uacute;c c&acirc;y, c&acirc;y hậu tố, mảng băm; hiểu v&agrave; c&agrave;i đặt được c&aacute;c thuật to&aacute;n n&acirc;ng cao tr&ecirc;n đồ thị cũng như c&aacute;c thuật to&aacute;n kh&aacute;c để giải quyết c&aacute;c b&agrave;i to&aacute;n kh&oacute; v&agrave; phức tạp; c&oacute; khả năng sử dụng th&agrave;nh thạo ng&ocirc;n ngữ lập tr&igrave;nh C++ với c&aacute;c thư viện cơ bản v&agrave; n&acirc;ng cao; c&oacute; khả năng tham gia c&aacute;c cuộc thi đấu lập tr&igrave;nh như ACM/ICPC.</p>', NULL, NULL, 1, 1, '<p>\r\n	M&ocirc;n học cung cấp cho sinh vi&ecirc;n c&aacute;c kiến thức n&acirc;ng cao về cấu tr&uacute;c dữ liệu cũng như c&aacute;c giải thuật n&acirc;ng cao để giải quyết c&aacute;c b&agrave;i to&aacute;n kh&oacute;.&nbsp; M&ocirc;n học trang bị cho sinh vi&ecirc;n c&aacute;c kiến thức về l&agrave;m việc theo nh&oacute;m để giải quyết c&aacute;c b&agrave;i to&aacute;n kh&oacute; trong thời gian ngắn. N&acirc;ng cao kĩ năng lập tr&igrave;nh cho sinh vi&ecirc;n, đặc biệt l&agrave; c&aacute;c kĩ năng lập tr&igrave;nh với ng&ocirc;n ngữ C++.</p>', NULL);
INSERT INTO `tbl_subject` (`subject_id`, `subject_name`, `subject_code`, `subject_active`, `subject_university`, `subject_type`, `subject_year`, `subject_credits`, `subject_credit_hour`, `subject_requirement`, `subject_target`, `subject_info`, `subject_test`, `subject_faculty`, `subject_dept`, `subject_content`, `subject_general_faculty_id`) VALUES
(71, 'Phân tích và thiết kế thuật toán - Ứng dụng trong di động(tự chọn 1)', 'INT3513', '1', 'Đại học Công nghệ', 5, 2014, 3, '30 - 15', '<p>\r\n	Tin học cơ sở 4</p>', '<p>\r\n	Hiểu v&agrave; vận dụng được c&aacute;c k&iacute; hiệu O lớn, omega, theta để diễn tả khối lượng c&ocirc;ng việc của một thuật to&aacute;n; sử dụng O lớn, omega, theta để x&aacute;c định cận tr&ecirc;n, cận dưới của độ phức tạp về thời gian v&agrave; bộ nhớ của thuật to&aacute;n; hiểu v&agrave; vận dụng được một số thuật to&aacute;n để giải c&aacute;c b&agrave;i to&aacute;n thực tế; ph&acirc;n t&iacute;ch c&aacute;c yếu tố của b&agrave;i to&aacute;n để x&aacute;c định thuật to&aacute;n n&ecirc;n d&ugrave;ng; đ&aacute;nh gi&aacute;, c&agrave;i đặt được thuật to&aacute;n, minh chứng cho sự lựa chọn thuật to&aacute;n; giải c&aacute;c b&agrave;i to&aacute;n sử dụng c&aacute;c thuật to&aacute;n đồ thị cơ bản.</p>', NULL, NULL, 1, 1, '<p>\r\n	M&ocirc;n học trang bị cho sinh vi&ecirc;n kiến thức v&agrave; kỹ năng ph&acirc;n t&iacute;ch thiết kế thuật to&aacute;n, trong đ&oacute; tập trung v&agrave;o mảng c&aacute;c thuật to&aacute;n đồ thị, qui hoạch động, x&aacute;c suất, v.v. Sinh vi&ecirc;n được r&egrave;n luyện kỹ năng qua c&aacute;c b&agrave;i tập c&oacute; t&iacute;nh ứng dụng v&agrave; hấp dẫn, cụ thể l&agrave; m&ocirc;i trường di động.</p>', NULL),
(72, 'Các vấn đề hiện đại trong  KHMT(tự chọn 1)', 'INT3011', '1', 'Đại học Công nghệ', 5, 2014, 3, '21 - 24', '<p>\r\n	Tin học cơ sở 1</p>', '<p>\r\n	Gi&uacute;p sinh vi&ecirc;n tiếp cận với một số chủ đề thời sự của KHMT v&agrave; biết phương ph&aacute;p học kiến thức mới nhờ nh&oacute;m v&agrave; tự học; sinh vi&ecirc;n nắm được c&aacute;c kỹ năng đọc, hiểu v&agrave; tr&igrave;nh b&agrave;y kiến thức mới trong m&ocirc;i trường nh&oacute;m theo c&aacute;c mức kh&aacute;c nhau để thảo luận v&agrave; c&ugrave;ng nắm bắt một lĩnh vực mới; r&egrave;n luyện kỹ năng đọc, tổng hợp, ph&ecirc; ph&aacute;n v&agrave; đ&aacute;nh gi&aacute;.</p>', NULL, NULL, 1, 1, '<p>\r\n	M&ocirc;n học được tiến h&agrave;nh dưới dạng seminar. Lớp học sẽ được chia th&agrave;nh c&aacute;c nh&oacute;m từ 20 đến 40 sinh vi&ecirc;n. Tuỳ theo t&iacute;nh thời sự v&agrave; mặt bằng kiến thức của sinh vi&ecirc;n, chủ đề x&ecirc;mine được giảng vi&ecirc;n chọn v&agrave; giới thiệu tổng quan trước. Mỗi sinh vi&ecirc;n được ph&acirc;n c&ocirc;ng đọc, hiểu một nội dung khoa học thuộc chủ đề lớn đ&atilde; n&ecirc;u v&agrave; tr&igrave;nh b&agrave;y ở seminar. C&aacute;c nội dung n&agrave;y được chia th&agrave;nh chủ đề con v&agrave; c&oacute; trao đổi theo nh&oacute;m con trước để tăng chất lượng tr&igrave;nh b&agrave;y v&agrave; trao đổi ở nh&oacute;m lớn, ph&acirc;n bố thời lượng phụ thuộc v&agrave;o t&igrave;nh h&igrave;nh cụ thể. Chủ đề của seminar phụ thuộc v&agrave;o c&aacute;c th&agrave;nh tựu v&agrave; c&aacute;c hướng nghi&ecirc;n cứu hiện đại của C&ocirc;ng nghệ Th&ocirc;ng tin li&ecirc;n quan đến c&aacute;c lĩnh vực được quan t&acirc;m bởi ng&agrave;nh Khoa học M&aacute;y t&iacute;nh như: L&yacute; thuyết thuật to&aacute;n, Xử l&yacute; ng&ocirc;n ngữ, Xử l&yacute; ảnh, Tr&iacute; tuệ nh&acirc;n tạo, Hệ thời gian thực, v.v.</p>', NULL),
(73, 'Kiểm thử và đảm bảo chất lượng phần mềm(tự chọn 2)', 'INT3117', '1', 'Đại học Công nghệ', 5, 2014, 3, '30 - 15', '<p>\r\n	Lập tr&igrave;nh hướng đối tượng</p>', '<p>\r\n	Biết c&aacute;c kỹ thuật, c&aacute;c c&ocirc;ng nghệ mới trong ng&agrave;nh C&ocirc;ng nghệ th&ocirc;ng tin, ứng dụng trong ph&aacute;t triển c&aacute;c phần mềm đặc biệt, bảo đảm chất lượng v&agrave; an to&agrave;n, an ninh cho hệ thống; hiểu c&aacute;c kh&aacute;i niệm chung về quy tr&igrave;nh ph&aacute;t triển phần mềm, c&aacute;c kỹ thuật x&acirc;y dựng một hệ thống phần mềm c&oacute; chất lượng; c&oacute; kỹ năng &aacute;p dụng kiến thức v&agrave;o thực tế; c&oacute; tư duy logic;vận dụng c&aacute;c kiến thức về ph&acirc;n t&iacute;ch thiết kế để x&acirc;y dựng y&ecirc;u cầu, tiến h&agrave;nh ph&acirc;n t&iacute;ch v&agrave; thiết kế c&aacute;c hệ thống phần mềm.</p>', NULL, NULL, 1, 1, '<p>\r\n	M&ocirc;n học giới thiệu một số kỹ thuật ph&acirc;n t&iacute;ch chương tr&igrave;nh cơ bản để từ đ&oacute; sinh vi&ecirc;n hiểu tầm quan trọng của kiểm thử chương tr&igrave;nh ở c&aacute;c mức kiểm thử hộp trắng, qua đ&oacute; c&aacute;c kh&aacute;i niệm về bao phủ (coverage) được l&agrave;m r&otilde;. Tiếp đ&oacute; m&ocirc;n học giới thiệu một số qui tr&igrave;nh kiểm thử, c&aacute;c giai đoạn, v&agrave; c&aacute;c c&ocirc;ng việc phải l&agrave;m của kiểm thử vi&ecirc;n phần mềm c&ugrave;ng một số c&ocirc;ng cụ hỗ trợ. Sinh vi&ecirc;n sẽ thực h&agrave;nh c&aacute;c kỹ thuật ph&acirc;n t&iacute;ch chương tr&igrave;nh để tạo ra c&aacute;c ca kiểm thử thỏa m&atilde;n một ti&ecirc;u chuẩn bao phủ th&ocirc;ng dụng, c&ocirc;ng việc một lập tr&igrave;nh vi&ecirc;n&nbsp;&nbsp; chuy&ecirc;n nghiệp thường phải l&agrave;m để đảm bảo chất lượng m&atilde; nguồn ở mức kiểm thử đơn vị. Một số c&ocirc;ng cụ kiểm thử tự động cũng được giới thiệu c&ugrave;ng c&aacute;c mẫu t&agrave;i liệu qui tr&igrave;nh để sinh vi&ecirc;n thực hiện theo nh&oacute;m qua đ&oacute; nắm được c&ocirc;ng việc của một kiểm thử vi&ecirc;n chuy&ecirc;n nghiệp.</p>', NULL),
(74, 'Kiến trúc phần mềm(tự chọn 2)', 'INT3105', '1', 'Đại học Công nghệ', 5, 2014, 3, '45', '<p>\r\n	Lập tr&igrave;nh hướng đối tượng</p>', '<p>\r\n	Hiểu vị tr&iacute; của quan trọng của việc thiết kế kiến tr&uacute;c trong qu&aacute; tr&igrave;nh ph&aacute;t triển phần mềm; hiểu một c&aacute;ch cặn kẽ c&aacute;c kiểu kiến tr&uacute;c phổ biến v&agrave; ưu, nhược điểm của từng kiểu kiến tr&uacute;c; hiểu c&aacute;c phương ph&aacute;p thiết kế v&agrave; ph&acirc;n t&iacute;ch, đ&aacute;nh gi&aacute; kiến tr&uacute;c; biết c&aacute;ch tạo t&agrave;i liệu kiến tr&uacute;c; đọc hiểu c&aacute;c kiến tr&uacute;c phần mềm v&agrave; &aacute;p dụng.</p>', NULL, NULL, 1, 1, '<p>\r\n	M&ocirc;n học giới thiệu c&aacute;c kh&aacute;i niệm v&agrave; kiến thức cơ bản li&ecirc;n quan đến kiến tr&uacute;c phần mềm, bao gồm cả kh&iacute;a cạnh l&yacute; thuyết v&agrave; thực h&agrave;nh. Một phần của m&ocirc;n học sẽ giới thiệu về c&aacute;c kiểu kiến tr&uacute;c phổ biến như kh&aacute;ch-chủ (client-server), ph&acirc;n tầng, ống&nbsp; v&agrave; bộ lọc (pipe and filter). Sinh vi&ecirc;n sẽ được t&igrave;m hiểu, ph&acirc;n t&iacute;ch c&aacute;c kiểu kiến tr&uacute;c dưới g&oacute;c nh&igrave;n của c&aacute;c thuộc t&iacute;nh chất lượng (quality attributes) như t&iacute;nh sẵn s&agrave;ng (availability), t&iacute;nh khả mở (scalability), v&agrave; t&iacute;nh khả đổi (modifiability). Kho&aacute; học cũng sẽ cung cấp cho sinh vi&ecirc;n c&aacute;c phương ph&aacute;p để thiết kế, viết t&agrave;i liệu, v&agrave; đ&aacute;nh gi&aacute; kiến tr&uacute;c phần mềm.</p>', NULL),
(75, 'Lập trình nhúng và thời gian thực(tự chọn 2)', 'INT3108', '1', 'Đại học Công nghệ', 5, 2014, 3, '30 - 15', '<p>\r\n	Kiến tr&uacute;c m&aacute;y t&iacute;nh,&nbsp;Lập tr&igrave;nh n&acirc;ng cao</p>', '<p>\r\n	Cung c&acirc;́p cho sinh vi&ecirc;n các khái ni&ecirc;̣m trong h&ecirc;̣ th&ocirc;́ng nhúng, trang bị các ki&ecirc;́n thức cơ bản v&ecirc;̀ h&ecirc;̣ đi&ecirc;̀u hành nhúng, b&ocirc;̣ vi xử lý nhúng và cách thi&ecirc;́t k&ecirc;́ các chương trình ph&acirc;̀n m&ecirc;̀m cho h&ecirc;̣ th&ocirc;́ng nhúng. Sinh vi&ecirc;n sẽ được ti&ecirc;́p c&acirc;̣n v&ecirc;̀ các v&acirc;́n đ&ecirc;̀ c&ocirc;ng ngh&ecirc;̣ mới nh&acirc;́t, thực hành tr&ecirc;n các thi&ecirc;́t bị m&ocirc; phỏng hi&ecirc;̣n đại. Sinh vi&ecirc;n sẽ được trang bị ki&ecirc;́n thức cơ bản đ&ecirc;̉ có khả năng tự tìm hi&ecirc;̉u khi ti&ecirc;́p xúc với các khái ni&ecirc;̣m mới và các c&ocirc;ng ngh&ecirc;̣ mới xung quanh h&ecirc;̣ th&ocirc;́ng nhúng; Cung c&acirc;́p các kỹ năng l&acirc;̣p trình C và Java tr&ecirc;n h&ecirc;̣ th&ocirc;́ng nhúng. Hi&ecirc;̉u khái ni&ecirc;̣m đ&ocirc;̀ng thi&ecirc;́t k&ecirc;́ ph&acirc;̀n cứng và ph&acirc;̀n m&ecirc;̀m. V&acirc;̣n dụng các ki&ecirc;́n thức vào trong kỹ năng ph&acirc;n tích h&ecirc;̣ th&ocirc;́ng đa tác vụ, h&ecirc;̣ th&ocirc;́ng thời gian thực.</p>', NULL, NULL, 1, 1, '<p>\r\n	M&ocirc;n học giới thiệu v&agrave; cung cấp c&aacute;c kh&aacute;i niệm cơ bản của hệ nh&uacute;ng, hệ thời gian thực v&agrave; c&aacute;c ứng dụng. Sinh vi&ecirc;n sẽ nắm vững nguy&ecirc;n l&yacute; ph&aacute;t triển hệ nh&uacute;ng, cấu tr&uacute;c phần cứng v&agrave; phần mềm của hệ nh&uacute;ng, lập tr&igrave;nh hệ nh&uacute;ng. Sinh vi&ecirc;n được học tr&ecirc;n m&ocirc;i trường lập tr&igrave;nh v&agrave; sử dụng c&aacute;c c&ocirc;ng cụ ph&aacute;t triển hệ nh&uacute;ng, triển khai hệ nh&uacute;ng tr&ecirc;n nền một số kiến tr&uacute;c CPU v&agrave; tập lệnh tương ứng. Ngo&agrave;i ra, m&ocirc;n học tập trung giới thiệu c&aacute;c c&ocirc;ng cụ m&atilde; nguồn mở v&agrave; những ứng dụng thực tiễn để sinh vi&ecirc;n dễ nắm bắt v&agrave; thực h&agrave;nh.</p>', NULL),
(76, 'Phân tích và thiết kế hướng đối tượng(tự chọn 2)', 'INT3110', '1', 'Đại học Công nghệ', 5, 2014, 3, '30 - 15', '<p>\r\n	Lập tr&igrave;nh hướng đối tượng</p>', '<p>\r\n	Hiểu v&agrave; vận dụng được c&aacute;c k&iacute; ph&aacute;p của ng&ocirc;n ngữ UML trong ph&acirc;n t&iacute;ch thiết kế;biết thu thập v&agrave; biểu diễn c&aacute;c y&ecirc;u cầu (chức năng v&agrave; phi chức năng) của hệ thống phần mềm;biết x&acirc;y dựng m&ocirc; h&igrave;nh ph&acirc;n t&iacute;ch từ y&ecirc;u cầu hệ thống;biết chuyển từ m&ocirc; h&igrave;nh ph&acirc;n t&iacute;ch sang m&ocirc; h&igrave;nh thiết kế l&agrave; m&ocirc; h&igrave;nh c&oacute; thể c&agrave;i đặt được bằng c&aacute;c ng&ocirc;n ngữ lập tr&igrave;nh.</p>', NULL, NULL, 1, 1, '<p>\r\n	Ph&acirc;n t&iacute;ch v&agrave; thiết kế hướng đối tượng (OOAD) l&agrave; một phương ph&aacute;p kỹ nghệ phần mềm cho ph&eacute;p m&ocirc; h&igrave;nh h&oacute;a hệ thống như một tập c&aacute;c đối tượng tương t&aacute;c với nhau. Ph&acirc;n t&iacute;ch thiết kế l&agrave; một kỹ thuật trung gian trong việc chuyển c&aacute;c y&ecirc;u cầu th&agrave;nh c&aacute;c hệ thống phần mềm thực thi được. M&ocirc;n học bắt đầu với c&aacute;c kh&aacute;i niệm về m&ocirc; h&igrave;nh h&oacute;a hướng đối tượng, giới thiệu ng&ocirc;n ngữ m&ocirc; h&igrave;nh h&oacute;a thống nhất UML v&agrave; c&aacute;c biểu đồ của n&oacute; để biểu diễn c&aacute;c khung nh&igrave;n kh&aacute;c nhau của hệ thống. M&ocirc;n học sau đ&oacute; đi s&acirc;u v&agrave;o phần thu thập v&agrave; biễu diễn y&ecirc;u cầu phần mềm, c&aacute;c kỹ thuật ph&acirc;n t&iacute;ch v&agrave; c&aacute;c kỹ thuật thiết kế hệ thống theo phương ph&aacute;p hướng đối tượng.</p>', NULL),
(77, 'Quản lý dự án phần mềm', 'INT3111', '1', 'Đại học Công nghệ', 5, 2014, 3, '45', '<p>\r\n	C&ocirc;ng nghệ phần mềm</p>', '<p>\r\n	Hiểu được c&aacute;c kh&aacute;i niệm cơ bản về quản l&yacute; dự &aacute;n phần mềm v&agrave; tầm quan trọng của n&oacute;; c&oacute; khả năng dựng một dự &aacute;n phần mềm, kiểm so&aacute;t dự &aacute;n v&agrave; c&oacute; thể sử dụng một số c&ocirc;ng cụ phục vụ quản trị dự &aacute;n; c&oacute; kỹ năng l&agrave;m việc nh&oacute;m v&agrave; kỹ năng giao tiếp th&ocirc;ng qua thực h&agrave;nh quản l&yacute; một dự &aacute;n đơn giản.</p>', NULL, NULL, 1, 1, '<p>\r\n	M&ocirc;n học nhằm trang bị c&aacute;c kiến thức cơ bản v&agrave; một số kỹ năng về quản trị dự &aacute;n phần mềm. Cụ thể hơn, qua m&ocirc;n học sinh vi&ecirc;n cần c&oacute; khả năng dựng một dự &aacute;n phần mềm, kiểm so&aacute;t dự &aacute;n v&agrave; c&oacute; thể sử dụng một số c&ocirc;ng cụ phục vụ quản trị dự &aacute;n. Nội dung ch&iacute;nh của m&ocirc;n học tập trung v&agrave;o những vấn đề như: m&ocirc; h&igrave;nh ph&aacute;t triển phần mềm, c&aacute;c kh&aacute;i niệm cơ bản về dự &aacute;n v&agrave; quản trị dự &aacute;n, c&aacute;c c&ocirc;ng việc quản trị dự &aacute;n phải l&agrave;m đối với mỗi giai đoạn trong quy tr&igrave;nh ph&aacute;t triển phần mềm v&agrave; một số kỹ thuật quản trị dự &aacute;n. Song song với việc học c&aacute;c kh&aacute;i niệm v&agrave; nguy&ecirc;n l&yacute; sinh vi&ecirc;n buộc phải thực hiện c&aacute;c b&agrave;i tập lớn, chủ yếu l&agrave; x&acirc;y dựng dự &aacute;n phần mềm như thế n&agrave;o. Sinh vi&ecirc;n cũng được hướng dẫn về phần mềm hỗ trợ quản trị dự &aacute;n.</p>', NULL),
(78, 'Xử lý tín hiệu số', 'ELT3044', NULL, NULL, 5, NULL, 2, '30 -0 - 0', NULL, '-Kiến thức: biểu diễn t&iacute;n hiệu theo chuỗi v&agrave; suy luận c&aacute;c t&iacute;nh chất của t&iacute;n hiệu; biểu&nbsp; diễn hệ thống rời rạc v&agrave; suy luận c&aacute;c t&iacute;nh chất v&agrave; th&ocirc;ng số của hệ thống; hiểu được&nbsp; kh&aacute;i niệm aliasing khi rời rạc h&oacute;a t&iacute;n hiệu, sử dụng c&aacute;c biến đổi Z, DTFT v&agrave; DFT;&nbsp; hiểu c&aacute;c giải thuật FFT. - Kỹ năng: &aacute;p dụng c&aacute;c phương ph&aacute;p v&agrave; sử dụng c&aacute;c c&ocirc;ng cụ hỗ trợ trong việc ph&acirc;n&nbsp; t&iacute;ch c&aacute;c hệ thống v&agrave; t&iacute;n hiệu; c&aacute;c kỹ năng tư duy độc lập; khả năng ph&aacute;t hiện, đ&aacute;nh gi&aacute; v&agrave; giải quyết vấn đề một c&aacute;ch c&oacute; hệ thống.', '<div>\r\n	Ph&acirc;n t&iacute;ch t&iacute;n hiệu v&agrave; hệ thống rời rạc&nbsp;</div>\r\n<div>\r\n	trong miền thời gian. Ph&acirc;n t&iacute;ch t&iacute;n hiệu v&agrave; hệ thống rời rạc bằng biển đổi z. Ph&acirc;n t&iacute;ch t&iacute;n&nbsp;</div>\r\n<div>\r\n	hiệu v&agrave; hệ thống rời rạc trong miền tần số.</div>', NULL, 2, NULL, '<div>\r\n	Ph&acirc;n t&iacute;ch t&iacute;n hiệu v&agrave; hệ thống rời rạc&nbsp;</div>\r\n<div>\r\n	trong miền thời gian. Ph&acirc;n t&iacute;ch t&iacute;n hiệu v&agrave; hệ thống rời rạc bằng biển đổi z. Ph&acirc;n t&iacute;ch t&iacute;n&nbsp;</div>\r\n<div>\r\n	hiệu v&agrave; hệ thống rời rạc trong miền tần số.</div>', NULL),
(79, 'Nhập môn an toàn thông tin(tự chọn 2)', 'INT3213', '1', 'Đại học Công nghệ', 5, 2014, 3, '45', '<p>\r\n	Cơ sở dữ liệu</p>', '<p>\r\n	Tr&igrave;nh b&agrave;y được kh&aacute;i niệm an to&agrave;n th&ocirc;ng tin; tr&igrave;nh b&agrave;y được c&aacute;c tầng bảo vệ th&ocirc;ng tin: an to&agrave;n m&aacute;y t&iacute;nh; an to&agrave;n mạng m&aacute;y t&iacute;nh; an to&agrave;n c&aacute;c thiết bị kết nối với m&aacute;y t&iacute;nh, mạng m&aacute;y t&iacute;nh; an ninh cơ sở dữ liệu; tr&igrave;nh b&agrave;y c&aacute;c c&ocirc;ng cụ, giải ph&aacute;p c&ocirc;ng nghệ để thực hiện những chức năng ở tr&ecirc;n như: tường lửa; hệ thống bảo mật dựa tr&ecirc;n kh&oacute;a c&ocirc;ng khai; hệ thống ph&aacute;t hiện v&agrave; diệt virus; hệ thống ph&aacute;t hiện lỗ hổng v&agrave; xử l&yacute; c&aacute;c lỗ hổng, ...; qua kiến thức đ&atilde; học sinh vi&ecirc;n c&oacute; thể c&oacute; &yacute; thức về an to&agrave;n th&ocirc;ng tin, đồng thời c&oacute; c&aacute;c kỹ năng sử dụng c&aacute;c c&ocirc;ng cụ thực hiện c&aacute;c chức năng được liệt k&ecirc; ở tr&ecirc;n; c&oacute; khả năng tư vấn, thiết kế c&aacute;c tầng bảo mật cho m&aacute;y t&iacute;nh.</p>', NULL, NULL, 1, 1, '<p>\r\n	Tr&igrave;nh b&agrave;y những nội dung li&ecirc;n quan đến vấn đề bảo đảm An to&agrave;n th&ocirc;ng tin trong m&aacute;y t&iacute;nh v&agrave; tr&ecirc;n đường truyền tin, bao gồm: bảo mật, bảo to&agrave;n, x&aacute;c thực, sẵn s&agrave;ng, chống chối c&atilde;i, ... M&ocirc;n học cũng đề cập đến c&aacute;c phương ph&aacute;p khoa học v&agrave; c&ocirc;ng nghệ để thực hiện&nbsp; c&aacute;c chức năng tr&ecirc;n.</p>', NULL);

-- --------------------------------------------------------

--
-- Table structure for table `tbl_subject_doc`
--

CREATE TABLE IF NOT EXISTS `tbl_subject_doc` (
  `id` int(5) NOT NULL AUTO_INCREMENT,
  `subject_id` int(5) DEFAULT NULL,
  `doc_id` int(5) DEFAULT NULL,
  `doc_type` int(2) DEFAULT NULL,
  `active` int(2) DEFAULT NULL,
  PRIMARY KEY (`id`)
) ENGINE=InnoDB  DEFAULT CHARSET=latin1 AUTO_INCREMENT=1274 ;

--
-- Dumping data for table `tbl_subject_doc`
--

INSERT INTO `tbl_subject_doc` (`id`, `subject_id`, `doc_id`, `doc_type`, `active`) VALUES
(1, 3, 1, 2, 1),
(5, 6, 5, 2, 1),
(6, 6, 6, 2, 1),
(7, 8, 7, 2, 1),
(14, 28, 14, 2, 1),
(19, 28, 19, 2, 1),
(25, 28, 25, 3, 1),
(26, 11, 26, 2, 1),
(27, 28, 27, 2, 1),
(28, 4, 28, 1, 1),
(29, 28, 29, 2, 1),
(30, 8, 30, 2, 1),
(31, 3, 31, 2, 1),
(34, 11, 34, 1, 1),
(35, 2, 35, 1, 1),
(36, 1, 36, 1, 1),
(38, 6, 38, 1, 1),
(39, 23, 39, 3, 1),
(40, 3, 40, 2, 1),
(41, 3, 41, 1, 1),
(42, 28, 42, 3, 1),
(43, 6, 43, 3, 1),
(44, 6, 44, 1, 1),
(986, 3, 986, 1, 1),
(987, 37, 987, 1, 1),
(988, 5, 988, 2, 1),
(989, 28, 989, 2, 1),
(990, 3, 990, 2, 0),
(991, 36, 991, 3, 0),
(992, 1, 992, 2, 0),
(993, 2, 993, 2, 0),
(994, 3, 994, 2, 0),
(995, 1, 995, 2, 0),
(996, 1, 996, 2, 0),
(997, 1, 997, 2, 0),
(998, 1, 998, 2, 0),
(999, 1, 999, 2, 0),
(1000, 2, 1000, 2, 0),
(1001, 1, 1001, 2, 0),
(1002, 2, 1002, 2, 0),
(1003, 1, 1003, 2, 0),
(1004, 2, 1004, 2, 0),
(1005, 1, 1005, 2, 0),
(1006, 3, 1006, 2, 0),
(1007, 1, 1007, 2, 0),
(1008, 3, 1008, 2, 0),
(1009, 1, 1009, 2, 0),
(1010, 3, 1010, 2, 0),
(1011, 1, 1011, 2, 0),
(1012, 1, 1012, 2, 0),
(1013, 1, 1013, 2, 0),
(1014, 1, 1014, 2, 0),
(1015, 1, 1015, 2, 0),
(1016, 1, 1016, 2, 0),
(1017, 1, 1017, 2, 0),
(1018, 2, 1018, 2, 0),
(1019, 1, 1019, 2, 0),
(1020, 2, 1020, 2, 0),
(1021, 1, 1021, 2, 0),
(1022, 1, 1022, 2, 0),
(1023, 2, 1023, 2, 0),
(1024, 1, 1024, 2, 0),
(1025, 1, 1025, 2, 0),
(1026, 3, 1026, 2, 0),
(1027, 1, 1027, 2, 0),
(1028, 1, 1028, 2, 0),
(1029, 3, 1029, 2, 0),
(1030, 1, 1030, 2, 0),
(1031, 1, 1031, 2, 0),
(1032, 3, 1032, 2, 0),
(1033, 1, 1033, 2, 0),
(1034, 1, 1034, 2, 0),
(1035, 1, 1035, 2, 0),
(1036, 1, 1036, 2, 0),
(1037, 1, 1037, 2, 0),
(1038, 1, 1038, 2, 0),
(1039, 1, 1039, 2, 0),
(1040, 1, 1040, 2, 0),
(1041, 2, 1041, 2, 0),
(1042, 2, 1042, 2, 0),
(1043, 1, 1043, 2, 0),
(1044, 1, 1044, 2, 0),
(1045, 2, 1045, 2, 0),
(1046, 1, 1046, 2, 0),
(1047, 1, 1047, 2, 0),
(1048, 2, 1048, 2, 0),
(1049, 1, 1049, 2, 0),
(1050, 2, 1050, 2, 0),
(1051, 1, 1051, 2, 0),
(1052, 1, 1052, 2, 0),
(1053, 2, 1053, 2, 0),
(1054, 2, 1054, 2, 0),
(1055, 2, 1055, 2, 0),
(1056, 3, 1056, 2, 0),
(1057, 1, 1057, 2, 0),
(1058, 3, 1058, 2, 0),
(1059, 1, 1059, 2, 0),
(1060, 2, 1060, 2, 0),
(1061, 2, 1061, 2, 0),
(1062, 1, 1062, 2, 0),
(1063, 3, 1063, 2, 0),
(1064, 2, 1064, 2, 0),
(1065, 2, 1065, 2, 0),
(1066, 1, 1066, 2, 0),
(1067, 3, 1067, 2, 0),
(1068, 3, 1068, 2, 0),
(1069, 3, 1069, 2, 0),
(1070, 1, 1070, 2, 0),
(1071, 3, 1071, 2, 0),
(1072, 1, 1072, 2, 0),
(1073, 3, 1073, 2, 0),
(1074, 3, 1074, 2, 0),
(1075, 1, 1075, 2, 0),
(1076, 3, 1076, 2, 0),
(1077, 1, 1077, 2, 0),
(1078, 1, 1078, 2, 0),
(1079, 1, 1079, 2, 0),
(1080, 1, 1080, 2, 0),
(1081, 1, 1081, 2, 0),
(1082, 3, 1082, 2, 0),
(1083, 2, 1083, 2, 0),
(1084, 1, 1084, 2, 0),
(1085, 1, 1085, 2, 0),
(1086, 1, 1086, 2, 0),
(1087, 2, 1087, 2, 0),
(1088, 1, 1088, 3, 0),
(1089, 2, 1089, 3, 0),
(1090, 3, 1090, 3, 0),
(1091, 1, 1091, 1, 0),
(1092, 2, 1092, 1, 0),
(1093, 3, 1093, 1, 0),
(1094, 1, 1094, 1, 0),
(1098, 28, 1098, 2, 0),
(1099, 40, 1099, 2, 0),
(1100, 9, 1100, 3, 0),
(1101, 7, 1101, 3, 0),
(1102, 8, 1102, 2, 0),
(1103, 51, 1103, 2, 0),
(1104, 7, 1104, 2, 0),
(1105, 27, 1105, 2, 0),
(1106, 28, 1106, 2, 0),
(1107, 8, 1107, 2, 0),
(1108, 8, 1108, 3, 0),
(1110, 8, 1110, 3, 0),
(1119, 6, 1119, 3, 0),
(1120, 6, 1120, 3, 0),
(1121, 6, 1121, 3, 0),
(1122, 65, 1111, NULL, NULL),
(1123, 7, 1122, 3, 0),
(1124, 3, 1123, 3, 0),
(1125, 47, 1124, 3, 0),
(1126, 4, 1125, 1, 0),
(1127, 4, 1126, 2, 0),
(1128, 4, 1127, 1, 0),
(1129, 4, 1128, 2, 0),
(1130, 4, 1129, 1, 0),
(1131, 41, 1130, 3, 0),
(1132, 6, 1131, 3, 0),
(1133, 3, 1132, 1, 0),
(1134, 37, 1133, 1, 0),
(1135, 43, 1134, 1, 0),
(1136, 48, 1135, 1, 0),
(1137, 48, 1136, 1, 0),
(1138, 10, 1137, 1, 0),
(1139, 3, 1138, 1, 0),
(1140, 10, 1139, 3, 1),
(1141, 65, 1140, 2, 1),
(1142, 36, 1141, 1, 0),
(1143, 44, 1142, 3, 1),
(1144, 44, 1143, 3, 1),
(1145, 38, 1144, 1, 0),
(1146, 40, 1145, 2, 0),
(1147, 40, 1146, 2, 0),
(1148, 38, 1147, 1, 1),
(1149, 3, 1148, 1, 0),
(1150, 36, 1149, 1, 0),
(1151, 3, 1150, 1, 1),
(1153, 37, 1152, 3, 1),
(1154, 8, 1153, 2, 0),
(1155, 7, 1154, 2, 1),
(1156, 8, 1155, 1, 0),
(1157, 30, 1156, 3, 0),
(1158, 4, 1157, 2, 0),
(1159, 66, 1158, 2, 0),
(1160, 66, 1159, 2, 0),
(1161, 66, 1160, 2, 0),
(1162, 37, 1161, 1, 0),
(1163, 36, 1162, 1, 0),
(1164, 4, 1163, 2, 0),
(1165, 45, 1164, 1, 0),
(1166, 44, 1165, 2, 0),
(1167, 7, 1166, 3, 1),
(1168, 78, 1167, 1, 0),
(1169, 78, 1168, 1, 0),
(1170, 78, 1169, 1, 0),
(1171, 78, 1170, 1, 0),
(1172, 78, 1171, 1, 0),
(1173, 78, 1172, 1, 0),
(1174, 78, 1173, 1, 0),
(1175, 36, 1174, 2, 0),
(1176, 8, 1175, 1, 0),
(1177, 37, 1176, 1, 0),
(1178, 29, 1177, 3, 0),
(1179, 78, 1178, 2, 0),
(1180, 66, 1179, 2, 0),
(1181, 78, 1180, 2, 0),
(1182, 78, 1181, 3, 0),
(1183, 4, 1182, 3, 0),
(1184, 36, 1183, 1, 0),
(1185, 8, 1184, 2, 0),
(1186, 79, 1185, 3, 0),
(1228, 47, 1227, 1, 0),
(1229, 78, 1228, 2, 0),
(1230, 78, 1229, 2, 0),
(1231, 36, 1230, 1, 1),
(1232, 45, 1231, 1, 0),
(1233, 38, 1232, 1, 0),
(1234, 29, 1233, 2, 0),
(1235, 29, 1234, 2, 0),
(1236, 45, 1235, 1, 0),
(1237, 36, 1236, 1, 0),
(1238, 36, 1237, 1, 0),
(1239, 36, 1238, 1, 0),
(1240, 40, 1239, 2, 0),
(1241, 37, 1240, 1, 0),
(1242, 36, 1241, 1, 0),
(1244, 6, 1242, 2, 0),
(1245, 6, 1243, 2, 0),
(1246, 6, 1244, 2, 0),
(1247, 6, 1245, 2, 0),
(1248, 6, 1246, 2, 0),
(1249, 6, 1247, 2, 0),
(1250, 6, 1248, 2, 0),
(1251, 63, 1249, 2, 0),
(1252, 65, 1250, 1, 0),
(1253, 65, 1251, 1, 0),
(1254, 65, 1252, 1, 0),
(1255, 65, 1253, 1, 0),
(1256, 38, 1254, 3, 1),
(1257, 3, 1255, 2, 0),
(1258, 44, 1256, 2, 0),
(1259, 44, 1257, 2, 0),
(1260, 44, 1258, 1, 0),
(1261, 6, 1259, 1, 0),
(1262, 44, 1260, 2, 0),
(1263, 44, 1261, 3, 0),
(1264, 1, 1262, 1, 0),
(1265, 8, 1263, 3, 0),
(1266, 4, 1264, 2, 0),
(1267, 6, 1265, 2, 0),
(1268, 39, 1266, 1, 0),
(1269, 41, 1267, 1, 0),
(1270, 40, 1268, 2, 0),
(1271, 40, 1269, 2, 0),
(1272, 5, 1270, 1, 0),
(1273, 28, 1271, 3, 0);

-- --------------------------------------------------------

--
-- Table structure for table `tbl_subject_faculty`
--

CREATE TABLE IF NOT EXISTS `tbl_subject_faculty` (
  `id` int(11) NOT NULL AUTO_INCREMENT,
  `subject_id` int(11) DEFAULT NULL,
  `faculty_id` int(11) DEFAULT NULL,
  `is_active` int(11) DEFAULT NULL,
  `university_id` int(11) DEFAULT NULL,
  PRIMARY KEY (`id`)
) ENGINE=InnoDB DEFAULT CHARSET=utf8 AUTO_INCREMENT=1 ;

-- --------------------------------------------------------

--
-- Table structure for table `tbl_subject_group`
--

CREATE TABLE IF NOT EXISTS `tbl_subject_group` (
  `id` int(11) NOT NULL AUTO_INCREMENT,
  `subject_type_id` int(11) DEFAULT NULL,
  `faculty_id` int(11) DEFAULT NULL,
  `dept_id` int(11) DEFAULT NULL,
  `subject_group_name` varchar(255) CHARACTER SET utf8 DEFAULT NULL,
  `subject_group_info` varchar(10000) CHARACTER SET utf8 DEFAULT NULL,
  PRIMARY KEY (`id`)
) ENGINE=InnoDB DEFAULT CHARSET=latin1 AUTO_INCREMENT=1 ;

-- --------------------------------------------------------

--
-- Table structure for table `tbl_subject_group_type`
--

CREATE TABLE IF NOT EXISTS `tbl_subject_group_type` (
  `subject_type_id` int(11) NOT NULL AUTO_INCREMENT,
  `subject_group_type` varchar(255) CHARACTER SET utf8 DEFAULT NULL,
  `active` int(2) DEFAULT NULL,
  `detail` text CHARACTER SET utf8,
  `subject_group` int(2) DEFAULT NULL,
  `subject_dept` int(2) DEFAULT NULL,
  `subject_faculty` int(2) DEFAULT NULL,
  PRIMARY KEY (`subject_type_id`)
) ENGINE=InnoDB  DEFAULT CHARSET=latin1 AUTO_INCREMENT=36 ;

--
-- Dumping data for table `tbl_subject_group_type`
--

INSERT INTO `tbl_subject_group_type` (`subject_type_id`, `subject_group_type`, `active`, `detail`, `subject_group`, `subject_dept`, `subject_faculty`) VALUES
(0, NULL, NULL, NULL, NULL, NULL, NULL),
(1, 'Lý luận chính trị', 1, ' <p>\r\n                                        -	Hiểu được hệ thống tri thức khoa học những nguyên lý cơ bản của Chủ nghĩa Mác Lênin; <br/>\r\n                                        -	Hiểu được hệ thống tri thức khoa học những nguyên lý cơ bản của Chủ nghĩa Mác Lênin; <br/>\r\n                                        -	Hiểu được những kiến thức cơ bản, có tính hệ thống về tư tưởng, đạo đức, giá trị văn hóa Hồ Chí Minh, những nội dung cơ bản của Đường lối cách mạng của Đảng Cộng sản Việt Nam, chủ yếu là đường lối trong thời kỳ đổi mới trên một số lĩnh vực cơ bản của đời sống xã hội.<br/>\r\n\r\n                                   </p>', 1, 1, 1),
(2, 'Tin học', 1, '<p>\r\n                                        -	Nhớ và giải thích được các kiến thức cơ bản về thông tin;<br/>\r\n                                        -	Sử dụng được công cụ xử lý thông tin thông dụng (hệ điều hành, các phần mềm hỗ trợ công tác văn phòng và khai thác Internet ...);<br/>\r\n                                        -	Có khả năng phân tích, đánh giá và lập trình một ngôn ngữ lập trình bậc cao (hiểu các cấu trúc điều khiển, các kiểu dữ liệu có cấu trúc, hàm/chương trình con, biến cục bộ/biến toàn cục, vào ra dữ liệu tệp, các bước để xây dựng chương trình hoàn chỉnh);<br/>\r\n                                        -	Có khả năng phân tích, đánh giá phương pháp lập trình hướng thủ tục và lập trình hướng đối tượng; phân biệt được ưu và nhược điểm của hai phương pháp lập trình.<br/>\r\n\r\n                                    </p>', 1, 1, 1),
(3, 'Ngoại ngữ ', 1, '<p>\r\n                                            -	Có thể hiểu được nhiều kiểu văn bản dài, khó và nắm bắt được ngụ ý.<br/>\r\n                                            -	Có thể diễn đạt ý mình một cách trôi chảy, tức thì mà không phải quá vất vả tìm từ.<br/>\r\n                                            -	Có thể sử dụng ngôn ngữ một cách linh hoạt, hiệu quả cho các mục đích xã hội, học tập và chuyên môn.<br/>\r\n                                            -	Có thể tạo ra các văn bản có cấu trúc tốt, rõ ràng, cụ thể về các đề tài phức tạp, cho thấy khả năng kiểm soát tốt các hình thức sắp xếp ý, các liên từ và phương tiện liên kết.<br/>\r\n\r\n                                        </p>', 1, 1, 1),
(4, 'Giáo dục thể chất và quốc phòng an ninh ', 1, '<p>\r\n                                            -	Hiểu và vận dụng những kiến thức khoa học cơ bản trong lĩnh vực thể dục thể thao vào quá trình tập luyện và tự rèn luyện, ngăn ngừa các chấn thương để củng cố và tăng cường sức khỏe. Sử dụng các bài tập phát triển thể lực chung và thể lực chuyên môn đặc thù. Vận dụng những kỹ, chiến thuật cơ bản, luật thi đấu vào các hoạt động thể thao ngoại khóa cộng đồng;<br/>\r\n                                            -	Hiểu được nội dung cơ bản về đường lối quân sự và nhiệm vụ công tác quốc phòng – an ninh của Đảng, Nhà nước trong tình hình mới. Vận dụng kiến thức đã học vào chiến đấu trong điều kiện tác chiến thông thường.<br/>\r\n                                        </p>', 1, 1, 1),
(5, 'Kiến thức chung theo lĩnh vực ', 1, '<ul>\n	<li>- Biết được c&aacute;c kiến thức cơ bản về Vật l&yacute; cơ, nhiệt, điện, quang; hiểu được c&aacute;c hiện tượng v&agrave; quy luật Vật l&yacute; v&agrave; c&aacute;c ứng dụng li&ecirc;n quan trong khoa học kỹ thuật v&agrave; đời sống; vận dụng kiến thức để học tập v&agrave; nghi&ecirc;n cứu c&aacute;c m&ocirc;n học kh&aacute;c của c&aacute;c ng&agrave;nh kỹ thuật v&agrave; c&ocirc;ng nghệ;</li>\n	<li>- Nắm được c&aacute;c kiến thức li&ecirc;n quan đến Giải t&iacute;ch to&aacute;n học như t&iacute;nh giới hạn,<br />\n	t&iacute;nh đạo h&agrave;m, t&iacute;nh t&iacute;ch ph&acirc;n của c&aacute;c h&agrave;m một biến v&agrave; h&agrave;m nhiều biến;</li>\n	<li>- Hiểu v&agrave; vận dụng được c&aacute;c kiến thức li&ecirc;n quan đến Đại số cao cấp như ma trận v&agrave; c&aacute;c ph&eacute;p biến đổi, giải c&aacute;c hệ phương tr&igrave;nh nhiều biến số...</li>\n</ul>', 2, 1, 1),
(6, 'Kiến thức chung của khối ngành', 1, '<ul>\r\n	<li>- Hiểu v&agrave; vận dụng được c&aacute;c kiến thức li&ecirc;n quan đến cấu tr&uacute;c dữ liệu về mảng, danh s&aacute;ch li&ecirc;n kết, h&agrave;ng đợi, ngăn xếp, c&acirc;y nhị ph&acirc;n, bảng băm;</li>\r\n	<li>- Vận dụng được c&aacute;c thuật to&aacute;n cơ bản li&ecirc;n quan đến sắp xếp, t&igrave;m kiếm v&agrave; c&aacute;c thuật to&aacute;n kh&aacute;c tr&ecirc;n c&aacute;c cấu tr&uacute;c dữ liệu;</li>\r\n	<li>- Hiểu v&agrave; vận dụng được c&aacute;c kh&aacute;i niệm cơ bản về số phức v&agrave; c&aacute;c loại biểu diễn của số phức;</li>\r\n	<li>- Hiểu v&agrave; vận dụng được c&aacute;c kh&aacute;i niệm cơ bản của l&yacute; thuyết x&aacute;c suất;</li>\r\n	<li>- Hiểu v&agrave; vận dụng được c&aacute;c phương ph&aacute;p ph&acirc;n t&iacute;ch t&iacute;n hiệu, ph&acirc;n t&iacute;ch v&agrave; thiết kế hệ thống tuyến t&iacute;nh trong c&aacute;c miền biểu diễn kh&aacute;c nhau.</li>\r\n</ul>', 3, 1, 1),
(7, 'Kiến thức chung của nhóm ngành ', 1, '<ul>\r\n	<li>- Hiểu v&agrave; vận dụng được c&aacute;c kiến thức cơ bản về To&aacute;n rời rạc để x&acirc;y dựng c&aacute;c thuật to&aacute;n, tối ưu c&aacute;c giải ph&aacute;p trong c&ocirc;ng nghệ;</li>\r\n	<li>- Sử dụng được một ng&ocirc;n ngữ lập tr&igrave;nh hướng đối tượng, hiểu c&aacute;c kh&aacute;i niệm v&agrave; viết được chương tr&igrave;nh phần mềm theo phương ph&aacute;p hướng đối tượng;</li>\r\n	<li>- Hiểu được cơ chế hoạt động chung của hệ thống m&aacute;y t&iacute;nh, c&aacute;c bộ phận, cấu tr&uacute;c của m&aacute;y t&iacute;nh;</li>\r\n	<li>- Hiểu nguy&ecirc;n l&yacute; cơ bản chung hệ điều h&agrave;nh của m&aacute;y t&iacute;nh;</li>\r\n	<li>- Hiểu c&aacute;c kh&aacute;i niệm cơ bản về mạng m&aacute;y t&iacute;nh, c&aacute;c bộ phận, c&aacute;c giao thức, c&aacute;ch thức truyền dữ liệu tr&ecirc;n mạng;</li>\r\n	<li>- Hiểu v&agrave; vận dụng được c&aacute;c kh&aacute;i niệm về cơ sở dữ liệu trong hệ thống, c&aacute;c phương ph&aacute;p x&acirc;y dựng v&agrave; tối ưu h&oacute;a cơ sở dữ liệu của hệ thống;</li>\r\n	<li>- Hiểu c&aacute;c kh&aacute;i niệm chung về quy tr&igrave;nh ph&aacute;t triển phần mềm, c&aacute;c kỹ thuật x&acirc;y dựng một hệ thống phần mềm c&oacute; chất lượng.&nbsp;</li>\r\n</ul>', 4, 1, 1),
(8, 'Kiến thức của ngành và bổ trợ', 1, '<ul>\r\n	<li>- Lập tr&igrave;nh th&agrave;nh thạo một số ng&ocirc;n ngữ lập tr&igrave;nh th&ocirc;ng dụng;</li>\r\n	<li>- Vận dụng được c&aacute;c kiến thức về ph&acirc;n t&iacute;ch thiết kế để x&acirc;y dựng y&ecirc;u cầu, tiến h&agrave;nh ph&acirc;n t&iacute;ch v&agrave; thiết kế c&aacute;c hệ thống phần mềm;</li>\r\n	<li>- Vận dụng được c&aacute;c kiến thức về tr&iacute; tuệ nh&acirc;n tạo, học m&aacute;y, xử l&yacute; ng&ocirc;n ngữ tự nhi&ecirc;n, v.v. để x&acirc;y dựng c&aacute;c chương tr&igrave;nh c&oacute; khả năng xử l&yacute; th&ocirc;ng minh cho nhiều loại dữ liệu kh&aacute;c nhau như văn bản, tiếng n&oacute;i, ảnh, sinh học;</li>\r\n	<li>- Nắm được c&aacute;c vấn đề hiện đại v&agrave; c&oacute; khả năng đi s&acirc;u v&agrave;o nghi&ecirc;n cứu lĩnh vực truyền th&ocirc;ng đa phương tiện, c&oacute; thể thiết kế v&agrave; x&acirc;y dựng c&aacute;c ứng dụng về truyền th&ocirc;ng đa phương tiện;</li>\r\n	<li>- Hiểu c&aacute;c nguy&ecirc;n l&yacute; cơ bản của đồ họa m&aacute;y t&iacute;nh hiện đại, hiểu kiến thức h&igrave;nh học b&ecirc;n dưới c&aacute;c m&ocirc; h&igrave;nh 3 chiều, hiểu vấn đề hiệu năng khi vẽ c&aacute;c m&ocirc; h&igrave;nh 3D;</li>\r\n	<li>- Nắm vững kiến thức về l&yacute; thuyết th&ocirc;ng tin để c&oacute; thể &aacute;p dụng trong c&aacute;c b&agrave;i to&aacute;n về suy diễn thống k&ecirc;, truyền th&ocirc;ng, n&eacute;n dữ liệu, v.v.;</li>\r\n	<li>- Biết c&aacute;ch cập nhật c&aacute;c kiến thức hiện đại trong ng&agrave;nh Khoa học m&aacute;y t&iacute;nh;</li>\r\n	<li>- Biết tối ưu h&oacute;a hệ thống th&ocirc;ng qua c&aacute;c kiến thức bổ trợ về c&aacute;c ng&agrave;nh kh&aacute;c li&ecirc;n quan đến Khoa học m&aacute;y t&iacute;nh;</li>\r\n	<li>- Biết c&aacute;c kỹ thuật, c&aacute;c c&ocirc;ng nghệ mới trong ng&agrave;nh Khoa học m&aacute;y t&iacute;nh, ứng dụng trong ph&aacute;t triển c&aacute;c phần mềm đặc biệt, bảo đảm chất lượng v&agrave; an to&agrave;n, an ninh cho hệ thống.</li>\r\n</ul>', 5, 1, 1),
(9, 'Llý luận chính trị', 1, '<ul>\r\n	<li>- Hiểu được hệ thống tri thức khoa học những nguy&ecirc;n l&yacute; cơ bản của Chủ nghĩa M&aacute;c L&ecirc;nin;</li>\r\n	<li>- Hiểu được những kiến thức cơ bản, c&oacute; t&iacute;nh hệ thống về tư tưởng, đạo đức, gi&aacute; trị văn h&oacute;a Hồ Ch&iacute; Minh, những nội dung cơ bản của Đường lối c&aacute;ch mạng của Đảng Cộng sản Việt Nam, chủ yếu l&agrave; đường lối trong thời kỳ đổi mới tr&ecirc;n một số lĩnh vực cơ bản của đời sống x&atilde; hội.</li>\r\n</ul>', 1, 2, 1),
(10, 'Tin học', 1, '<ul>\r\n	<li>- Nhớ v&agrave; giải th&iacute;ch được c&aacute;c kiến thức cơ bản về th&ocirc;ng tin;</li>\r\n	<li>- Sử dụng được c&ocirc;ng cụ xử l&yacute; th&ocirc;ng tin th&ocirc;ng dụng (hệ điều h&agrave;nh, c&aacute;c phần mềm hỗ trợ c&ocirc;ng t&aacute;c văn ph&ograve;ng v&agrave; khai th&aacute;c Internet ...);</li>\r\n	<li>- C&oacute; khả năng ph&acirc;n t&iacute;ch, đ&aacute;nh gi&aacute; v&agrave; lập tr&igrave;nh một ng&ocirc;n ngữ lập tr&igrave;nh bậc cao (hiểu c&aacute;c cấu tr&uacute;c điều khiển, c&aacute;c kiểu dữ liệu c&oacute; cấu tr&uacute;c, h&agrave;m/chương tr&igrave;nh con, biến cục bộ/biến to&agrave;n cục, v&agrave;o ra dữ liệu tệp, c&aacute;c bước để x&acirc;y dựng chương tr&igrave;nh ho&agrave;n chỉnh);</li>\r\n	<li>- C&oacute; khả năng ph&acirc;n t&iacute;ch, đ&aacute;nh gi&aacute; phương ph&aacute;p lập tr&igrave;nh hướng thủ tục v&agrave; lập tr&igrave;nh hướng đối tượng; ph&acirc;n biệt được ưu v&agrave; nhược điểm của hai phương ph&aacute;p lập tr&igrave;nh.</li>\r\n</ul>', 1, 2, 1),
(11, 'Ngoại ngữ ', 1, '<ul>\r\n	<li>- Hiểu được c&aacute;c &yacute; ch&iacute;nh của một diễn ng&ocirc;n ti&ecirc;u chuẩn, r&otilde; r&agrave;ng về c&aacute;c vấn đề quen thuộc trong c&ocirc;ng việc, trường học, giải tr&iacute;, v.v.</li>\r\n	<li>- Xử l&yacute; hầu hết c&aacute;c t&igrave;nh huống c&oacute; thể xảy ra khi đi đến nơi sử dụng ng&ocirc;n ngữ;</li>\r\n	<li>- Viết đơn giản những li&ecirc;n kết về c&aacute;c chủ đề quen thuộc hoặc c&aacute; nh&acirc;n quan t&acirc;m;</li>\r\n	<li>- M&ocirc; tả được những kinh nghiệm, sự kiện, giấc mơ, hy vọng v&agrave; ho&agrave;i b&atilde;o v&agrave; c&oacute; thể tr&igrave;nh b&agrave;y ngắn gọn c&aacute;c l&yacute; do, giải th&iacute;ch cho &yacute; kiến v&agrave; kế hoạch của m&igrave;nh;</li>\r\n	<li>- Viết văn bản r&otilde; r&agrave;ng, chi tiết với nhiều chủ đề kh&aacute;c nhau v&agrave; c&oacute; thể giải th&iacute;ch quan điểm của m&igrave;nh về một vấn đề, n&ecirc;u ra được những ưu điểm, nhược điểm của c&aacute;c phương &aacute;n lựa chọn kh&aacute;c nhau.</li>\r\n</ul>', 1, 2, 1),
(12, 'Giáo dục thể chất và quốc phòng an ninh', 1, '<ul>\r\n	<li>- Hiểu v&agrave; vận dụng những kiến thức khoa học cơ bản trong lĩnh vực thể dục thể thao v&agrave;o qu&aacute; tr&igrave;nh tập luyện v&agrave; tự r&egrave;n luyện, ngăn ngừa c&aacute;c chấn thương để củng cố v&agrave; tăng cường sức khỏe. Sử dụng c&aacute;c b&agrave;i tập ph&aacute;t triển thể lực chung v&agrave; thể lực chuy&ecirc;n m&ocirc;n đặc th&ugrave;. Vận dụng những kỹ, chiến thuật cơ bản, luật thi đấu v&agrave;o c&aacute;c hoạt động thể thao ngoại kh&oacute;a cộng đồng;</li>\r\n	<li>- Hiểu được nội dung cơ bản về đường lối qu&acirc;n sự v&agrave; nhiệm vụ c&ocirc;ng t&aacute;c quốc ph&ograve;ng &ndash; an ninh của Đảng, Nh&agrave; n&shy;ước trong t&igrave;nh h&igrave;nh mới. Vận dụng kiến thức đ&atilde; học v&agrave;o chiến đấu trong điều kiện t&aacute;c chiến th&ocirc;ng thường.</li>\r\n</ul>\r\n', 1, 2, 1),
(13, 'Kiến thức chung theo lĩnh vực', 1, '<ul>\n	<li>- Biết được c&aacute;c kiến thức cơ bản về Vật l&yacute; cơ, nhiệt, điện, quang; hiểu được c&aacute;c hiện tượng v&agrave; quy luật Vật l&yacute; v&agrave; c&aacute;c ứng dụng li&ecirc;n quan trong khoa học kỹ thuật v&agrave; đời sống; vận dụng kiến thức để học tập v&agrave; nghi&ecirc;n cứu c&aacute;c m&ocirc;n học kh&aacute;c của c&aacute;c ng&agrave;nh kỹ thuật v&agrave; c&ocirc;ng nghệ;</li>\n	<li>- Nắm được c&aacute;c kiến thức li&ecirc;n quan đến Giải t&iacute;ch to&aacute;n học như t&iacute;nh giới hạn,<br />\n	t&iacute;nh đạo h&agrave;m, t&iacute;nh t&iacute;ch ph&acirc;n của c&aacute;c h&agrave;m một biến v&agrave; h&agrave;m nhiều biến;</li>\n	<li>- Hiểu v&agrave; vận dụng được c&aacute;c kiến thức li&ecirc;n quan đến Đại số cao cấp như ma trận v&agrave; c&aacute;c ph&eacute;p biến đổi, giải c&aacute;c hệ phương tr&igrave;nh nhiều biến số...</li>\n</ul>', 2, 2, 1),
(14, 'Kiến thức chung của khối ngành', 1, '<ul>\r\n	<li>- Hiểu v&agrave; vận dụng được c&aacute;c kiến thức li&ecirc;n quan đến cấu tr&uacute;c dữ liệu về mảng, danh s&aacute;ch li&ecirc;n kết, h&agrave;ng đợi, ngăn xếp, c&acirc;y nhị ph&acirc;n, bảng băm;</li>\r\n	<li>- Vận dụng được c&aacute;c thuật to&aacute;n cơ bản li&ecirc;n quan đến sắp xếp, t&igrave;m kiếm v&agrave; c&aacute;c thuật to&aacute;n kh&aacute;c tr&ecirc;n c&aacute;c cấu tr&uacute;c dữ liệu;</li>\r\n	<li>- Hiểu v&agrave; vận dụng được c&aacute;c kh&aacute;i niệm cơ bản về số phức v&agrave; c&aacute;c loại biểu diễn của số phức;</li>\r\n	<li>- Hiểu v&agrave; vận dụng được c&aacute;c kh&aacute;i niệm cơ bản của l&yacute; thuyết x&aacute;c suất;</li>\r\n	<li>- Hiểu v&agrave; vận dụng được c&aacute;c phương ph&aacute;p ph&acirc;n t&iacute;ch t&iacute;n hiệu, ph&acirc;n t&iacute;ch v&agrave; thiết kế hệ thống tuyến t&iacute;nh trong c&aacute;c miền biểu diễn kh&aacute;c nhau.</li>\r\n</ul>', 3, 2, 1),
(15, 'Kiến thức chung của nhóm ngành ', 1, '<ul>\r\n	<li>- Hiểu v&agrave; vận dụng được c&aacute;c kiến thức cơ bản về To&aacute;n rời rạc để x&acirc;y dựng c&aacute;c thuật to&aacute;n, tối ưu c&aacute;c giải ph&aacute;p trong c&ocirc;ng nghệ;</li>\r\n	<li>- Sử dụng được một ng&ocirc;n ngữ lập tr&igrave;nh hướng đối tượng, hiểu c&aacute;c kh&aacute;i niệm v&agrave; viết được chương tr&igrave;nh phần mềm theo phương ph&aacute;p hướng đối tượng;</li>\r\n	<li>- Hiểu được cơ chế hoạt động chung của hệ thống m&aacute;y t&iacute;nh, c&aacute;c bộ phận, cấu tr&uacute;c của m&aacute;y t&iacute;nh;</li>\r\n	<li>- Hiểu nguy&ecirc;n l&yacute; cơ bản chung hệ điều h&agrave;nh của m&aacute;y t&iacute;nh;</li>\r\n	<li>- Hiểu c&aacute;c kh&aacute;i niệm cơ bản về mạng m&aacute;y t&iacute;nh, c&aacute;c bộ phận, c&aacute;c giao thức, c&aacute;ch thức truyền dữ liệu tr&ecirc;n mạng;</li>\r\n	<li>- Hiểu v&agrave; vận dụng được c&aacute;c kh&aacute;i niệm về cơ sở dữ liệu trong hệ thống, c&aacute;c phương ph&aacute;p x&acirc;y dựng v&agrave; tối ưu h&oacute;a cơ sở dữ liệu của hệ thống;</li>\r\n	<li>- Hiểu c&aacute;c kh&aacute;i niệm chung về quy tr&igrave;nh ph&aacute;t triển phần mềm, c&aacute;c kỹ thuật x&acirc;y dựng một hệ thống phần mềm c&oacute; chất lượng.&nbsp;</li>\r\n</ul>', 4, 2, 1),
(16, 'Kiến thức của ngành và bổ trợ', 1, '<ul>\r\n	<li>- Lập tr&igrave;nh th&agrave;nh thạo một số ng&ocirc;n ngữ lập tr&igrave;nh th&ocirc;ng dụng;</li>\r\n	<li>- Vận dụng c&aacute;c kiến thức về ph&acirc;n t&iacute;ch thiết kế để x&acirc;y dựng y&ecirc;u cầu, tiến h&agrave;nh ph&acirc;n t&iacute;ch v&agrave; thiết kế c&aacute;c hệ thống phần mềm;</li>\r\n	<li>- Vận dụng việc x&acirc;y dựng cơ sở dữ liệu cho hệ thống, sử dụng c&aacute;c c&ocirc;ng cụ để quản trị c&aacute;c hệ cơ sở dữ liệu;</li>\r\n	<li>- Biết lập tr&igrave;nh c&aacute;c ứng dụng tr&ecirc;n m&ocirc;i trường web;</li>\r\n	<li>- Biết v&agrave; vận dụng c&aacute;c kỹ thuật thiết kế giao diện người d&ugrave;ng trong x&acirc;y dựng hệ thống phần mềm;</li>\r\n	<li>- Biết c&aacute;ch cập nhật c&aacute;c kiến thức hiện đại trong ng&agrave;nh C&ocirc;ng nghệ th&ocirc;ng tin</li>\r\n	<li>- Biết tối ưu h&oacute;a hệ thống th&ocirc;ng qua c&aacute;c kiến thức bổ trợ về c&aacute;c ng&agrave;nh kh&aacute;c li&ecirc;n quan đến C&ocirc;ng nghệ th&ocirc;ng tin;</li>\r\n	<li>- Biết c&aacute;c kỹ thuật, c&aacute;c c&ocirc;ng nghệ mới trong ng&agrave;nh C&ocirc;ng nghệ th&ocirc;ng tin, ứng dụng trong ph&aacute;t triển c&aacute;c phần mềm đặc biệt, bảo đảm chất lượng v&agrave; an to&agrave;n, an ninh cho hệ thống.</li>\r\n</ul>', 5, 2, 1),
(34, 'Kiến thức thực tập và tốt nghiệp', 1, '<ul>\r\n	<li>- Biết l&agrave;m việc trong m&ocirc;i trường thực tế;</li>\r\n	<li>- Biết nghi&ecirc;n cứu, x&acirc;y dựng sản phẩm phục vụ cho mục đ&iacute;ch khoa học hoặc đời sống;</li>\r\n	<li>- Biết tr&igrave;nh b&agrave;y &lrm;&yacute; tưởng dưới dạng một b&aacute;o c&aacute;o khoa học.</li>\r\n</ul>', 6, 1, 1),
(35, 'Kiến thức thực tập và tốt nghiệp', 1, '<ul>\r\n	<li>- Biết l&agrave;m việc trong m&ocirc;i trường thực tế;</li>\r\n	<li>- Biết nghi&ecirc;n cứu, x&acirc;y dựng sản phẩm phục vụ cho mục đ&iacute;ch khoa học hoặc đời sống;</li>\r\n	<li>- Biết tr&igrave;nh b&agrave;y &lrm;&yacute; tưởng dưới dạng một b&aacute;o c&aacute;o khoa học.</li>\r\n</ul>\r\n', 6, 2, 1);

-- --------------------------------------------------------

--
-- Table structure for table `tbl_subject_teacher`
--

CREATE TABLE IF NOT EXISTS `tbl_subject_teacher` (
  `id` int(11) NOT NULL AUTO_INCREMENT,
  `subject_id` int(11) DEFAULT NULL,
  `teacher_id` int(11) DEFAULT NULL,
  `is_active` int(11) DEFAULT NULL,
  PRIMARY KEY (`id`)
) ENGINE=InnoDB  DEFAULT CHARSET=utf8 AUTO_INCREMENT=35 ;

--
-- Dumping data for table `tbl_subject_teacher`
--

INSERT INTO `tbl_subject_teacher` (`id`, `subject_id`, `teacher_id`, `is_active`) VALUES
(4, 28, 1, 1),
(5, 3, 3, 1),
(6, 3, 4, 1),
(7, 29, NULL, 1),
(8, 4, 5, 1),
(9, 38, 6, 1),
(10, 37, 7, 1),
(11, 5, 10, 1),
(12, 5, 11, 1),
(13, 6, 12, 1),
(14, 6, 1, 1),
(15, 6, 13, 1),
(16, 45, 4, 1),
(17, 45, 14, 1),
(18, 46, 10, 1),
(19, 46, 11, 1),
(20, 7, 15, 1),
(21, 7, 16, 1),
(22, 8, 17, 1),
(23, 8, 18, 1),
(24, 68, 35, 1),
(25, 68, 36, 1),
(26, 68, 37, 1),
(27, 69, 1, 1),
(28, 69, 9, 1),
(29, 70, 12, 1),
(30, 70, 38, 1),
(31, 71, 39, 1),
(32, 71, 12, 1),
(33, 72, 40, 1),
(34, 78, 10, NULL);

-- --------------------------------------------------------

--
-- Table structure for table `tbl_subject_type`
--

CREATE TABLE IF NOT EXISTS `tbl_subject_type` (
  `id` int(11) NOT NULL AUTO_INCREMENT,
  `subject_type_name` varchar(255) CHARACTER SET utf8 DEFAULT NULL,
  `is_active` int(255) DEFAULT NULL,
  PRIMARY KEY (`id`)
) ENGINE=InnoDB  DEFAULT CHARSET=latin1 AUTO_INCREMENT=7 ;

--
-- Dumping data for table `tbl_subject_type`
--

INSERT INTO `tbl_subject_type` (`id`, `subject_type_name`, `is_active`) VALUES
(1, 'Kiến thức chung', 1),
(2, 'Kiến thức chung theo lĩnh vực', 1),
(3, 'Kiến thức chung cho khối ngành', 1),
(4, 'Kiến thức chung cho nhóm ngành', 1),
(5, 'Kiến thức ngành và bổ trợ', 1),
(6, 'Kiến thức thực tập và tốt nghiệp', 1);

-- --------------------------------------------------------

--
-- Table structure for table `tbl_teacher`
--

CREATE TABLE IF NOT EXISTS `tbl_teacher` (
  `teacher_id` int(11) NOT NULL AUTO_INCREMENT,
  `teacher_name` varchar(45) DEFAULT NULL,
  `teacher_personal_page` varchar(200) DEFAULT NULL,
  `teacher_avatar` varchar(200) DEFAULT NULL,
  `teacher_description` varchar(500) DEFAULT NULL,
  `teacher_work_place` varchar(100) DEFAULT NULL,
  `teacher_active` int(11) DEFAULT NULL,
  `teacher_acadamic_title` varchar(45) DEFAULT NULL,
  `teacher_birthday` varchar(45) DEFAULT NULL,
  `teacher_sex` int(5) DEFAULT NULL,
  `teacher_faculty` int(5) DEFAULT NULL,
  `teacher_dept` int(5) DEFAULT NULL,
  `teacher_rate` float DEFAULT NULL,
  `teacher_personality` varchar(3000) DEFAULT NULL,
  `advices` varchar(3000) DEFAULT NULL,
  `teacher_research` varchar(3000) DEFAULT NULL,
  PRIMARY KEY (`teacher_id`)
) ENGINE=InnoDB  DEFAULT CHARSET=utf8 AUTO_INCREMENT=41 ;

--
-- Dumping data for table `tbl_teacher`
--

INSERT INTO `tbl_teacher` (`teacher_id`, `teacher_name`, `teacher_personal_page`, `teacher_avatar`, `teacher_description`, `teacher_work_place`, `teacher_active`, `teacher_acadamic_title`, `teacher_birthday`, `teacher_sex`, `teacher_faculty`, `teacher_dept`, `teacher_rate`, `teacher_personality`, `advices`, `teacher_research`) VALUES
(1, 'Phạm Bảo Sơn', 'http://www.coltech.vnu.edu.vn/~sonpb/', 'http://bluebee-uet.com/themes/classic/assets/img/Teacher_img/PGS. TS. Pham Bao Son.jpg', 'Thầy dạy dễ hiểu, dễ tính', 'Đại học Công nghệ - Đại học Quốc Gia Hà Nội', 1, 'PGS. TS.', '<p>\r\n	Đang cập nhật</p>', 1, 1, 1, 4.3, 'Thầy cởi mở, sẵn sàng giải đáp thắc mắc của sinh viên', '<p>\r\n	Lời khuy&ecirc;n khi học gi&aacute;o vi&ecirc;n n&agrave;y</p>', '<p>\r\n	C&ocirc;ng tr&igrave;nh nghi&ecirc;n cứu của thầy, c&ocirc;</p>'),
(2, 'Trần Thị Minh Châu', 'uet.vnu.edu.vn/~chauttm/', 'http://bluebee-uet.com/themes/classic/assets/img/chauttm.jpg', 'Cô dạy khá dễ hiểu, tuy nhiên đôi khi đi hơi nhanh. Đặc biệt là cô rất nghiêm khắc nên khó xin xỏ ', 'Bộ môn Công nghệ Phần mềm, 309, E3', 1, 'TS. GV. ', 'Đang cập nhật', 0, 1, 2, 4.7, NULL, 'Học cô rất hay', '<ul>\r\n	<li>- Lập tr&igrave;nh nh&uacute;ng v&agrave; thời gian thực.</li>\r\n	<li>- Lập tr&igrave;nh hướng đối tượng.</li>\r\n	<li>- Cấu tr&uacute;c dữ liệu v&agrave; giải thuật.</li>\r\n	<li>- Hệ ph&acirc;n t&aacute;n.</li>\r\n	<li>- C&ocirc;ng nghệ phần mềm</li>\r\n</ul>'),
(3, 'Nguyễn Nam Hải', 'uet.vnu.edu.vn/~hainn/', 'http://bluebee-uet.com/themes/classic/assets/img/Teacher_img/Nguyen Nam Hai.jpg', 'Nghiêm khắc và chấm chặt tay là phong cách của thầy. Tuy nhiên ai chăm chỉ vẫn hoàn toàn có thể được điểm cao vì thầy ra đề không khó và sát với chương trình học', 'Đại học Công nghệ', 1, 'Giảng viên', 'Đang cập nhật', 1, 1, 2, 4, 'Thầy khá là nghiêm khắc', 'Chú ý trên lớp, làm bài đầy đủ theo chỉ dẫn của thầy sẽ được kết quả tốt', '<ul>\r\n	<li>2004-2008: Unisys &ndash; Student Training management software system, model of credit trainning.</li>\r\n	<li>2003-2004: Domasoft &ndash; Domitory management software</li>\r\n	<li>2002-2003: Objtest &ndash; Objective test software system Webman &ndash; Portal, Website management system</li>\r\n	<li>2000-2002: Fiacsys &ndash; Finace &amp; Accounting management system</li>\r\n	<li>1996-2000: Unisoft &ndash; Student Training management software system</li>\r\n	<li>1994-1995: Netgard &ndash; Network guard &amp; mantain software</li>\r\n	<li>1992-1994: Jimage &ndash; Jpeg image processing software,&nbsp;Graphic Servor Calculating &ndash; Computing system for Robot&rsquo;s Dynamic System,&nbsp;Motor Auto Tuning - Servo Motor Controler auto tuning&nbsp;system</li>\r\n	<li>1990-1992: Computerization project for Vietnam Ocean Ship Company &ndash; Construction software &amp; performace system</li>\r\n	<li>1989-1990: Vsafe &ndash; Virus protection solution for IBM PC</li>\r\n	<li>1988-1989: Vied &ndash; Vietnamese editor software for NEC PC</li>\r\n</ul>'),
(4, 'Lê Phê Đô', 'uet.vnu.edu.vn/~dolp/', 'http://bluebee-uet.com/themes/classic/assets/img/Teacher_img/dopl.png', NULL, 'Bộ môn Các Phương pháp Toán trong Công nghệ', 1, 'TS. ', 'Đang cập nhật', 1, 1, 2, 4.8, NULL, NULL, NULL),
(5, 'Hà Tiến Ngoạn', 'http://math.ac.vn/vi/component/staff/?task=getProfile&staffID=41', 'http://bluebee-uet.com/themes/classic/assets/img/Teacher_img/Ha Tien Ngoan.jpg', NULL, 'Viện Toán học', 1, 'PGS. TS. ', 'Đang cập nhật', 1, NULL, NULL, 0, 'Thầy rất dễ tính.', 'Nếu không quá bỏ bê thì điểm chắc chắn cao.', '<ul>\r\n	<li><a href="http://math.ac.vn/vi/component/staff/?task=getProfile&amp;staffID=41">H&agrave; Tiến Ngoạn</a>, Nguyen Van Ngoc, Pseudo-differential operators related to Halkel transforms and application to dual integral equations, In:&nbsp; Algebraic Structures in Partial Differential Equations Related to Complex and Clifford Analysis, Ho Chi Minh City University of Education Press (2010), 249 -- 271.</li>\r\n	<li><a href="http://math.ac.vn/vi/component/staff/?task=getProfile&amp;staffID=41">H&agrave; Tiến Ngoạn</a>, N. H. Hoang, The Wronskian solutions of the Sine-Gordon equation, In:&nbsp; Algebraic Structures in Partial Differential Equations Related to Complex and Clifford Analysis, Ho Chi Minh City University of Education Press (2010) 171 -- 208.</li>\r\n	<li><a href="http://math.ac.vn/vi/component/staff/?task=getProfile&amp;staffID=41">H&agrave; Tiến Ngoạn</a>,&nbsp;<a href="http://journals.math.ac.vn/acta/images/stories/pdf1/Vol_36_No_2/Bai14_HTNgoan_2011_5.pdf">On characteristic systems for general multidimensional Monge-Ampere equations</a>,&nbsp;&nbsp;<a href="http://journals.math.ac.vn/acta/index.php/no-2-2011">Acta Math. Vietnamica&nbsp; 36 (2011), 330 -- 344</a>.</li>\r\n</ul>'),
(6, 'Hoàng Nam Nhật', 'http://cpd.vn/Default.aspx?tabid=692&Doctorid=1171', 'http://bluebee-uet.com/themes/classic/assets/img/Teacher_img/Hoang Nam Nhat.JPG', NULL, NULL, 1, 'TS. ', '1962', 1, 1, 1, 5, 'Thầy khá dễ tính.', 'Chú ý làm bài tập thì điểm luôn luôn cao.', 'Đang cập nhật'),
(7, 'Nguyễn Năng Định', 'http://www.vnu.edu.vn/upload/2010/08/210/file/Nguyen%20Nang%20Dinh.pdf', 'http://bluebee-uet.com/themes/classic/assets/img/Teacher_img/Nguyen Nang Dinh.JPG', NULL, 'Phòng TN, Bộ môn (Trung tâm), Khoa Vật lý kỹ thuật & Công nghệ nano', 1, 'GS. ', '15-8-1950', 1, 3, 1, 0, 'Thầy rất thoải mái.', 'Làm đủ bài tập điểm sẽ rất cao.', '<ul>\r\n	<li>T&aacute;c giả cuốn Vật l&yacute; v&agrave; C&ocirc;ng nghệ m&agrave;ng mỏng, NXB ĐHQGHN - 2005</li>\r\n	<li>Chủ bi&ecirc;n cuốn Thực h&agrave;nh C&ocirc;ng nghệ, NXB ĐHQGHN - 2007</li>\r\n	<li>[1]V.T.Bich, N.N.Dinh, N.H.Hoang, T.X.Hoai, L.V.Hong and V.D.Mien, Preparation of In2O3: Sn (ITO) Thin&nbsp;</li>\r\n	<li>Films by Electron Beam Deposition, Phys.Stat.Sol.(a), 102, K.91-95 (1987).&nbsp;</li>\r\n	<li>[2]. O. Erlandsson, J.Lindvall, N.N.Toan, N.V.Hung, V.T.Bich and N.N.Dinh, Electrochromic Properties of&nbsp;</li>\r\n	<li>Manganese Oxide (MnOx) Thin Films made by Electron Beam Deposition, Phys.Stat.Sol.(a), 139, pp. 451-457&nbsp;</li>\r\n	<li>(1993).&nbsp;</li>\r\n	<li>[3]. M.C.Bernard, A.Hugot-Le Goff, S.Joiret, N.N.Dinh, N.N.Toan, Polyaniline Layer for Iron Protection in Sulfate&nbsp;</li>\r\n	<li>Medium, J.Electrochem.Society, 146, (3) pp. 995-998 (1999).&nbsp;</li>\r\n	<li>[4]. N. N. Dinh, N. Th. T. Oanh, P. D. Long, M. C. Bernard, A. Hugot-Le Goff, Electrochromic properties of TiO2</li>\r\n	<li>anatase thin films prepared by dipping sol-gel method, Thin Solid Films 423, No.1, pp. 70-76 (2003)&nbsp;</li>\r\n	<li>[5]. Nguyen Nang Dinh, Marie-Claude Bernard, Anne Hugot-Le Goff, Thomas Stergiopoulos, Polycarpos Falaras,&nbsp;Photoelectrochemical solar cells based on SnO2 nanocrystalline films, C.R.Chimie 9 (2006) pp. 676-683.</li>\r\n</ul>\r\n'),
(8, 'Ho&agrave;ng Xu&acirc;n T&ugrave;ng', NULL, 'http://bluebee-uet.com/themes/classic/assets/img/Teacher_img/Teacher_default_avatar.png', NULL, '<p>\r\n	Khoa C&ocirc;ng nghệ th&ocirc;ng tin</p>', 1, 'TS', NULL, 1, 1, 2, NULL, NULL, '<p>\r\n	Đừng nghe những g&igrave; thầy n&oacute;i ^^</p>', NULL),
(9, 'Nguyễn Tr&iacute; Th&agrave;nh', '<p>\r\n	http://fit.uet.vnu.edu.vn/users/40</p>', 'http://bluebee-uet.com/themes/classic/assets/img/Teacher_img/Teacher_default_avatar.png', NULL, '<p>\r\n	305, E3</p>', 1, 'TS', NULL, 1, 1, 2, NULL, '<p>\r\n	B&igrave;nh tĩnh, điềm đạm</p>', '<p>\r\n	Chăm chỉ học theo c&aacute;ch của thầy</p>', '<p>\r\n	<span style="color: rgb(56, 56, 56); font-family: Arial, Helvetica, sans-serif; font-size: 13px; line-height: 19.5120010375977px;">+ Khai ph&aacute; dữ liệu (ph&acirc;n lớp, ph&acirc;n cụm)</span><br style="color: rgb(56, 56, 56); font-family: Arial, Helvetica, sans-serif; font-size: 13px; line-height: 19.5120010375977px;" />\r\n	<span style="color: rgb(56, 56, 56); font-family: Arial, Helvetica, sans-serif; font-size: 13px; line-height: 19.5120010375977px;">+ Tr&iacute;ch chọn thực thể</span><br style="color: rgb(56, 56, 56); font-family: Arial, Helvetica, sans-serif; font-size: 13px; line-height: 19.5120010375977px;" />\r\n	<span style="color: rgb(56, 56, 56); font-family: Arial, Helvetica, sans-serif; font-size: 13px; line-height: 19.5120010375977px;">+ T&iacute;ch hợp hệ thống (tr&ecirc;n Linux)</span><br style="color: rgb(56, 56, 56); font-family: Arial, Helvetica, sans-serif; font-size: 13px; line-height: 19.5120010375977px;" />\r\n	<span style="color: rgb(56, 56, 56); font-family: Arial, Helvetica, sans-serif; font-size: 13px; line-height: 19.5120010375977px;">+ Xử l&yacute; song song</span><br style="color: rgb(56, 56, 56); font-family: Arial, Helvetica, sans-serif; font-size: 13px; line-height: 19.5120010375977px;" />\r\n	<span style="color: rgb(56, 56, 56); font-family: Arial, Helvetica, sans-serif; font-size: 13px; line-height: 19.5120010375977px;">+ Khai ph&aacute; quan điểm</span></p>'),
(10, 'Lê Vũ Hà', 'http://uet.vnu.edu.vn/~halv/', 'http://bluebee-uet.com/themes/classic/assets/img/Teacher_img/Teacher_default_avatar.png', NULL, 'Trường Đại học Công nghệ', 1, 'TS.', '<p>\r\n	Đang cập nhật</p>', 1, 1, 1, 4, 'Đang cập nhật', '<p>\r\n	Đang cập nhật</p>', '<ul style="color: rgb(0, 0, 0); font-family: ''Times New Roman''; font-size: medium;">\r\n	<li>\r\n		Image processing: image restoration, super-resolution imaging</li>\r\n	<li>\r\n		Multimedia communications: video coding, stereo (3D) video generation, network coding for multimedia streaming</li>\r\n	<li>\r\n		Content-based image and video retrieval: automatic image and video annotation</li>\r\n	<li>\r\n		Biomedical signal processing and imaging</li>\r\n</ul>'),
(11, 'Nguyễn Linh Trung', 'http://uet.vnu.edu.vn/~nltrung/', 'http://bluebee-uet.com/themes/classic/assets/img/Teacher_img/Teacher_default_avatar.png', NULL, 'Điện tử viễn thông - Đại học Công nghệ', 1, 'TS.', '<p>\r\n	Đang cập nhật</p>', 1, 2, NULL, 0, 'Đang cập nhật', '<p>\r\n	Đang cập nhật</p>', '<p>\r\n</p>\r\n<div class="nodecontent" style="display: inline; color: rgb(0, 180, 57); font-size: 21px;">\r\n	<a id="FMID_1339013989FM" style="color: rgb(0, 0, 0); font-family: ''Times New Roman''; font-size: medium;">- Themes: &quot;Reduction of Data Dimension - Algorithms and Applications&quot;</a></div>\r\n<div class="nodecontent" style="display: inline; color: rgb(0, 180, 57); font-size: 21px;">\r\n	&nbsp;</div>\r\n<div class="nodecontent" style="display: inline; color: rgb(0, 180, 57); font-size: 21px;">\r\n	<div class="nodecontent" style="display: inline;">\r\n		<a id="FMID_589940017FM" style="color: rgb(0, 0, 0); font-family: ''Times New Roman''; font-size: medium;">- Methods, Algorithms</a></div>\r\n	<div class="nodecontent" style="display: inline;">\r\n		&nbsp;</div>\r\n	<div class="nodecontent" style="display: inline;">\r\n		<div class="nodecontent" style="display: inline;">\r\n			<a id="FMID_1841053419FM" style="color: rgb(0, 0, 0); font-family: ''Times New Roman''; font-size: medium;">- Applications</a></div>\r\n	</div>\r\n</div>'),
(12, 'Lê Sỹ Vinh', 'http://uet.vnu.edu.vn/~vinhls/', 'http://bluebee-uet.com/themes/classic/assets/img/Teacher_img/Le Sy Vinh.jpg', NULL, 'Khoa CNTT', 1, 'TS.', '<p>\r\n	Đang cập nhật</p>', 1, 1, 1, 5, NULL, NULL, '<p>\r\n	&middot;&nbsp;&nbsp;&nbsp;&nbsp;&nbsp;&nbsp;&nbsp;&nbsp;&nbsp;Bioinformatics</p>\r\n<p>\r\n	&middot;&nbsp;&nbsp;&nbsp;&nbsp;&nbsp;&nbsp;&nbsp;&nbsp;&nbsp;Natural Languages processing</p>\r\n<p>\r\n	&middot;&nbsp;&nbsp;&nbsp;&nbsp;&nbsp;&nbsp;&nbsp;&nbsp;&nbsp;Social networks</p>'),
(13, 'Lê Quang Hiếu', 'http://uet.vnu.edu.vn/~hieulq/', 'http://bluebee-uet.com/themes/classic/assets/img/Teacher_img/Le Quang Hieu.jpg', 'B.Sc.: Hanoi University, Vietnam, 1995\r\nMSc.: Vietnam National University, Hanoi, 1998\r\nPh.D.: Heinrich-Heine University, Duesseldorf, Germany, 2010', 'Khoa CNTT', 1, 'TS.', '<p>\r\n	Đang cập nhật</p>', 1, 1, 1, 0, 'Đang cập nhật', '<p>\r\n	Đang cập nhật</p>', '<ul style="color: rgb(0, 0, 0); font-family: ''Times New Roman''; font-size: medium;">\r\n	<li>\r\n		Dữ liệu tr&ecirc;n Web (Data on the Web).</li>\r\n	<li>\r\n		Học m&aacute;y v&agrave; Khai mỏ dữ liệu (Machine learning &amp; Data mining).</li>\r\n</ul>'),
(14, 'Nguyễn Cảnh Hoàng', 'http://uet.vnu.edu.vn/~hoangnc/', 'http://bluebee-uet.com/themes/classic/assets/img/Teacher_img/Nguyen Canh Hoang.jpg', 'Đang cập nhật', 'Khoa CNTT', 1, 'Ths.', '<p>\r\n	Đang cập nhật</p>', 1, 1, 2, 0, 'Đang cập nhật', '<p>\r\n	Đang cập nhật</p>', '<p>\r\n	Đang cập nhật</p>'),
(15, 'Nguyễn Việt Hà', 'http://uet.vnu.edu.vn/~hanv/', 'http://bluebee-uet.com/themes/classic/assets/img/Teacher_img/Nguyen Viet Ha.jpg', 'Tel: (04) 3754 6575', 'Khoa CNTT', 1, 'PGS. TS.', '<p>\r\n	Đang cập nhật</p>', 1, 1, 2, 5, 'Đang cập nhật', '<p>\r\n	Đang cập nhật</p>', '<p style="color: rgb(0, 0, 0); font-family: ''Times New Roman''; font-size: medium;">\r\n	<b>C&aacute;c hướng nghi&ecirc;n cứu đang quan t&acirc;m</b></p>\r\n<ul style="color: rgb(0, 0, 0); font-family: ''Times New Roman''; font-size: medium;">\r\n	<li>\r\n		Kỹ nghệ phần mềm: kiểm chứng/kiểm thử phần mềm; kiến tr&uacute;c phần mềm; m&ocirc; h&igrave;nh ước lượng/dự to&aacute;n phần mềm.</li>\r\n	<li>\r\n		Tr&iacute; tuệ nh&acirc;n tạo: biểu diễn tri thức, suy luận, nhận dạng mẫu.</li>\r\n	<li>\r\n		E-learning: m&ocirc; h&igrave;nh ph&acirc;n lớp LMS/LCMS, adaptive learning.</li>\r\n</ul>'),
(16, 'Nguyễn Thị Huyền Châu', 'Đang cập nhật', 'http://bluebee-uet.com/themes/classic/assets/img/Teacher_img/Teacher_default_avatar.png', 'Đang cập nhật', 'Khoa CNTT', 1, 'TS.', '<p>\r\n	Đang cập nhật</p>', 2, 1, 2, 0, 'Đang cập nhật', '<p>\r\n	Đang cập nhật</p>', '<p>\r\n	Đang cập nhật</p>'),
(17, 'Nguyễn Đình Việt', 'http://uet.vnu.edu.vn/~vietnd/', 'http://bluebee-uet.com/themes/classic/assets/img/Teacher_img/Nguyen Dinh Viet.jpg', 'Đang cập nhật', 'Khoa CNTT', 1, 'PGS. TS.', '<p>\r\n	Đang cập nhật</p>', 1, 1, 2, 0, 'Thầy giảng rất chi tiết.', '<p>\r\n	Thầy rất hiểu t&acirc;m l&yacute; sinh vi&ecirc;n.</p>', '<p>\r\n	Đang cập nhật</p>'),
(18, 'Nguyễn Ngọc Hóa', 'http://uet.vnu.edu.vn/~hoann/', 'http://bluebee-uet.com/themes/classic/assets/img/Teacher_img/Nguyen Ngoc Hoa.jpg', 'Actually, I''m a lecturer/researcher at the Department of Information Systems , University of Engineering and Technology, VNU at Hanoi. My research interests lie currently in the database systems, biometric authentication, service integrations!', 'Khoa CNTT', 1, 'TS.', '<p>\r\n	Đang cập nhật</p>', 1, 1, 2, 0, 'Đang cập nhật', '<p>\r\n	Đang cập nhật</p>', '<p style="color: rgb(10, 82, 22); font-family: Verdana, sans-serif; font-size: 13px; text-align: justify;">\r\n	This thesis concerns the dialogue negotiation modeling in spoken dialogue systems. By proposing a multisession dialogue approach, a negotiation is considered as a resolution of the dialogue system for a resource conflict between several related users. Thus, a dialogue is defined as a set of successive sessions, each one being a sub-dialogue between a single user and the system, and divided into three phases: emerging, negotiation process, and notification. Based on the dialogue strategic model and the game theory, a model of the dialogue generic management has been developed, and then extended with a multisession dialogue approach. In this model, a solution for handling misunderstanding by using a dialogic marker, called MDI, has been proposed. This model has been practically applied to the problem of organising meetings by implementing a spoken dialogue system, called Melina, in order to validate our approach. In the case of a room conflict, the user can ask Melina to contact all of relevant people to begin negotiation and obtain a compromise.</p>\r\n<p style="color: rgb(10, 82, 22); font-family: Verdana, sans-serif; font-size: 13px; text-align: justify;">\r\n	Thesis director : Jean Caelen, Research director of CNRS.</p>\r\n<p style="color: rgb(10, 82, 22); font-family: Verdana, sans-serif; font-size: 13px; text-align: justify;">\r\n	Theses defense:&nbsp;<strong>January 26, 2005</strong>&nbsp;at the amphith&eacute;&acirc;tre MJK - Maison Jean Kuntzmann, 110, avenue de la chimie - Domaine universitaire, St. Martin d''H&egrave;res, France.</p>\r\n<p style="color: rgb(10, 82, 22); font-family: Verdana, sans-serif; font-size: 13px; text-align: justify;">\r\n	Jury:&nbsp;<br />\r\n	Mme. Marie-France BRUANDET, president,<br />\r\n	M. Jean-Paul SANSONNET, referee,<br />\r\n	M. Jean-Yves ANTOINE, referee,<br />\r\n	M. Dominique NO&Euml;L, member,<br />\r\n	M. Jean CAELEN, director.&nbsp;</p>'),
(19, '<p>\r\n	Nguyễn Ngọc B&igrave;nh</p>', '<p>\r\n	http://uet.vnu.edu.vn/~nnbinh/</p>', NULL, '<p>\r\n	<span style="color: rgb(0, 0, 0); font-family: Times; font-size: medium;">Hiệu trưởng</span></p>', '<p>\r\n	108E3</p>', 1, '<p>\r\n	<span style="color: rgb(0, 0, 0); font-', '<p>\r\n	17/09/1959</p>', 1, 1, 2, NULL, NULL, NULL, '<p>\r\n	<span style="color: rgb(0, 0, 0); font-family: Times; font-size: medium;">Real-Time Embedded Systems</span><br style="color: rgb(0, 0, 0); font-family: Times; font-size: medium;" />\r\n	<span style="color: rgb(0, 0, 0); font-family: Times; font-size: medium;">Optimization Algorithms for Embedded Systems Codesign, EDA</span><br style="color: rgb(0, 0, 0); font-family: Times; font-size: medium;" />\r\n	<span style="color: rgb(0, 0, 0); font-family: Times; font-size: medium;">Knowledge Discovery in Databases, Data mining, Information Retrieval</span><br style="color: rgb(0, 0, 0); font-family: Times; font-size: medium;" />\r\n	<span style="color: rgb(0, 0, 0); font-family: Times; font-size: medium;">Software Engineering (Software Evolution, Software Architectures, Software Components, Embedded Software Engineering, &hellip;)</span><br style="color: rgb(0, 0, 0); font-family: Times; font-size: medium;" />\r\n	<span style="color: rgb(0, 0, 0); font-family: Times; font-size: medium;">Parallel &amp; Distributed Processing</span><br style="color: rgb(0, 0, 0); font-family: Times; font-size: medium;" />\r\n	<span style="color: rgb(0, 0, 0); font-family: Times; font-size: medium;">Network Technology</span><br style="color: rgb(0, 0, 0); font-family: Times; font-size: medium;" />\r\n	<span style="color: rgb(0, 0, 0); font-family: Times; font-size: medium;">E-Learning</span></p>'),
(20, '<p>\r\n	Đặng Đức Hạnh</p>', '<p>\r\n	http://uet.vnu.edu.vn/~hanhdd/</p>', NULL, NULL, '<p>\r\n	309 E3</p>', 1, '<p>\r\n	TS</p>', NULL, 1, 1, 1, NULL, '<p>\r\n	Thầy rất hiền</p>', NULL, '<ul class="ul1">\r\n	<li class="li1">\r\n		Domain-Specific Modeling and Languages</li>\r\n	<li class="li1">\r\n		Model Transformation</li>\r\n	<li class="li1">\r\n		Model-Driven Development Languages and Tools</li>\r\n	<li class="li1">\r\n		Software Verification and Validation</li>\r\n	<li class="li1">\r\n		Formal Methods</li>\r\n</ul>'),
(21, '<p>\r\n	Phạm Ngọc H&ugrave;ng</p>', '<p>\r\n	http://uet.vnu.edu.vn/~hungpn/</p>', NULL, '<p class="p1">\r\n	Đang c&ocirc;ng t&aacute;c tại Bộ m&ocirc;n C&ocirc;ng nghệ phần mềm, Khoa C&ocirc;ng nghệ th&ocirc;ng tin, Trường Đại học C&ocirc;ng nghệ (Coltech), Đại học Quốc gia H&agrave; Nội (VNU)</p>', '<p>\r\n	309 E3</p>', 1, '<p>\r\n	TS</p>', NULL, 1, 1, 2, NULL, '<p>\r\n	Thầy nhiệt t&igrave;nh nhưng nghi&ecirc;m khắc</p>', '<p>\r\n	Nhớ nghi&ecirc;m t&uacute;c trong giờ học của thầy</p>', '<table cellpadding="0" cellspacing="0">\r\n	<tbody>\r\n		<tr>\r\n			<td class="td1" valign="top">\r\n				<p class="p1">\r\n					+ Software Verification and Testing</p>\r\n				<p class="p1">\r\n					+ Assume-Guarantee Verification</p>\r\n				<p class="p1">\r\n					+ Conformance Testing and Modular Conformance Testing</p>\r\n				<p class="p1">\r\n					+ Software Evolution</p>\r\n			</td>\r\n		</tr>\r\n	</tbody>\r\n</table>\r\n<p>\r\n	&nbsp;</p>'),
(22, '<p>\r\n	Trương Ninh Thuận</p>', '<p>\r\n	http://uet.vnu.edu.vn/~thuantn/</p>', NULL, NULL, '<p>\r\n	314 E3</p>', 1, '<p>\r\n	PGS.TS</p>', NULL, 1, 1, 2, NULL, NULL, NULL, '<ul class="ul1">\r\n	<li class="li1">\r\n		Formal methods, Formal verification</li>\r\n	<li class="li1">\r\n		Object Oriented Specification</li>\r\n	<li class="li1">\r\n		Component based Software Engineering</li>\r\n	<li class="li1">\r\n		Software security</li>\r\n</ul>'),
(23, '<p>\r\n	Phan Thị Kim Dung</p>', '<p>\r\n	http://uet.vnu.edu.vn/~zungptk/</p>', NULL, NULL, '<p>\r\n	309 E3</p>', NULL, '<p>\r\n	ThS</p>', '<p>\r\n	20/08/1983</p>', 2, 1, 2, NULL, NULL, NULL, '<table cellpadding="0" cellspacing="0" class="t1" width="618.0">\r\n	<tbody>\r\n		<tr>\r\n			<td class="td1" colspan="4" valign="middle">\r\n				<p class="p1">\r\n					Software Engineering, Embedded systems</p>\r\n			</td>\r\n		</tr>\r\n		<tr>\r\n			<td class="td2" valign="middle">\r\n				<p class="p2">\r\n					&nbsp;</p>\r\n			</td>\r\n			<td class="td3" valign="middle">\r\n				<p class="p1">\r\n					&nbsp;</p>\r\n			</td>\r\n			<td class="td1" colspan="2" valign="middle">\r\n				<p class="p1">\r\n					Software Engineering:<br />\r\n					&nbsp;&nbsp;&nbsp; + Formal Specification<br />\r\n					&nbsp;&nbsp;&nbsp; + Verification, Validation</p>\r\n			</td>\r\n		</tr>\r\n	</tbody>\r\n</table>\r\n<p>\r\n	&nbsp;</p>'),
(24, '<p>\r\n	V&otilde; Đ&igrave;nh Hiếu</p>', '<p>\r\n	http://uet.vnu.edu.vn/~hieuvd/</p>', NULL, NULL, '<p>\r\n	E3</p>', 1, '<p>\r\n	TS</p>', NULL, 1, 1, 2, NULL, NULL, NULL, '<ul class="ul1">\r\n	<li class="li1">\r\n		Software Architecture</li>\r\n	<li class="li1">\r\n		Service-oriented Architecture</li>\r\n	<li class="li1">\r\n		Software Security</li>\r\n</ul>'),
(25, '<p>\r\n	Vũ Diệu Hương</p>', '<p>\r\n	http://uet.vnu.edu.vn/~huongvd</p>', NULL, NULL, '<p>\r\n	309 E3</p>', 1, '<p>\r\n	ThS</p>', NULL, 2, 1, 2, NULL, NULL, NULL, '<p class="p1">\r\n	Model Verification</p>'),
(26, 'Prof. Acad. Nguyễn Văn Hiệu', NULL, NULL, 'B.Sc. : Hanoi Univesity, Hanoi, Vietnam, 1956\r\nPh.D. : Dubna Institute for Nuclear Research, Dubna, Russia, 1963\r\nDr.Sci. : Dubna Institute for Nuclear Research, Dubna, Russia, 1964', 'Khoa Vật lý kỹ thuật và Công nghệ nano', NULL, NULL, NULL, 1, 3, NULL, NULL, NULL, NULL, '<p>\r\n	<span style="margin: 0px; padding: 0px; color: rgb(68, 68, 68); line-height: 19.2000007629395px; text-align: justify; font-family: ''times new roman'', times; font-size: medium;"><strong style="margin: 0px; padding: 0px;">Research interests:&nbsp;</strong><em style="margin: 0px; padding: 0px;">Theoretical Nanophotonics</em></span><span style="color: rgb(68, 68, 68); font-family: Arial, Helvetica, sans-serif; font-size: 13px; line-height: 19.2000007629395px; text-align: justify;">&nbsp;</span></p>'),
(27, 'Prof. Dr. Lê Trần Bình', NULL, NULL, 'Dipl.-Biology: University of Greifswald, Germany, 1973\r\nDr. rer.nat.: University of Greifswald, Germany, 1977', 'Khoa Vật lý kỹ thuật và Công nghệ nano', NULL, NULL, NULL, 1, 3, NULL, NULL, NULL, NULL, '<p>\r\n	<span style="margin: 0px; padding: 0px; color: rgb(68, 68, 68); line-height: 19.2000007629395px; text-align: justify; font-family: ''times new roman'', times; font-size: medium;"><strong style="margin: 0px; padding: 0px;">Research Interests:&nbsp;</strong><em style="margin: 0px; padding: 0px;">Plant Molecular biology ,Biotechnology, Nanobiotechnology</em></span><span style="color: rgb(68, 68, 68); font-family: Arial, Helvetica, sans-serif; font-size: 13px; line-height: 19.2000007629395px; text-align: justify;">&nbsp;</span></p>'),
(28, 'Prof. Dr. Nguyễn Hữu Đức', NULL, NULL, 'B.Sc.: Vietnam National University, Hanoi, 1980\r\nPh.D.: Vietnam National University, Hanoi, 1988\r\nDiplome D’Habilitation: Université Joseph Fourier , Grenoble, France,1997', 'Khoa Vật lý kỹ thuật và Công nghệ nano', NULL, NULL, NULL, 1, 3, NULL, NULL, NULL, NULL, '<p>\r\n	<span style="margin: 0px; padding: 0px; color: rgb(68, 68, 68); line-height: 19.2000007629395px; text-align: justify; font-family: ''times new roman'', times; font-size: medium;"><strong style="margin: 0px; padding: 0px;">Research interests:</strong><em style="margin: 0px; padding: 0px;">&nbsp;Nanostructured magnetic materials and spintronics, Magnetoelectric multiferroics, Magnetic devices, biosensors</em>&nbsp;</span><span style="color: rgb(68, 68, 68); font-family: Arial, Helvetica, sans-serif; font-size: 13px; line-height: 19.2000007629395px; text-align: justify;">&nbsp;</span></p>'),
(29, 'Prof. Dr. Nguyễn Đại Hưng', NULL, NULL, 'B.Sc.: Hanoi University, Vietnam, 1977\r\nPh.D.: Institute of Physics, Academy of  Science of Vietnam, 1988', 'Khoa Vật lý kỹ thuật và Công nghệ nano', NULL, NULL, NULL, 1, 3, NULL, NULL, NULL, NULL, '<p>\r\n	<strong style="margin: 0px; padding: 0px; color: rgb(68, 68, 68); font-family: ''times new roman'', times; font-size: medium; line-height: 19.2000007629395px; text-align: justify;">Research interests:</strong><span style="color: rgb(68, 68, 68); font-family: ''times new roman'', times; font-size: medium; line-height: 19.2000007629395px; text-align: justify;">&nbsp;</span><em style="margin: 0px; padding: 0px; color: rgb(68, 68, 68); font-family: ''times new roman'', times; font-size: medium; line-height: 19.2000007629395px; text-align: justify;">Optics, Photonics, Lasers and Applications</em></p>'),
(30, 'Assoc. Prof. Dr. Phan Văn Chi', NULL, NULL, 'B.Sc.: Odessa State University, Odessa, Ukraine, 1975\r\nPh.D.: Palladin Institute of Biochemistry, Ukraine Academy of Science (Kiev, Ukraine), 1990', 'Khoa Vật lý kỹ thuật và Công nghệ nano', NULL, NULL, NULL, NULL, NULL, NULL, NULL, NULL, NULL, '<h1 style="margin: 10px 0px; padding: 0px; font-weight: normal; font-size: 2.3em; color: rgb(68, 68, 68); font-family: Arial, Helvetica, sans-serif; line-height: 19.2000007629395px; text-align: justify;">\r\n	<span style="margin: 0px; padding: 0px; font-family: ''times new roman'', times; font-size: medium;"><strong style="margin: 0px; padding: 0px;"><em style="margin: 0px; padding: 0px;">Research Interests:</em></strong><em style="margin: 0px; padding: 0px;">&nbsp;Characterization of Diverse Bioactive Proteins/Peptides, Their Possible Biomedical Applications; Mining Potential Biomarkers for Life Style-Related Diseases, and to Find New Targets for Drug Development</em></span></h1>'),
(31, 'Assoc. Prof. Dr. Nông Văn Hải', NULL, NULL, 'B.Sc.: Diploma, Moldova State University (MSU), Chisinau, Moldova, 1976\r\nPh.D.: GDR Academy of Sciences, Berlin, Germany, 1989', 'Khoa Vật lý kỹ thuật và Công nghệ nano', NULL, NULL, NULL, 1, NULL, NULL, NULL, NULL, NULL, '<p>\r\n	<strong style="margin: 0px; padding: 0px; color: rgb(68, 68, 68); font-family: ''times new roman'', times; font-size: medium; line-height: 19.2000007629395px; text-align: justify;">Research Interests:&nbsp;</strong><em style="margin: 0px; padding: 0px; color: rgb(68, 68, 68); font-family: ''times new roman'', times; font-size: medium; line-height: 19.2000007629395px; text-align: justify;">Molecular Biology, Genetic Engineering, Molecular Engineering, Genomics, Proteomics, Bioinformatics, Nanobiotechnology</em><span style="color: rgb(68, 68, 68); font-family: ''times new roman'', times; font-size: medium; line-height: 19.2000007629395px; text-align: justify;">&nbsp;</span></p>'),
(32, 'Prof. Dr. Trương Nam Hải', NULL, NULL, 'B.Sc.: Kishinev University, Moldova, 1978\r\nPh.D.: Institute of Bioorganic Chemistry, Rusian Academy of Science and Technology, Moscow, Rusia, 1988', 'Khoa Vật lý kỹ thuật và Công nghệ nano', NULL, NULL, NULL, 1, NULL, NULL, NULL, NULL, NULL, '<p>\r\n	<span style="margin: 0px; padding: 0px; color: rgb(68, 68, 68); line-height: 19.2000007629395px; text-align: justify; font-family: ''times new roman'', times; font-size: medium;"><strong style="margin: 0px; padding: 0px;">Research Interests:&nbsp;</strong><em style="margin: 0px; padding: 0px;">Gene cloning and ex<x>pression; pharmaceutical proteins; transcriptomics, proteomics and metabolomics of yeast;&nbsp; neurotoxin peptides; recombinant vaccines; diagnosis kits</em>&nbsp;</span><span style="color: rgb(68, 68, 68); font-family: Arial, Helvetica, sans-serif; font-size: 13px; line-height: 19.2000007629395px; text-align: justify;">&nbsp;</span></p>'),
(33, 'Assoc. Prof. Dr. Nguyễn Thế Hiện', NULL, NULL, 'Dipl.-Phys.:   Technical University Dresden, Germany, 1972\r\nPh.D.:            University of Amsterdam, The Netherlands, 1997', 'Khoa Vật lý kỹ thuật và Công nghệ nano', NULL, NULL, NULL, 1, 3, NULL, NULL, NULL, NULL, '<p>\r\n	<span style="margin: 0px; padding: 0px; color: rgb(68, 68, 68); line-height: 19.2000007629395px; text-align: justify; font-family: ''times new roman'', times; font-size: medium;"><strong style="margin: 0px; padding: 0px;">Research Background and Interests:</strong>&nbsp;Low Temperature Physics:&nbsp;<em style="margin: 0px; padding: 0px;">Liquid helium, liquid nitrogen production and distribution facilities etc., refrigeration</em>&nbsp;<em style="margin: 0px; padding: 0px;">and cryogenics engineering</em></span><br style="margin: 0px; padding: 0px; color: rgb(68, 68, 68); font-family: Arial, Helvetica, sans-serif; font-size: 13px; line-height: 19.2000007629395px; text-align: justify;" />\r\n	<span style="margin: 0px; padding: 0px; color: rgb(68, 68, 68); line-height: 19.2000007629395px; text-align: justify; font-family: ''times new roman'', times; font-size: medium;">High-T<sub style="margin: 0px; padding: 0px;">C</sub>&nbsp;superconductivity<strong style="margin: 0px; padding: 0px;">:</strong>&nbsp;<em style="margin: 0px; padding: 0px;">Growth of high-T<sub style="margin: 0px; padding: 0px;">C</sub>&nbsp;single crystals, thermal, transport and magnetic properties</em>&nbsp;</span><br style="margin: 0px; padding: 0px; color: rgb(68, 68, 68); font-family: Arial, Helvetica, sans-serif; font-size: 13px; line-height: 19.2000007629395px; text-align: justify;" />\r\n	<span style="margin: 0px; padding: 0px; color: rgb(68, 68, 68); line-height: 19.2000007629395px; text-align: justify; font-family: ''times new roman'', times; font-size: medium;">Magnetism and Magnetic Materials:&nbsp;<em style="margin: 0px; padding: 0px;">Giant Magneto-Caloric Effect (giant magneto-calloric effect materials, magnetic refrigeration), Spinelectronics (spintronics materials and their magnetic and transport properties)</em>&nbsp;</span></p>'),
(34, 'Assoc. Prof. Dr. Lê Thanh Hoà', NULL, NULL, 'D.V.M: The University of Veterinary Science (Budapest, Hungary), (Doctor of Veterinary Medicine in Microbiology and Infectious Diseases), 1977 \r\nM.Sc. The University of Melbourne, Melbourne, Australia (Master of Science in Molecular Virology), 1997\r\nPh.D.: The University of Queensland, Brisbane, Australia,  (Doctor of Philosophy in Tropical Health), 2001', 'Khoa Vật lý kỹ thuật và Công nghệ nano', NULL, NULL, NULL, 1, 3, NULL, NULL, NULL, NULL, '<p>\r\n	<span style="margin: 0px; padding: 0px; color: rgb(68, 68, 68); line-height: 19.2000007629395px; text-align: justify; font-family: ''times new roman'', times; font-size: medium;"><strong style="margin: 0px; padding: 0px;">Research Interests:</strong>&nbsp;<em style="margin: 0px; padding: 0px;">Molecular Immunology and Virology; Mitochondrial genomics; Phylogenetic analysis; Molecular Biotechnology; Zoonotic Infectious Diseases; Molecular Parasitology; Molecular Diagnosis; Vaccine Technology; Bioinformatics. (Published more than 40 peer-reviewed papers in the international journals)</em></span><span style="color: rgb(68, 68, 68); font-family: Arial, Helvetica, sans-serif; font-size: 13px; line-height: 19.2000007629395px; text-align: justify;">&nbsp;</span></p>'),
(35, 'Nguyễn Văn Vinh', 'http://uet.vnu.edu.vn/~vinhnv/', NULL, NULL, 'Bộ môn Khoa học máy tính', 1, 'TS.', '<p>\r\n	Đang cập nhật</p>', 1, 1, 1, 0, 'Đang cập nhật', '<p>\r\n	Đang cập nhật</p>', '<ul>\r\n	<li>\r\n		<span class="biblio-title" style="color: rgb(56, 56, 56); font-family: Arial, Helvetica, sans-serif; font-size: 13px; line-height: 19.5120010375977px;"><a href="http://fit.uet.vnu.edu.vn/content/reordering-phrase-based-machine-translation-over-chunks" style="margin: 0px; padding: 0px; text-decoration: none; font-weight: bold; line-height: normal; font-family: ''@Arial Unicode MS'', Arial, sans-serif; color: rgb(0, 81, 119);">Reordering Phrase-based Machine Translation over Chunks</a></span><span style="color: rgb(56, 56, 56); font-family: Arial, Helvetica, sans-serif; font-size: 13px; line-height: 19.5120010375977px;">. IEEE International Conference on Research, Innovation, and Vision for the Future in Computing and Communication Technologies (RIVF). 2008.</span></li>\r\n	<li>\r\n		<span class="biblio-title" style="color: rgb(56, 56, 56); font-family: Arial, Helvetica, sans-serif; font-size: 13px; line-height: 19.5120010375977px; background-color: transparent;"><a href="http://fit.uet.vnu.edu.vn/content/tree-string-phrase-based-model-statistical-machine-translation" style="margin: 0px; padding: 0px; text-decoration: none; font-weight: bold; line-height: normal; font-family: ''@Arial Unicode MS'', Arial, sans-serif; color: rgb(0, 81, 119);">A Tree-to-String Phrase-based Model for Statistical Machine Translation</a></span><span style="color: rgb(56, 56, 56); font-family: Arial, Helvetica, sans-serif; font-size: 13px; line-height: 19.5120010375977px; background-color: transparent;">. The 12th Conference on Computational Natural Language Learning (CoNLL). 2008.</span>\r\n		<ul class="biblio-export-buttons" style="margin: 0.1em; padding: 0px; list-style-type: none; list-style-image: none; display: inline; border-bottom-width: 0px; border-right-width: 1px; color: rgb(56, 56, 56); font-family: Arial, Helvetica, sans-serif; font-size: 13px; line-height: 19.5120010375977px; background-image: initial; background-attachment: initial; background-color: transparent; background-size: initial; background-origin: initial; background-clip: initial; background-position: initial; background-repeat: initial;">\r\n			<li class="biblio_ris last" style="margin: 0.1em; padding: 0px; list-style-image: none; list-style-type: none; display: inline; border-bottom-width: 0px; border-right-width: 1px; background: transparent;">\r\n				&nbsp;</li>\r\n		</ul>\r\n	</li>\r\n</ul>'),
(36, 'Lê Thanh Hà', 'http://uet.vnu.edu.vn/~ltha/', 'le_thanh_ha.jpg', '- Bachelor of Information Technology at Coltech of Technology, Vietnam National University, Hanoi, Vietnam.\r\n- Master of Information Technology at Coltech of Technology, Vietnam National University, Hanoi, Vietnam.\r\n- Ph.D of Signal Processing & Multimedia Communication at School of Engineering, Korea University, Korea.', 'Khoa Công nghệ thông tin', 1, 'Ths.', '<p>\r\n	Đang cập nhật</p>', 1, 1, 2, 0, 'Đang cập nhật', '<p>\r\n	Đang cập nhật</p>', '<ul>\r\n	<li style="color: rgb(0, 0, 0); font-family: ''Times New Roman''; font-size: medium;">\r\n		- Image Processing.</li>\r\n	<li style="color: rgb(0, 0, 0); font-family: ''Times New Roman''; font-size: medium;">\r\n		- Satellite Image Processing.</li>\r\n	<li style="color: rgb(0, 0, 0); font-family: ''Times New Roman''; font-size: medium;">\r\n		- Video Coding.</li>\r\n	<li style="color: rgb(0, 0, 0); font-family: ''Times New Roman''; font-size: medium;">\r\n		- Computer Vision.</li>\r\n</ul>'),
(37, 'Ma Thị Châu', 'http://uet.vnu.edu.vn/~chaumt/', NULL, 'Email:	chaumt@vnu.edu.vn', 'Phòng Thí nghiệm Tương tác Người – Máy', 1, 'ThS.', '<p>\r\n	Đang cập nhật</p>', 0, 1, 1, 0, 'Đang cập nhật', '<p>\r\n	Đang cập nhật</p>', '<ul>\r\n	<li>\r\n		<span style="color: rgb(56, 56, 56); font-family: Arial, Helvetica, sans-serif; font-size: 13px; line-height: 19.5120010375977px;">- Đồ họa m&aacute;y t&iacute;nh</span></li>\r\n	<li>\r\n		<span style="color: rgb(56, 56, 56); font-family: Arial, Helvetica, sans-serif; font-size: 13px; line-height: 19.5120010375977px;"><span style="line-height: 19.5120010375977px;">-&nbsp;</span>Dựng h&igrave;nh 3 chiều</span></li>\r\n	<li>\r\n		<span style="color: rgb(56, 56, 56); font-family: Arial, Helvetica, sans-serif; font-size: 13px; line-height: 19.5120010375977px;"><span style="line-height: 19.5120010375977px;">-&nbsp;</span>Tr&iacute; tuệ nh&acirc;n tạo</span></li>\r\n	<li>\r\n		<span style="color: rgb(56, 56, 56); font-family: Arial, Helvetica, sans-serif; font-size: 13px; line-height: 19.5120010375977px;"><span style="line-height: 19.5120010375977px;">-&nbsp;</span>Xử l&yacute; ảnh</span></li>\r\n</ul>'),
(38, 'Đỗ Đức Đông', 'Đang cập nhật', NULL, 'Đang cập nhật', 'Đang cập nhật', 1, 'TS.', '<p>\r\n	Đang cập nhật</p>', 1, 1, 2, NULL, 'Đang cập nhật', '<p>\r\n	Đang cập nhật</p>', '<p>\r\n	Đang cập nhật</p>'),
(39, 'Lê Nguyên Khôi', 'uet.vnu.edu.vn/~khoiln', NULL, 'Đang cập nhật', 'Bộ môn Khoa học máy tính', 1, 'TS.', '<p>\r\n	Đang cập nhật</p>', 1, 1, 1, 2, 'Đang cập nhật', '<p>\r\n	Đang cập nhật</p>', '<div style="text-align: justify;">\r\n	Đang cập nhật</div>'),
(40, 'Nguyễn Phương Thái', 'http://uet.vnu.edu.vn/~thainp/', NULL, 'Bio: Sở thích nghiên cứu của tôi là về xử lý ngôn ngữ tự nhiên và học máy. Tôi nhận bằng Tiến sĩ về khoa học máy tính ở JAIST vào tháng 3 năm 2008. Từ tháng 6 năm 2008 tôi là giảng viên của Đại học Công nghệ.\r\nCho sinh viên: Hiện nay tôi đang chủ trì và tham gia một số đề tài nghiên cứu về xử lý ngôn ngữ tự nhiên. Lợi ích của việc tham gia nghiên cứu khoa học là:\r\n· Được tham gia nghiên cứu các vấn đề mới, có ý nghĩa khoa học và ứng dụng\r\n· Được cấp kinh phí tham dự hội nghị, kinh phí hỗ trợ ngh', 'Bộ môn Khoa học Máy tính', 1, 'TS.', '<p>\r\n	Đang cập nhật</p>', 1, 1, 1, 0, 'Đang cập nhật', '<p>\r\n	Đang cập nhật</p>', '<ul>\r\n	<li>\r\n		<span style="color: rgb(56, 56, 56); font-family: Arial, Helvetica, sans-serif; font-size: 13px; line-height: 19.5120010375977px;">&middot;&nbsp;</span><span style="color: rgb(56, 56, 56); font-family: Arial, Helvetica, sans-serif; font-size: 13px; line-height: 19.5120010375977px;">Học m&aacute;y: c&aacute;c m&ocirc; h&igrave;nh đồ thị, học b&aacute;n gi&aacute;m s&aacute;t, lập luận dựa v&agrave;o văn phạm</span></li>\r\n	<li>\r\n		<span style="color: rgb(56, 56, 56); font-family: Arial, Helvetica, sans-serif; font-size: 13px; line-height: 19.5120010375977px;">&middot; Xử l&yacute; ng&ocirc;n ngữ tự nhi&ecirc;n: t&aacute;ch từ, ph&acirc;n t&iacute;ch c&uacute; ph&aacute;p, g&aacute;n nh&atilde;n từ loại</span></li>\r\n	<li>\r\n		<span style="color: rgb(56, 56, 56); font-family: Arial, Helvetica, sans-serif; font-size: 13px; line-height: 19.5120010375977px;">&middot; Khai ph&aacute; văn bản/web</span></li>\r\n	<li>\r\n		<span style="color: rgb(56, 56, 56); font-family: Arial, Helvetica, sans-serif; font-size: 13px; line-height: 19.5120010375977px;">&middot; Dịch m&aacute;y: dịch m&aacute;y dựa v&agrave;o luật, dịch m&aacute;y thống k&ecirc;</span></li>\r\n	<li>\r\n		<span style="color: rgb(56, 56, 56); font-family: Arial, Helvetica, sans-serif; font-size: 13px; line-height: 19.5120010375977px;">&middot; C&aacute;c l&yacute; thuyết ng&ocirc;n ngữ học</span></li>\r\n	<li>\r\n		<span style="color: rgb(56, 56, 56); font-family: Arial, Helvetica, sans-serif; font-size: 13px; line-height: 19.5120010375977px;">&middot; Phương ph&aacute;p luận để ch&uacute; giải ng&ocirc;n ngữ học cho c&aacute;c kho ngữ liệu văn bản lớn</span></li>\r\n</ul>');

-- --------------------------------------------------------

--
-- Table structure for table `tbl_teacher_faculty_position`
--

CREATE TABLE IF NOT EXISTS `tbl_teacher_faculty_position` (
  `id` int(11) NOT NULL AUTO_INCREMENT,
  `teacher_id` int(11) DEFAULT NULL,
  `teacher_name` varchar(255) CHARACTER SET utf8 DEFAULT NULL,
  `faculty_id` int(11) DEFAULT NULL,
  `teacher_position` varchar(255) CHARACTER SET utf8 DEFAULT NULL,
  PRIMARY KEY (`id`)
) ENGINE=InnoDB  DEFAULT CHARSET=latin1 AUTO_INCREMENT=2 ;

--
-- Dumping data for table `tbl_teacher_faculty_position`
--

INSERT INTO `tbl_teacher_faculty_position` (`id`, `teacher_id`, `teacher_name`, `faculty_id`, `teacher_position`) VALUES
(1, 1, NULL, 1, 'Chủ nhiệm Khoa Công nghệ Thông tin');

-- --------------------------------------------------------

--
-- Table structure for table `tbl_university`
--

CREATE TABLE IF NOT EXISTS `tbl_university` (
  `university_id` int(11) NOT NULL AUTO_INCREMENT,
  `university_name` varchar(200) DEFAULT NULL,
  `university_location` varchar(200) DEFAULT NULL,
  `university_code` varchar(200) DEFAULT NULL,
  `university_web` varchar(200) DEFAULT NULL,
  `university_description` varchar(200) DEFAULT NULL,
  `university_active` varchar(45) DEFAULT NULL,
  PRIMARY KEY (`university_id`)
) ENGINE=InnoDB DEFAULT CHARSET=utf8 AUTO_INCREMENT=1 ;

-- --------------------------------------------------------

--
-- Table structure for table `tbl_user`
--

CREATE TABLE IF NOT EXISTS `tbl_user` (
  `user_id` int(11) NOT NULL AUTO_INCREMENT,
  `user_id_fb` varchar(200) DEFAULT NULL,
  `username` varchar(45) DEFAULT NULL,
  `password` varchar(45) DEFAULT NULL,
  `user_real_name` varchar(45) DEFAULT NULL,
  `user_avatar` varchar(200) DEFAULT NULL,
  `user_cover` varchar(200) DEFAULT NULL,
  `user_student_code` varchar(45) DEFAULT NULL,
  `user_university` int(11) DEFAULT NULL,
  `user_gender` varchar(45) DEFAULT NULL,
  `user_dob` varchar(45) DEFAULT NULL,
  `user_hometown` varchar(200) DEFAULT NULL,
  `user_phone` varchar(45) DEFAULT NULL,
  `user_description` varchar(200) DEFAULT NULL,
  `user_faculty` int(11) DEFAULT NULL,
  `user_class` int(11) DEFAULT NULL,
  `user_active` int(11) DEFAULT NULL,
  `user_status` int(11) DEFAULT NULL,
  `user_group` int(11) DEFAULT NULL,
  `user_token` varchar(200) DEFAULT NULL,
  `user_activator` varchar(200) DEFAULT NULL,
  `user_qoutes` varchar(400) DEFAULT NULL,
  `user_date_attend` varchar(200) DEFAULT NULL,
  PRIMARY KEY (`user_id`)
) ENGINE=InnoDB  DEFAULT CHARSET=utf8 AUTO_INCREMENT=168 ;

--
-- Dumping data for table `tbl_user`
--

INSERT INTO `tbl_user` (`user_id`, `user_id_fb`, `username`, `password`, `user_real_name`, `user_avatar`, `user_cover`, `user_student_code`, `user_university`, `user_gender`, `user_dob`, `user_hometown`, `user_phone`, `user_description`, `user_faculty`, `user_class`, `user_active`, `user_status`, `user_group`, `user_token`, `user_activator`, `user_qoutes`, `user_date_attend`) VALUES
(5, NULL, 'huynt57@gmail.com', 'e10adc3949ba59abbe56e057f20f883e', 'huy', NULL, NULL, NULL, NULL, NULL, NULL, NULL, NULL, NULL, NULL, NULL, 1, 1, NULL, '924u4413nugwks08owgws0wcwc0ok0s', '5101c56e813c995c9df3d5ba6ab5be06', NULL, NULL),
(6, '100003910426858', 'huynt57@gmail.com', NULL, 'Nguyễn Thế Huy', 'http://graph.facebook.com/100003910426858/picture?type=large', NULL, NULL, NULL, NULL, '10/22/1994', 'Hanoi, Vietnam', NULL, NULL, NULL, NULL, 1, NULL, NULL, '1w1sgk3bilvogsw8k0soo4sw8wg4w4c', NULL, '"Tình yêu đến đầu tiên, vì tình yêu, những điều khác mới đến" (Mourinho)\n\n"I am no Genius. I am simply good at it"(Gennady Korotkevich)', '07/08/2014'),
(7, '100000231474210', 'vungocson94@gmail.com', NULL, 'Sơn Vũ', 'http://graph.facebook.com/100000231474210/picture?type=large', NULL, NULL, NULL, NULL, '04/13/1994', 'Hanoi, Vietnam', NULL, NULL, NULL, NULL, 1, NULL, NULL, 'sgglnyk47u8og0sw40ssokg8o8ssgwc', NULL, '1.kẻ tống phân vào mình chưa chắc là ngươi xấu\r\n2.thằng lôi mình ra khỏi đống phân chưa có thể là người tốt', '07/08/2014'),
(8, '100001706738208', 'thanhcan94@yahoo.com', NULL, 'Phan Thành', 'http://graph.facebook.com/100001706738208/picture?type=small', NULL, NULL, NULL, NULL, '12/02/1994', 'Vinh Yen', NULL, NULL, NULL, NULL, 1, NULL, NULL, '8c1tsjb8viko8kowsw04ck4ksosg08c', NULL, 'Đôi khi cuộc sống thật nhiều khó khắn, từ nhỏ nhặt đến lớn lao, quan trọng là bạn có biết vượt qua nó hay không :)', '08/08/2014'),
(9, '100004064431279', 'tuanphong94@gmail.com', NULL, 'Nguyễn Tuấn Phong', 'http://graph.facebook.com/100004064431279/picture?type=large', NULL, NULL, NULL, NULL, '08/04/1994', 'Bac Ninh', NULL, NULL, NULL, NULL, 1, NULL, NULL, '5hzjiwi1fp0cc0s48w8wkckowcskwcs', NULL, NULL, '08/08/2014'),
(10, '100000188385487', 'thanhtung9630@gmail.com', NULL, 'Tung Nguyen', 'http://graph.facebook.com/100000188385487/picture?type=large', NULL, NULL, NULL, NULL, '01/22/1993', 'Hanoi, Vietnam', NULL, NULL, NULL, NULL, 1, NULL, NULL, '5ltepupdehkwco0k4gs0o80cgcs4goc', NULL, 'Liberté, Égalité, Fraternité\r\nTự do, Bình đẳng, Bác ái', '08/08/2014'),
(11, '100000629673056', 'khanhnv3007@gmail.com', NULL, 'Nguyễn Văn Khánh', 'http://graph.facebook.com/100000629673056/picture?type=large', NULL, NULL, NULL, NULL, '07/30/1994', 'Thái Bình, Thái Bình, Vietnam', NULL, NULL, NULL, NULL, 1, NULL, NULL, 'gvvkkdg28v4k4og000804kc0w0os8kw', NULL, 'Shut up and keep doing something!', '08/08/2014'),
(12, '100008048376882', 'giaplvk57@gmail.com', NULL, 'Lê Giáp', 'http://graph.facebook.com/100008048376882/picture?type=large', NULL, NULL, NULL, NULL, '02/22/1994', 'Yên Thành', NULL, NULL, NULL, NULL, 1, NULL, NULL, 'eiuiwqkv0v4gsgcg8co88wc4kwwgsko', NULL, NULL, '08/08/2014'),
(13, '100005993747094', 'vipro.2020@yahoo.com', NULL, 'Trần Tuấn', 'http://graph.facebook.com/100005993747094/picture?type=large', NULL, NULL, NULL, NULL, '11/13/1993', 'Thanh Hóa', NULL, NULL, NULL, NULL, 1, NULL, NULL, 'tpgaoisywc0oc488w8sg4w80sks084w', NULL, 'To see the world, things dangerous to come to, to see behind walls, to draw closer, to find each other and to feel. That is the purpose of life!!!', '08/08/2014'),
(14, '100002786762187', 'tinhbankhonggioihan@yahoo.com', NULL, 'Yêu Em Bán Xôi', 'http://graph.facebook.com/100002786762187/picture?type=large', NULL, NULL, NULL, NULL, '02/26/1992', 'Hanoi, Vietnam', NULL, NULL, NULL, NULL, 1, NULL, NULL, 'mdyx9x4dwi8c48s4w8k0wwgwsw8k808', NULL, NULL, '08/08/2014'),
(16, '100003809560252', 'nhatgai192@gmail.com', NULL, 'Bach Nv', 'http://graph.facebook.com/100003809560252/picture?type=large', NULL, NULL, NULL, NULL, '05/19/1992', 'Yen, Vĩnh Phúc, Vietnam', NULL, NULL, NULL, NULL, 1, NULL, NULL, 'llanj7mhwsgw0cc0gggw8skk04c08gc', NULL, NULL, '08/08/2014'),
(17, '100000139512055', 'hongquan_lienxo2200@yahoo.com', NULL, 'Kiên Duy Nguyễn', 'http://graph.facebook.com/100000139512055/picture?type=large', NULL, NULL, NULL, NULL, '11/29/1994', 'Hanoi, Vietnam', NULL, NULL, NULL, NULL, 1, NULL, NULL, 'l5b9wydnbkgckgwo0g4kcc8o8swwgsg', NULL, 'Hãy mơ điều bạn thích mơ. Hãy đi nơi bạn thích đi. Hãy trở thành người mà bạn muốn trở thành. Bởi vì ta chỉ có một cuộc đời và một cơ hội để thực hiện tất cả những gì ta mong moi trong cuộc đời ấy', '08/08/2014'),
(18, '100002465949570', 'tkson.it4292@gmail.com', NULL, 'Trần Kim Sơn', 'http://graph.facebook.com/100002465949570/picture?type=large', NULL, NULL, NULL, NULL, '02/04/1992', 'Ho Chi Minh City, Vietnam', NULL, NULL, NULL, NULL, 1, NULL, NULL, 'f8qudya65y8ko4g0sws8gs0wwo4c8k8', NULL, NULL, '08/08/2014'),
(19, '100003862308440', NULL, NULL, 'Mít Ọt', 'http://graph.facebook.com/100003862308440/picture?type=large', NULL, NULL, NULL, NULL, '10/24/1993', 'Nam Dinâ?, Ha Nam Ninh, Vietnam', NULL, NULL, NULL, NULL, 1, NULL, NULL, 'dc4y54zs5ao8c880g4g4kko8gw4cgs', NULL, NULL, '08/08/2014'),
(20, '100003889930668', 'matnacuoi2010@gmail.com', NULL, 'Chín Đuôi', 'http://graph.facebook.com/100003889930668/picture?type=large', NULL, NULL, NULL, NULL, '10/20/1993', 'Hung Yen, Hưng Yên, Vietnam', NULL, NULL, NULL, NULL, 1, NULL, NULL, 'n6ms7dnemq88kk4o0cswcg8goc08wgg', NULL, 'Nhưng gì không mua được bằng TIỀN...............................\nthì\nSẽ mua được bằng rất nhiều TIỀN...............................................................................................................................................', '08/08/2014'),
(21, '100003056887131', 'im_your_1102@yahoo.com.vn', NULL, 'Phương Anh', 'http://graph.facebook.com/100003056887131/picture?type=large', NULL, NULL, NULL, NULL, '09/18/1994', 'Sơn Tây', NULL, NULL, NULL, NULL, 1, NULL, NULL, 'hzhec117rh4co0gog08w48w4cw0wkw4', NULL, '<3 Khi bạn...\r\nNém bùn vào người khác\r\nCó thể sẽ trúng...\r\nMà cũng có thể sẽ không.\r\n<3 Nhưng:\r\nTay bạn...thì chắc chắn là đã vấy bùn...\r\n<3 Vì thế:\r\nKhi ai đó cố tình làm tổn thương bạn, thì chính bản thân họ... Cũng đã phải trả giá vì điều đó rồi...\r\n<3 Vậy nên:\r\nNếu có thể bạn hãy học cách quên đi cho lòng được thanh thanr, nhẹ nhàng và c', '08/08/2014'),
(22, '100004302130568', 'nguyenduyx188@gmail.com', NULL, 'Quang Duy', 'http://graph.facebook.com/100004302130568/picture?type=large', NULL, NULL, NULL, NULL, '07/15/1993', 'Kim Bang, Ha Nam Ninh, Vietnam', NULL, NULL, NULL, NULL, 1, NULL, NULL, 'pkzu6626r280488skwocs48cgsckk0c', NULL, 'Gạo đem vào giã bao đau đớn\nGạo giã xong rồi, trắng tựa bông\nSống ở trên đời người cũng vậy\nGian nan rèn luyện mới thành công!\n                          " HỒ CHÍ MINH"', '08/08/2014'),
(23, '100003287599849', NULL, NULL, 'Kun My Kaito', 'http://graph.facebook.com/100003287599849/picture?type=small', NULL, NULL, NULL, NULL, '12/01/1984', 'Hòa Bình, Hòa Bình, Vietnam', NULL, NULL, NULL, NULL, 1, NULL, NULL, 'imiuyvij91wsk44wsocw88g0cw8o880', NULL, 'nói chung là tiền anh không nhiều chỉ có vài chăm bạc  nhưng chả bao giờ tiêu vì mẹ bảo để dành tiền mà lấy vợ', '08/08/2014'),
(24, '100007574971199', 'thugiancuoichieu@gmail.com', NULL, 'Dân Tộc Việt Nam', 'http://graph.facebook.com/100007574971199/picture?type=large', NULL, NULL, NULL, NULL, '09/23/1992', 'Yên Thành', NULL, NULL, NULL, NULL, 1, NULL, NULL, 'fwoxbukyb28048kw4ws8g4cos008kkg', NULL, NULL, '08/08/2014'),
(25, '1704865926', 'quocviet.cntt.bk@gmail.com', NULL, 'Tran Quoc Viet', 'http://graph.facebook.com/1704865926/picture?type=large', NULL, NULL, NULL, NULL, '07/29/1989', 'Hai Phong, Vietnam', NULL, NULL, NULL, NULL, 1, NULL, NULL, '9omjhxya9a0wcow04s44ssc4wsscwog', NULL, 'I believe that if life gives you lemons, you should make lemonade... And try to find somebody whose life has given them vodka, and have a party.\nRon White', '08/08/2014'),
(26, '100005050620024', 'linhtn_57@vnu.edu.vn', NULL, 'Hatake Kakashi', 'http://graph.facebook.com/100005050620024/picture?type=large', NULL, NULL, NULL, NULL, '09/16/1993', 'Hanoi, Vietnam', NULL, NULL, NULL, NULL, 1, NULL, NULL, 'cgte0dtsdw8c80kgg00wwg8wwwg0kcc', NULL, '♥ Đừng quay lại phía sau. . .\n• Với những nỗi đau bật khóc . . .\n♥ Hãy nhìn về phía trước. . .\n• Nơi luôn có một nụ cười mang cái tên :\nTƯƠNG LAI . . .!\n♥ Đừng biến trái tim bạn thành một "CON\nĐƯỜNG" để ai cũng có thể đi qua.\n• Mà hãy biến nó thành một "BẦU TRỜI".\n• Nơi mà tất cả mọi người đều "MƠ ƯỚC"\n♥“Có thể những điều anh nói em sẽ mãi mãi không thể hiểu được, anh đã quen với cảnh nghèo, nhưng', '08/08/2014'),
(27, '100003192842837', 'xaydung86@gmail.com', NULL, 'Xaydung BachKhoa', 'http://graph.facebook.com/100003192842837/picture?type=large', NULL, NULL, NULL, NULL, '11/22/1965', 'Ho Chi Minh City, Vietnam', NULL, NULL, NULL, NULL, 1, NULL, NULL, 'ssrkeqa7l4goks4s4gsggk4ss0oco4c', NULL, NULL, '09/08/2014'),
(28, '100000282356186', 'thanhcris@yahoo.com', NULL, 'Hiep Pham Van', 'http://graph.facebook.com/100000282356186/picture?type=large', NULL, NULL, NULL, NULL, '05/26/1987', 'Hanoi, Vietnam', NULL, NULL, NULL, NULL, 1, NULL, NULL, 'm1zl5809ck0cooskgw4scswwog8co0w', NULL, NULL, '09/08/2014'),
(29, '100003909413706', NULL, NULL, 'Luong Nguyen', 'http://graph.facebook.com/100003909413706/picture?type=small', NULL, NULL, NULL, NULL, '05/19/1994', 'Bim Son', NULL, NULL, NULL, NULL, 1, NULL, NULL, 'dl4iagqcwsg0sgkog404w4oswkk0ocg', NULL, NULL, '09/08/2014'),
(30, '100001787447800', 'phancuong.qt@gmail.com', NULL, 'Phan Văn Cương', 'http://graph.facebook.com/100001787447800/picture?type=small', NULL, NULL, NULL, NULL, '11/10/1988', 'Quảng Trị', NULL, NULL, NULL, NULL, 1, NULL, NULL, '4rhccz6jcckkckcg80wsoo4go0socww', NULL, 'Sông lâu không bằng sống vui', '09/08/2014'),
(31, '100002602161477', 'hienncgc60025@fpt.edu.vn', NULL, 'Hiển Nguyễn Chất', 'http://graph.facebook.com/100002602161477/picture?type=large', NULL, NULL, NULL, NULL, '09/12/1990', 'Ankroet, Lâm Ðồng, Vietnam', NULL, NULL, NULL, NULL, 1, NULL, NULL, '', NULL, NULL, '09/08/2014'),
(32, '100003857653837', NULL, NULL, 'Trịnh Hà Duy Trịnh', 'http://graph.facebook.com/100003857653837/picture?type=large', NULL, NULL, NULL, NULL, '07/01/1987', 'Hanoi, Vietnam', NULL, NULL, NULL, NULL, 1, NULL, NULL, 'd9fid7z2sp448osgccgwk4wkcok08ok', NULL, NULL, '09/08/2014'),
(33, '100002662476411', 'tamvinhqn@gmail.com', NULL, 'Bá Tước Bóng Đêm', 'http://graph.facebook.com/100002662476411/picture?type=large', NULL, NULL, NULL, NULL, '05/02/1993', 'Quang Ngai', NULL, NULL, NULL, NULL, 1, NULL, NULL, '', NULL, NULL, '09/08/2014'),
(34, '100003720842779', 'maimai_1tinhyeu0603@yahoo.com', NULL, 'Lee Minh', 'http://graph.facebook.com/100003720842779/picture?type=large', NULL, NULL, NULL, NULL, '04/05/1995', 'Thái Bình, Thái Bình, Vietnam', NULL, NULL, NULL, NULL, 1, NULL, NULL, '2do7r3y8aduss88socc4k08g8cc0gsc', NULL, 'Do dự không quyết đoán tức là đánh mất đi thời cơ.', '09/08/2014'),
(35, '100002928642615', 'two_eagle_eyes@yahoo.com', NULL, 'Trần Việt Thắng', 'http://graph.facebook.com/100002928642615/picture?type=large', NULL, NULL, NULL, NULL, '02/17/1996', 'Nam Dinâ?, Ha Nam Ninh, Vietnam', NULL, NULL, NULL, NULL, 1, NULL, NULL, 'iuedtsap4fcog0s0gskokcwk4sw4kso', NULL, 'Công nghệ - Hội họa - Âm nhạc', '09/08/2014'),
(36, '100006460197344', 'anhhieuuet@gmail.com', NULL, 'Hiệu', 'http://graph.facebook.com/100006460197344/picture?type=large', NULL, NULL, NULL, NULL, '02/15/1995', 'Nam Dinâ?, Ha Nam Ninh, Vietnam', NULL, NULL, NULL, NULL, 1, NULL, NULL, '25mu7xi7u5us0sogwssowwooccwkg0s', NULL, NULL, '09/08/2014'),
(37, '100004172024163', 't.anhno1@gmail.com', NULL, 'Anh Manucian', 'http://graph.facebook.com/100004172024163/picture?type=large', NULL, NULL, NULL, NULL, '11/20/1996', 'Yen, Vĩnh Phúc, Vietnam', NULL, NULL, NULL, NULL, 1, NULL, NULL, 'on5ibobktwgko0ss8ow400s0w8o4c44', NULL, NULL, '09/08/2014'),
(38, '100001357865189', 'vohuyhoang.ccna@gmail.com', NULL, 'Kee Tam Hoàng', 'http://graph.facebook.com/100001357865189/picture?type=large', NULL, NULL, NULL, NULL, '12/01/1994', 'Con Cuông', NULL, NULL, NULL, NULL, 1, NULL, NULL, 'cwc9tiugfa0c0s0cows04go48kgccoc', NULL, 'Hãy chờ Bình Minh đến nếu bạn chán Hoàng Hôn nhé', '09/08/2014'),
(39, '1801886253', 'sir.dtnguyen@gmail.com', NULL, 'Đại Thành', 'http://graph.facebook.com/1801886253/picture?type=large', NULL, NULL, NULL, NULL, '06/19/1992', 'Huong Canh, Vinh Phu, Vietnam', NULL, NULL, NULL, NULL, 1, NULL, NULL, 'cy8b91ifl4ow4wgok0w4g4og0k888ks', NULL, 'Chase excellence, success will follow!!!', '09/08/2014'),
(40, '100004132536909', 'huyenduong8894@gmail.com', NULL, 'Huyen Duong', 'http://graph.facebook.com/100004132536909/picture?type=large', NULL, NULL, NULL, NULL, '08/08/1994', 'Phu Tho', NULL, NULL, NULL, NULL, 1, NULL, NULL, 'a40pohqbgv4kckc8o4s4400swsk4cws', NULL, 'K thx nhớn .ngườj lớn thật lạ .thật fiền fức >"< mún tự đứg lên bước đj vữg vàg bằg chính đôj chân of mìh .đi theo ñ j <3 mách bảo .dù đúg hay saj thj trog từ điển sốg sẽ k pjờ có mấy từ "ước j tg way trở lạj " hay "hốj hận" . aj trên tráj đất lày sinh ra kũg có ñ nét ẹp riêg ko ít thì ǹvậy nên chẳg có j fảj tự tj về bản thân hjt mặc dù mặt k', '09/08/2014'),
(41, '100001258689960', 'thiet_thuc@ymail.com', NULL, 'Davian Phoenix', 'http://graph.facebook.com/100001258689960/picture?type=large', NULL, NULL, NULL, NULL, '03/26/1996', 'Hanoi, Vietnam', NULL, NULL, NULL, NULL, 1, NULL, NULL, 'p2094mju66sososgk8wsk08c4kowswk', NULL, NULL, '09/08/2014'),
(42, '100006555006066', 'stevenchu1994@gmail.com', NULL, 'Chu Chí Quang', 'http://graph.facebook.com/100006555006066/picture?type=large', NULL, NULL, NULL, NULL, '11/07/1994', 'Hanoi, Vietnam', NULL, NULL, NULL, NULL, 1, NULL, NULL, 'jhwfkq420e80ok0o4gogw8co0cckgk0', NULL, NULL, '09/08/2014'),
(43, '100006644406239', 'tuannv_58@vnu.edu.vn', NULL, 'Arsene Tuấn Nguyễn', 'http://graph.facebook.com/100006644406239/picture?type=small', NULL, NULL, NULL, NULL, '03/22/1995', 'Bac Giang', NULL, NULL, NULL, NULL, 1, NULL, NULL, '37ot0j4l52gwoc4s0800808k8g04gk8', NULL, NULL, '09/08/2014'),
(44, '100007436822598', NULL, NULL, 'Vu Tien Thanh', 'http://graph.facebook.com/100007436822598/picture?type=large', NULL, NULL, NULL, NULL, '11/14/1996', 'Nam Dinâ?, Ha Nam Ninh, Vietnam', NULL, NULL, NULL, NULL, 1, NULL, NULL, 'tqmplk3xcvksk48cc88w4oo4c8wc8k4', NULL, NULL, '09/08/2014'),
(45, '100003998126890', 'nh0konljne00@yahoo.com', NULL, 'Tuan Dao', 'http://graph.facebook.com/100003998126890/picture?type=large', NULL, NULL, NULL, NULL, '11/25/1996', 'Cẩm Phả Port, Quảng Ninh, Vietnam', NULL, NULL, NULL, NULL, 1, NULL, NULL, 'rpdogxbz7wg40skg40wkgswgccggowc', NULL, NULL, '09/08/2014'),
(46, '100001264433813', 'thesonisdeath@yahoo.com', NULL, 'Phạm Hồng Phi', 'http://graph.facebook.com/100001264433813/picture?type=large', NULL, NULL, NULL, NULL, '07/10/1994', 'Hanoi, Vietnam', NULL, NULL, NULL, NULL, 1, NULL, NULL, 'pb3f2wv2bf4c08og4skkgk4s80oc808', NULL, NULL, '10/08/2014'),
(47, '100004001715921', 'dinhhiep196@gmail.com', NULL, 'Đình Hiệp', 'http://graph.facebook.com/100004001715921/picture?type=large', NULL, NULL, NULL, NULL, '02/12/1996', 'Phu Tho', NULL, NULL, NULL, NULL, 1, NULL, NULL, '31zoontthekggkwg8oo80ss88o0wkow', NULL, 'Đừng chờ đợi những gì bạn ước muốn mà hãy đi tìm kiếm chúng', '10/08/2014'),
(48, '100005056596981', 'tainh.57.94@gmail.com', NULL, 'Nguyễn Hùng Tài', 'http://graph.facebook.com/100005056596981/picture?type=large', NULL, NULL, NULL, NULL, '05/28/1994', 'Thanh Hóa', NULL, NULL, NULL, NULL, 1, NULL, NULL, 'ftgzplc4xcoc4kw48k0wkkw0gss0w0', NULL, 'Tiền không phải là tất cả. Nhưng không có tiền thì chẳng làm được việc gì =))', '10/08/2014'),
(49, '100006188551665', NULL, NULL, 'Thằng Nóc', 'http://graph.facebook.com/100006188551665/picture?type=large', NULL, NULL, NULL, NULL, '01/01/1991', 'Phan Rang-Tháp Chàm, Ninh Thuận, Vietnam', NULL, NULL, NULL, NULL, 1, NULL, NULL, 'jryeggcd8wgc8cocw80oo4sskgcgsc4', NULL, NULL, '10/08/2014'),
(50, '100006140254452', 'cuocsonguet@gmail.com', NULL, 'Lê Quang Đức', 'http://graph.facebook.com/100006140254452/picture?type=large', NULL, NULL, NULL, NULL, '07/31/1994', 'Thanh Hóa', NULL, NULL, NULL, NULL, 1, NULL, NULL, 'j243ifsdrfsocsgk80s0ooggs4gwo0o', NULL, NULL, '10/08/2014'),
(51, '100006298234215', 'ducdv.k57cc@gmail.com', NULL, 'Hashirama Senju', 'http://graph.facebook.com/100006298234215/picture?type=large', NULL, NULL, NULL, NULL, '09/04/1994', 'Vinh Phuc, Ha Noi, Vietnam', NULL, NULL, NULL, NULL, 1, NULL, NULL, '41obp4li08o4400w4048oc4k484wsow', NULL, NULL, '10/08/2014'),
(52, '100002855182048', 'anhhtv_56@vnu.edu.vn', NULL, 'Vân Anh Hoàng', 'http://graph.facebook.com/100002855182048/picture?type=large', NULL, NULL, NULL, NULL, '10/23/1993', 'Hanoi, Vietnam', NULL, NULL, NULL, NULL, 1, NULL, NULL, 'doz4bout7fsokswwsc0o0w4sc0w080c', NULL, NULL, '10/08/2014'),
(53, '100000828481640', 'babyantispam11@gmail.com', NULL, 'Nguyen van Giap', 'http://graph.facebook.com/100000828481640/picture?type=large', NULL, NULL, NULL, NULL, '08/05/1994', 'Hà Tĩnh', NULL, NULL, NULL, NULL, 1, NULL, NULL, '8ar24fxg4io0880gs8kk4gsg80kw8ok', NULL, NULL, '10/08/2014'),
(54, '100003384484231', 'vanhungnguyen9296@gmail.com', NULL, 'Hùng Nguyễn Văn', 'http://graph.facebook.com/100003384484231/picture?type=large', NULL, NULL, NULL, NULL, '02/09/1996', 'Hanoi, Vietnam', NULL, NULL, NULL, NULL, 1, NULL, NULL, '4a8qbbm0yneogog0wowks8ss0sgk0w8', NULL, NULL, '10/08/2014'),
(55, '100002947498106', 'i_am_just_a_kid_1996@yahoo.com.vn', NULL, 'Reen Tomato', 'http://graph.facebook.com/100002947498106/picture?type=large', NULL, NULL, NULL, NULL, '02/15/1996', 'Hue, Vietnam', NULL, NULL, NULL, NULL, 1, NULL, NULL, '3ow46y9dj7s4kckss404o4gsos8wosg', NULL, NULL, '10/08/2014'),
(56, '100004076688656', 'q4694galaxy@gmail.com', NULL, 'Quang Quỷ Quái', 'http://graph.facebook.com/100004076688656/picture?type=large', NULL, NULL, NULL, NULL, '06/04/1994', 'Moscow, Russia', NULL, NULL, NULL, NULL, 1, NULL, NULL, 'b93plo0hf1ckwc0w4w8oss4owwgw4sg', NULL, NULL, '11/08/2014'),
(57, '100004383222176', 'ngthuy1511@gmail.com', NULL, 'Nguyễn Thủy', 'http://graph.facebook.com/100004383222176/picture?type=large', NULL, NULL, NULL, NULL, '11/15/1994', 'Kim Bang, Ha Nam Ninh, Vietnam', NULL, NULL, NULL, NULL, 1, NULL, NULL, 'trzo2fuufrkc0s4o80w4kw0cg8wkkog', NULL, NULL, '11/08/2014'),
(58, '100001651193069', 'tuantm1996@gmail.com', NULL, 'Trần Minh Tuấn', 'http://graph.facebook.com/100001651193069/picture?type=large', NULL, NULL, NULL, NULL, '05/21/1996', 'Thái Bình, Thái Bình, Vietnam', NULL, NULL, NULL, NULL, 1, NULL, NULL, 'dxoo9cy6ec8coc8cs8k4w0cs0w8cc8g', NULL, 'Muốn thấy cầu vồng phải chấp nhận những cơn mưa\n\nNếu số phận chia cho bạn những quân bài xấu, hãy để sự khôn ngoan biến bạn thành người chơi giỏi.', '11/08/2014'),
(59, '100005516988689', 'thanhhungchu95@gmail.com', NULL, 'Chu Thành Hưng', 'http://graph.facebook.com/100005516988689/picture?type=small', NULL, NULL, NULL, NULL, '05/14/1995', 'Bac Giang', NULL, NULL, NULL, NULL, 1, NULL, NULL, '6bfir90u9qg404kkgww8g8c00w00kkg', NULL, NULL, '11/08/2014'),
(60, '100002427179196', 'khoalevan94@yahoo.com', NULL, 'Khoa Le Van', 'http://graph.facebook.com/100002427179196/picture?type=large', NULL, NULL, NULL, NULL, '05/04/1994', 'Bac Ninh', NULL, NULL, NULL, NULL, 1, NULL, NULL, '63cvarplfn8csg84csw4kkw40wscogg', NULL, NULL, '11/08/2014'),
(61, '100003926068199', 'mrt_trantu@yahoo.com.vn', NULL, 'Trần Văn Tú', 'http://graph.facebook.com/100003926068199/picture?type=large', NULL, NULL, NULL, NULL, '11/05/1995', 'Luong Tai', NULL, NULL, NULL, NULL, 1, NULL, NULL, '1rvelvd5rmhw80s0k8wk8wcg8c8gss4', NULL, NULL, '12/08/2014'),
(62, '100004051404635', 'monster_kid9x@yahoo.com', NULL, 'Khắc Thành', 'http://graph.facebook.com/100004051404635/picture?type=large', NULL, NULL, NULL, NULL, '02/16/1995', 'Bac Giang', NULL, NULL, NULL, NULL, 1, NULL, NULL, '5t5lvo01mpgc8sos00ccgck0kw8ccww', NULL, NULL, '12/08/2014'),
(63, '100008162701349', 'langtugiobka96@gmail.com', NULL, 'No More', 'http://graph.facebook.com/100008162701349/picture?type=large', NULL, NULL, NULL, NULL, '12/07/1996', 'Thái Nguyên', NULL, NULL, NULL, NULL, 1, NULL, NULL, 'qkz2f2cqwm8g4ocsowwkosokgwgcc40', NULL, NULL, '12/08/2014'),
(64, '573253969', 'truonganhhoang@gmail.com', NULL, 'Hoang Truong', 'http://graph.facebook.com/573253969/picture?type=large', NULL, NULL, NULL, NULL, '08/19/1973', 'Bac Giang', NULL, NULL, NULL, NULL, 1, NULL, NULL, 'symba5m1z400gsssc48kwgckowcws0s', NULL, NULL, '13/08/2014'),
(65, '100006578583203', 'hoanghongsam1995@gmail.com', NULL, 'Hoang Hong Sam', 'http://graph.facebook.com/100006578583203/picture?type=large', NULL, NULL, NULL, NULL, '11/21/1995', 'Thanh Hóa', NULL, NULL, NULL, NULL, 1, NULL, NULL, 'ms6yqtwqwusogswwgskokow0gwgsggo', NULL, NULL, '13/08/2014'),
(66, '100008338573087', 'trangvuuet@gmail.com', NULL, 'Huyền Trang', 'http://graph.facebook.com/100008338573087/picture?type=large', NULL, NULL, NULL, NULL, '01/19/1995', 'Thanh Ha', NULL, NULL, NULL, NULL, 1, NULL, NULL, 'bakmayuj1p4c0004cw8g0ossscck08c', NULL, 'Mỗi bước đi sẽ làm cho con đường ngắn lại...', '14/08/2014'),
(67, '100003219167217', 'umbrella200294@yahoo.com.vn', NULL, 'Lan Tròn', 'http://graph.facebook.com/100003219167217/picture?type=large', NULL, NULL, NULL, NULL, '02/20/1994', 'Hung Yen, Hưng Yên, Vietnam', NULL, NULL, NULL, NULL, 1, NULL, NULL, '61t6a4bljag4s0oggksks8kos0ooskk', NULL, NULL, '14/08/2014'),
(68, '100003202666761', NULL, NULL, 'Nguyễn Mạnh Hùng', 'http://graph.facebook.com/100003202666761/picture?type=large', NULL, NULL, NULL, NULL, '08/10/1995', 'Yen, Vĩnh Phúc, Vietnam', NULL, NULL, NULL, NULL, 1, NULL, NULL, 'qu4ftmvtnuo08c44ss8g0ws8gwggs0s', NULL, 'không có j là không thể', '14/08/2014'),
(69, '100004039725428', 'nguyenhuuduan004@gmail.com', NULL, 'Nguyen Huu Duan', 'http://graph.facebook.com/100004039725428/picture?type=large', NULL, NULL, NULL, NULL, '04/06/1996', 'Bac Ninh', NULL, NULL, NULL, NULL, 1, NULL, NULL, 'fx3loz0gfgo44c0kokk00kok8skc8k8', NULL, NULL, '15/08/2014'),
(70, '100001700688947', 'kien.141315@gmail.com', NULL, 'Kiên Bây Bê', 'http://graph.facebook.com/100001700688947/picture?type=large', NULL, NULL, NULL, NULL, '01/01/1996', 'Bac Giang', NULL, NULL, NULL, NULL, 1, NULL, NULL, '1tpwi6r9518gskos8skkgk0sccwws88', NULL, NULL, '15/08/2014'),
(71, '100001564855369', 'tlmn95@gmail.com', NULL, 'Trần Minh Nhật', 'http://graph.facebook.com/100001564855369/picture?type=large', NULL, NULL, NULL, NULL, '02/12/1995', 'Da Nang, Vietnam', NULL, NULL, NULL, NULL, 1, NULL, NULL, 'toyadxz6pbkogsgggg40400sg8cgc44', NULL, 'Đừng bao giờ ném bùn vào người khác, bạn có thể ném trật và tay bạn chắc chắc đã bị bẩn', '17/08/2014'),
(72, '100001763719006', 'quangcuong0808@gmail.com', NULL, 'Trần Quang Cương', 'http://graph.facebook.com/100001763719006/picture?type=large', NULL, NULL, NULL, NULL, '10/01/1995', 'Bac Ninh', NULL, NULL, NULL, NULL, 1, NULL, NULL, '74317gu2bgcgcoo0wk4s8cscckg08cg', NULL, 'I do not just want to survive, I want to live <3<3<3', '17/08/2014'),
(75, '100003080141086', 'tuyettan20296@gmail.com', NULL, 'Hoàng Tuyết', 'http://graph.facebook.com/100003080141086/picture?type=large', NULL, NULL, NULL, NULL, '02/20/1996', 'Bac Giang', NULL, NULL, NULL, NULL, 1, NULL, NULL, 'cc40klaaw7sck8w8kc48w0c4048cooo', NULL, NULL, '20/08/2014'),
(76, '100006941370583', 'nguyentrung080895@hotmail.com.vn', NULL, 'Trung Manucian', 'http://graph.facebook.com/100006941370583/picture?type=large', NULL, NULL, NULL, NULL, '08/08/1995', 'Thái Bình, Thái Bình, Vietnam', NULL, NULL, NULL, NULL, 1, NULL, NULL, '2q4nf57q3um84gcck8w0ocscsw8k88c', NULL, NULL, '24/08/2014'),
(77, '100002781808210', 'saodemdong94@gmail.com', NULL, 'Đại Bắp', 'http://graph.facebook.com/100002781808210/picture?type=large', NULL, NULL, NULL, NULL, '10/03/1994', 'Bac Ninh', NULL, NULL, NULL, NULL, 1, NULL, NULL, '6fqibmo5fgcgckwgo0cogwwckc8ggkg', NULL, NULL, '26/08/2014'),
(78, '100002454720906', NULL, NULL, 'Hoàng Hải', 'http://graph.facebook.com/100002454720906/picture?type=large', NULL, NULL, NULL, NULL, '12/20/1990', 'Thanh Oai, Ha Son Binh, Vietnam', NULL, NULL, NULL, NULL, 1, NULL, NULL, 't5yvx65p3qs84s0gkwgkog0o88c8owo', NULL, 'không có gì là không thể!!', '30/08/2014'),
(79, '100001493171025', 'th3_l0v3_vjrus@yahoo.com.vn', NULL, 'Page Nguyễn', 'http://graph.facebook.com/100001493171025/picture?type=large', NULL, NULL, NULL, NULL, '09/21/1995', 'Hanoi, Vietnam', NULL, NULL, NULL, NULL, 1, NULL, NULL, 'au3e7x7ob54oooww0w0o4wk44gkc8co', NULL, '-Ngu dốt + nhiệt tình = phá hoại\n-Your sky, your limit', '30/08/2014'),
(80, '100006991245631', 'huuhoangson236@gmail.com', NULL, 'Nguyễn Hữu Hoàng Sơn', 'http://graph.facebook.com/100006991245631/picture?type=large', NULL, NULL, NULL, NULL, '05/23/1996', 'Ha Dong', NULL, NULL, NULL, NULL, 1, NULL, NULL, '7k7h84d5yokc48848w4gwswsogc0ow4', NULL, NULL, '30/08/2014'),
(81, '1073019853', 'tung.hoang@gmail.com', NULL, 'Tung Hoang', 'http://graph.facebook.com/1073019853/picture?type=large', NULL, NULL, NULL, NULL, '03/07/1977', 'Hanoi, Vietnam', NULL, NULL, NULL, NULL, 1, NULL, NULL, '8v7q44szox8ok8ck004cc8808kgkokc', NULL, NULL, '04/09/2014'),
(82, '100004116874541', NULL, NULL, 'Nguyễn Anh Tú', 'http://graph.facebook.com/100004116874541/picture?type=large', NULL, NULL, NULL, NULL, '05/05/1996', 'Ha-Nam, Hà Nam, Vietnam', NULL, NULL, NULL, NULL, 1, NULL, NULL, 'cproeph1tigo0cgkwg08ccso8sk04og', NULL, NULL, '05/09/2014'),
(83, '100003911627259', NULL, NULL, 'Hưng Nguyễn', 'http://graph.facebook.com/100003911627259/picture?type=large', NULL, NULL, NULL, NULL, '10/22/1995', 'Hoai Duc Phu, Ha Noi, Vietnam', NULL, NULL, NULL, NULL, 1, NULL, NULL, 's7erx76la2owg488ok0cko4kc4o8sso', NULL, NULL, '05/09/2014'),
(84, '100003906016650', 'maithequy@gmail.com', NULL, 'Mai Thế Quý', 'http://graph.facebook.com/100003906016650/picture?type=large', NULL, NULL, NULL, NULL, '08/02/1994', 'Thanh Hóa', NULL, NULL, NULL, NULL, 1, NULL, NULL, 'eqp77c7eyggs4wggocgcgww0w8cgs4g', NULL, '“Nếu là đất đai của bạn, dù là bạc là vàng, ta cũng trả hết cho bạn. Nhưng đây là Tổ quốc, là đất đai hương hỏa của ông cha, thì dù chỉ có đá sỏi cây cằn, ta cũng sẽ giữ gìn, một tấc không đi, một li không rời, dù có phải đổi bằng xương máu”.', '05/09/2014'),
(85, '100003364059961', 'mencomtb@gmail.com', NULL, 'Nguyễn Hiệp', 'http://graph.facebook.com/100003364059961/picture?type=large', NULL, NULL, NULL, NULL, '05/10/1995', 'Thái Bình, Thái Bình, Vietnam', NULL, NULL, NULL, NULL, 1, NULL, NULL, '', NULL, NULL, '05/09/2014'),
(86, '100004053793352', 'manhtien12121995@yahoo.com', NULL, 'Trần Mạnh Tiến', 'http://graph.facebook.com/100004053793352/picture?type=large', NULL, NULL, NULL, NULL, '12/12/1995', 'Hanoi, Vietnam', NULL, NULL, NULL, NULL, 1, NULL, NULL, 'a68vwe5x61440wccckwwk04cwowscww', NULL, NULL, '05/09/2014'),
(87, '100004320223088', 'anhhy57@gmail.com', NULL, 'Anh Tran', 'http://graph.facebook.com/100004320223088/picture?type=large', NULL, NULL, NULL, NULL, '11/05/1993', 'Hung Yen, Hưng Yên, Vietnam', NULL, NULL, NULL, NULL, 1, NULL, NULL, 'e0rk3m9pgkoo4880wcwo4co8s400soc', NULL, NULL, '05/09/2014'),
(88, '100001892143983', 'skide_jonny_1995@yahoo.com.vn', NULL, 'Ngọc Hùng', 'http://graph.facebook.com/100001892143983/picture?type=large', NULL, NULL, NULL, NULL, '11/28/1995', 'Hà Tây, Binh Tri Thien, Vietnam', NULL, NULL, NULL, NULL, 1, NULL, NULL, 'h2wwip3qzlwko04kwwc0kskkwsskok0', NULL, 'k quay lưng lại với những j mình nói đó là nhẫn đạo của t :)', '05/09/2014'),
(89, '100003601166779', 'dung7166@gmail.com', NULL, 'Bá Dũng Nguyễn', 'http://graph.facebook.com/100003601166779/picture?type=large', NULL, NULL, NULL, NULL, '03/12/1995', 'Hà Tĩnh', NULL, NULL, NULL, NULL, 1, NULL, NULL, '2ofybvwnjsis0kgg0c4gsgg8k4g80o4', NULL, NULL, '06/09/2014'),
(90, '100004905018077', 'hoanglamuet@gmail.com', NULL, 'Hoàng Lâm', 'http://graph.facebook.com/100004905018077/picture?type=large', NULL, NULL, NULL, NULL, '02/26/1996', 'Nha Trang', NULL, NULL, NULL, NULL, 1, NULL, NULL, 'b5vgptx47n4skgkwwscs4w8w4c40ooc', NULL, NULL, '07/09/2014'),
(91, '100002386647039', 'bigdream.1995@gmail.com', NULL, 'Nguyễn Quang Tâm', 'http://graph.facebook.com/100002386647039/picture?type=large', NULL, NULL, NULL, NULL, '09/20/1995', 'Hai Duong', NULL, NULL, NULL, NULL, 1, NULL, NULL, '1wgv4lr8tesk0wco484o8sokccosg8k', NULL, 'Có bao giờ bạn tự hỏi giá trị thực của cuộc sống không? Tại sao cả đời người, chúng ta cứ mê mải đi tìm, trăn trở suy nghĩ về ý nghĩa và giá trị của nó?\nPhải chăng …\nCuộc sống là một đường chạy marathon dài vô tận, nếu ta không cố gắng thì sẽ mãi bị bỏ lại ở phía sau và không bao giờ tới đích.\nCuộc sống là một đường chạy vượt rào, nếu ta không cố gắng ta sẽ không thể vượt qua bất kỳ rào cản nào.\nC', '08/09/2014'),
(92, '100001788744416', 'dung_hoi_tai_sao_hd@yahoo.com', NULL, 'Bạn Dũng Ứ', 'http://graph.facebook.com/100001788744416/picture?type=large', NULL, NULL, NULL, NULL, '08/04/1995', 'Hai Duong', NULL, NULL, NULL, NULL, 1, NULL, NULL, 'p3d6uqgfghwgg8c8oggsk08cwg4wow0', NULL, NULL, '12/09/2014'),
(93, '100003743034266', 'caodinhvip@gmail.com', NULL, 'Cao Đỉnh', 'http://graph.facebook.com/100003743034266/picture?type=large', NULL, NULL, NULL, NULL, '08/10/1993', 'Lào Cai', NULL, NULL, NULL, NULL, 1, NULL, NULL, 'jpq8exghxi8ks8gcwk0o0kw8ko4c80k', NULL, NULL, '13/09/2014'),
(94, '100005979735841', 'stevenchu19942014@outlook.com.vn', NULL, 'Chu Chí Quang', 'http://graph.facebook.com/100005979735841/picture?type=large', NULL, NULL, NULL, NULL, '11/07/1994', 'Ba Vì, Ha Son Binh, Vietnam', NULL, NULL, NULL, NULL, 1, NULL, NULL, 'rxwa45fyxysck8oo40kwgcks0wo4ww4', NULL, NULL, '14/09/2014'),
(95, '1776589753', 'hoanghathieugia_94@yahoo.com', NULL, 'Hà Link', 'http://graph.facebook.com/1776589753/picture?type=large', NULL, NULL, NULL, NULL, '03/08/1994', 'Chí Linh', NULL, NULL, NULL, NULL, 1, NULL, NULL, '8qjkd2jadkw0ks4gs84gc4gg8osw44o', NULL, '"Never say i can''t.Because nothing is impossible"\\m/\n\n"I work because I love to not because I have to"', '15/09/2014'),
(96, '100001051344565', 'kiem_si_tram_rong@yahoo.com.vn', NULL, 'JustSmile Tom Tep', 'http://graph.facebook.com/100001051344565/picture?type=large', NULL, NULL, NULL, NULL, '11/07/1996', 'Hanoi, Vietnam', NULL, NULL, NULL, NULL, 1, NULL, NULL, '30f6mngkyyo00sgsc4gkgc8oo4gcgoo', NULL, NULL, '16/09/2014'),
(97, '100000419798313', 'nhangl2008@yahoo.com.vn', NULL, 'Nguyễn Thành Nhân', 'http://graph.facebook.com/100000419798313/picture?type=large', NULL, NULL, NULL, NULL, '11/07/1995', 'Gio Linh', NULL, NULL, NULL, NULL, 1, NULL, NULL, 'a1jdldgyzcw0wkwogg4okwcks8kg04s', NULL, NULL, '16/09/2014'),
(98, '100003839620914', 'haiboytbvn@gmail.com', NULL, 'Hai Killsteal', 'http://graph.facebook.com/100003839620914/picture?type=large', NULL, NULL, NULL, NULL, '07/24/1995', 'Thuy Anh, Thái Bình, Vietnam', NULL, NULL, NULL, NULL, 1, NULL, NULL, 'c253vtd751wsgcs040c0sok40wwoc4k', NULL, 'Trích dẫn gì đc nhỉ. Chả biết nói gì.', '17/09/2014'),
(99, '100006748800956', 'trangtv95@gmail.com', NULL, 'Trang Vân', 'http://graph.facebook.com/100006748800956/picture?type=large', NULL, NULL, NULL, NULL, '09/21/1995', 'Thái Bình, Thái Bình, Vietnam', NULL, NULL, NULL, NULL, 1, NULL, NULL, 'cf31olr6hncc40sw4wwsg4o04w8g40g', NULL, NULL, '17/09/2014'),
(100, '100004838256311', 'laoleu9294@gmail.com', NULL, 'Ngọc Thúy', 'http://graph.facebook.com/100004838256311/picture?type=large', NULL, NULL, NULL, NULL, '02/09/1994', 'Hung Yen, Hưng Yên, Vietnam', NULL, NULL, NULL, NULL, 1, NULL, NULL, 'sb72nflpm6o8gwsw0gskcoks884g0wg', NULL, '(*^▽^*) Mất đi rồi mới biết được người đó quan trọng đến thế nào\nMất đi rồi mới biết mình từng được hạnh phúc\nMất đi rồi mới biết mình ngu ngốc...\n\n\n(*^▽^*) Nếu như, em biết rằng sẽ có một ngày em yêu anh nhiều đến thế này, thì em nhất định sẽ yêu anh ngay từ cái nhìn đầu tiên.\n\n\n(*^▽^*) Anh chỉ quan tâm hỉ nộ ái ố của em, còn những người khác, xin lỗi anh không rảnh.\n\n\n(*^▽^*) Chia tay thì chia t', '18/09/2014'),
(101, '100003637378697', 'hapro2594@ovi.com', NULL, 'Thu Hà', 'http://graph.facebook.com/100003637378697/picture?type=large', NULL, NULL, NULL, NULL, '04/25/1994', 'Hung Yen, Hưng Yên, Vietnam', NULL, NULL, NULL, NULL, 1, NULL, NULL, '4iuupi2uvtog44880gkok80ww8wo0w0', NULL, NULL, '19/09/2014'),
(102, '1749825147', 'thien_tai_co_don_giua_dat_troi93@yahoo.com.vn', NULL, 'Bbreak Ngoc Bao', 'http://graph.facebook.com/1749825147/picture?type=large', NULL, NULL, NULL, NULL, '08/28/1993', 'Hanoi, Vietnam', NULL, NULL, NULL, NULL, 1, NULL, NULL, 'tvz3fsbp6r4s8oo448ko0ggkcckw0sk', NULL, NULL, '20/09/2014'),
(103, '100003144365671', 'volovo.tpoi@gmail.com', NULL, 'PhanTan Phatasy', 'http://graph.facebook.com/100003144365671/picture?type=large', NULL, NULL, NULL, NULL, '03/10/1993', 'Hung Yen, Hưng Yên, Vietnam', NULL, NULL, NULL, NULL, 1, NULL, NULL, 'efbnla993ugw4cksss40wkcksogs4g0', NULL, NULL, '23/09/2014'),
(104, '100006101595160', 'hoanggianguet@gmail.com', NULL, 'Giang Hồ Đẫm Máu', 'http://graph.facebook.com/100006101595160/picture?type=large', NULL, NULL, NULL, NULL, '04/08/1995', 'Yên Thành', NULL, NULL, NULL, NULL, 1, NULL, NULL, '99byewn88ao0skkw0w0cc44g0og8ks0', NULL, NULL, '24/09/2014'),
(105, '100006544064591', 'pixicumi@gmail.com', NULL, 'Mạnh Cường', 'http://graph.facebook.com/100006544064591/picture?type=large', NULL, NULL, NULL, NULL, '02/03/1995', 'Hanoi, Vietnam', NULL, NULL, NULL, NULL, 1, NULL, NULL, '80lczp3rb64oo0s8wgw44o8co4g8wk0', NULL, NULL, '24/09/2014'),
(106, '100003241571437', 'haiquanpr93@gmail.com', NULL, 'Lê Hải Quân', 'http://graph.facebook.com/100003241571437/picture?type=large', NULL, NULL, NULL, NULL, '01/26/1993', 'Anh Son', NULL, NULL, NULL, NULL, 1, NULL, NULL, 'cn8m3hzytzwwscw0gc4csk0gs0o40wk', NULL, NULL, '24/09/2014'),
(107, '100004292465288', 'vietanhuet@gmail.com', NULL, 'Việt Anh Vũ', 'http://graph.facebook.com/100004292465288/picture?type=large', NULL, NULL, NULL, NULL, '06/12/1994', 'Nam Dinâ?, Ha Nam Ninh, Vietnam', NULL, NULL, NULL, NULL, 1, NULL, NULL, 'npfjofwkru8sc0o88wosog4sw4k4kow', NULL, NULL, '24/09/2014'),
(108, '100002682440744', 'thanvunguyen@gmail.com', NULL, 'Than Vu Nguyen', 'http://graph.facebook.com/100002682440744/picture?type=large', NULL, NULL, NULL, NULL, '04/04/1993', 'Ha Tin'', Hà Tĩnh, Vietnam', NULL, NULL, NULL, NULL, 1, NULL, NULL, 'e7q02zyw3ncwk880ow8w04wwkg4g44s', NULL, 'Cách tốt nhất để tiên đoán tương lai là tạo ra nó', '24/09/2014'),
(109, '100003298771472', NULL, NULL, 'Nhâm Nguyễn', 'http://graph.facebook.com/100003298771472/picture?type=large', NULL, NULL, NULL, NULL, '01/07/1993', 'Bac Ninh', NULL, NULL, NULL, NULL, 1, NULL, NULL, 'kw0ibog98ao444s84woc4ow80okockc', NULL, 'Im Lặng - Suy Nghĩ - Hành Động Dù đi đâu hay làm công việc gì bạn cũng nên tạo đẳng cấp cho mình!!!\n.\n.\n.\n\nHọc tốt... mơ nhiều...yêu say đắm ♥.\n.\n\nKhi ước mong mạnh mẽ về một điều gì, bạn sẽ làm được điều đó\n\n\nHãy luôn khát khao. hãy cứ dại khờ.\n\n\nhttp://www.thebusiness.vn/Home/Article/241/Bai-viet-gay-sung-sot-tren-facebook-cua-1-thanh-nien-Viet-Nam-25tuoi?fb_action_ids=236640229844963&fb_action_', '24/09/2014'),
(110, '100004794041965', NULL, NULL, 'Bùi Tùng', 'http://graph.facebook.com/100004794041965/picture?type=large', NULL, NULL, NULL, NULL, '12/25/1985', 'Hòa Bình, Hòa Bình, Vietnam', NULL, NULL, NULL, NULL, 1, NULL, NULL, 'k672lqsz2m800os8owkco48g0ksok0g', NULL, NULL, '24/09/2014'),
(111, '100004321513830', NULL, NULL, 'Nga Khôi', 'http://graph.facebook.com/100004321513830/picture?type=large', NULL, NULL, NULL, NULL, '07/18/1994', 'Thái Nguyên', NULL, NULL, NULL, NULL, 1, NULL, NULL, 'hkhtrt7klkowsw0kkcwggs08k8ssowo', NULL, '"Cuộc đời thay đổi khi ta thay đổi!"', '25/09/2014'),
(112, '100004307076823', 'dkcbvn1995@gmail.com', NULL, 'Gió Độc', 'http://graph.facebook.com/100004307076823/picture?type=large', NULL, NULL, NULL, NULL, '05/27/1995', 'Cao Bang', NULL, NULL, NULL, NULL, 1, NULL, NULL, '7bo4vf06nnokc8sc8k0440gs4ckw8cw', NULL, NULL, '25/09/2014'),
(113, '100002770680241', 'liv3_f0r_m3@yahoo.com.vn', NULL, 'Đoàn Việt Bách', 'http://graph.facebook.com/100002770680241/picture?type=large', NULL, NULL, NULL, NULL, '03/18/1997', 'Ninh Bình', NULL, NULL, NULL, NULL, 1, NULL, NULL, 'n9kpuogu5s04s400co4wg08888o0c0o', NULL, NULL, '26/09/2014'),
(114, '100005394137381', 'doyouknowsong@gmail.com', NULL, 'Tran Hoang Hai', 'http://graph.facebook.com/100005394137381/picture?type=large', NULL, NULL, NULL, NULL, '02/05/1995', 'Hai Phong, Vietnam', NULL, NULL, NULL, NULL, 1, NULL, NULL, 'hrrm237yv34k0oo08wo400cggsogcss', NULL, NULL, '28/09/2014'),
(115, '100006259238055', 'cuzn95@gmail.com', NULL, 'Lê Huy Cường', 'http://graph.facebook.com/100006259238055/picture?type=large', NULL, NULL, NULL, NULL, '01/05/1995', 'Thanh Hóa', NULL, NULL, NULL, NULL, 1, NULL, NULL, 'evt2u09ngtw8k8404socw0wgcc8w008', NULL, NULL, '28/09/2014'),
(116, '100000217661556', 'technology_3010_12@yahoo.com', NULL, 'Nguyễn Tuấn Anh', 'http://graph.facebook.com/100000217661556/picture?type=large', NULL, NULL, NULL, NULL, '10/30/1994', 'Yen, Vĩnh Phúc, Vietnam', NULL, NULL, NULL, NULL, 1, NULL, NULL, 'q9bwqn1zxs0w4ogcw088ckwc8wockk0', NULL, NULL, '04/10/2014'),
(117, '100004522598633', 'daoduyhung0205@gmail.com', NULL, 'Đào Duy Hưng', 'http://graph.facebook.com/100004522598633/picture?type=large', NULL, NULL, NULL, NULL, '05/02/1986', 'Viet Tri', NULL, NULL, NULL, NULL, 1, NULL, NULL, 'oq4k9o5wswgcgw0gkcs8k0sskksk008', NULL, NULL, '05/10/2014'),
(118, '100007011857189', 'anhtt511@gmail.com', NULL, 'Anh', 'http://graph.facebook.com/100007011857189/picture?type=large', NULL, NULL, NULL, NULL, '11/05/1995', 'Ha Long', NULL, NULL, NULL, NULL, 1, NULL, NULL, 'eqt2hmdj6p4osk8osgoo4wog8s4804g', NULL, NULL, '05/10/2014'),
(119, '100006525678776', 'hungquang@outlook.com', NULL, 'Thạch Anh', 'http://graph.facebook.com/100006525678776/picture?type=large', NULL, NULL, NULL, NULL, '12/13/1995', 'Hanoi, Vietnam', NULL, NULL, NULL, NULL, 1, NULL, NULL, '8ptfldhfcco4w4sgw4kksckw004owcs', NULL, '1sai lam chua noi\r\n1noi han chua tra...', '05/10/2014'),
(120, '100003755091846', 'longvt_58@vnu.edu.vn', NULL, 'Duy Long', 'http://graph.facebook.com/100003755091846/picture?type=large', NULL, NULL, NULL, NULL, '03/26/1995', 'Hai Duong', NULL, NULL, NULL, NULL, 1, NULL, NULL, '5hpx626ne5gk4ksw0ko4gs4g0ogw0s4', NULL, 'For a world without love', '06/10/2014'),
(121, '100002917545063', 'hunghip95@yahoo.com.vn', NULL, 'Hưng Híp', 'http://graph.facebook.com/100002917545063/picture?type=large', NULL, NULL, NULL, NULL, '03/06/1995', 'Hanoi, Vietnam', NULL, NULL, NULL, NULL, 1, NULL, NULL, 'e7i6z7h7m4g0oks84csooswo0w8ss4o', NULL, NULL, '08/10/2014'),
(122, '100004009788922', 'vuhoanguet0307@gmail.com', NULL, 'Vũ Minh Hoàng', 'http://graph.facebook.com/100004009788922/picture?type=large', NULL, NULL, NULL, NULL, '07/03/1996', 'Thái Bình, Ha Nam Ninh, Vietnam', NULL, NULL, NULL, NULL, 1, NULL, NULL, 'g473vb6547c4o8os88sw40s0o4o84cg', NULL, NULL, '08/10/2014'),
(123, '100006507525725', 'haihoang266@gmail.com', NULL, 'Hải Hoàng', 'http://graph.facebook.com/100006507525725/picture?type=large', NULL, NULL, NULL, NULL, '06/26/1995', 'Thái Bình', NULL, NULL, NULL, NULL, 1, NULL, NULL, 'irnkxxh51ggg4g048gok40gc0880s88', NULL, NULL, '08/10/2014'),
(124, '100003951518431', 'pendragon.halla.lk@gmail.com', NULL, 'Dragoon Dark', 'http://graph.facebook.com/100003951518431/picture?type=large', NULL, NULL, NULL, NULL, '11/03/1996', 'Ninbinh, Ninh Bình, Vietnam', NULL, NULL, NULL, NULL, 1, NULL, NULL, 'a1jlucbqs6gowo44o8o4cgk4wkww0w4', NULL, NULL, '09/10/2014'),
(125, '100003274712218', 'hieu2395@yahoo.com.vn', NULL, 'Chả CóGì ĐặcBiệt', 'http://graph.facebook.com/100003274712218/picture?type=large', NULL, NULL, NULL, NULL, '09/23/1995', 'Hung Yen, Hưng Yên, Vietnam', NULL, NULL, NULL, NULL, 1, NULL, NULL, 'riodq93dkhwks4cs0o0s8844ck4kgsw', NULL, NULL, '09/10/2014'),
(126, '100004423416799', NULL, NULL, 'Lê Dung', 'http://graph.facebook.com/100004423416799/picture?type=large', NULL, NULL, NULL, NULL, '10/02/1994', 'Thanh Hóa', NULL, NULL, NULL, NULL, 1, NULL, NULL, 'glw37sr1oo0gsw4w0gw0gwccw4gw4s8', NULL, NULL, '10/10/2014'),
(127, '100004090667513', 'leelonglinh1995@gmail.com', NULL, 'Kyo Antrovice', 'http://graph.facebook.com/100004090667513/picture?type=large', NULL, NULL, NULL, NULL, '12/03/1995', 'Hanoi, Vietnam', NULL, NULL, NULL, NULL, 1, NULL, NULL, 'af9cdckeky880skogskggocoogokksg', NULL, NULL, '11/10/2014'),
(128, '100005901762217', 'phamthanhtrung1801@gmail.com', NULL, 'Phạm Thành Trung', 'http://graph.facebook.com/100005901762217/picture?type=large', NULL, NULL, NULL, NULL, '01/18/1995', 'Nam Dinâ?, Ha Nam Ninh, Vietnam', NULL, NULL, NULL, NULL, 1, NULL, NULL, '3htkj9hb93ac4c0og4sowc0gwsswssc', NULL, NULL, '12/10/2014'),
(129, '100006330462348', 'hoan.tranvan.1994@gmail.com', NULL, 'Hoàn Trần', 'http://graph.facebook.com/100006330462348/picture?type=large', NULL, NULL, NULL, NULL, '09/18/1994', 'Bim Son', NULL, NULL, NULL, NULL, 1, NULL, NULL, 'i8q3suq26tc088cs8w08k8gscsskkoo', NULL, NULL, '12/10/2014'),
(130, '100005602835930', 'bestwisk1996@gmail.com', NULL, 'Nguyễn Văn Ước', 'http://graph.facebook.com/100005602835930/picture?type=large', NULL, NULL, NULL, NULL, '09/27/1996', 'Kim Son', NULL, NULL, NULL, NULL, 1, NULL, NULL, '9ya7rddoecwsc44kocg484oow408gos', NULL, NULL, '14/10/2014'),
(131, '100003061223992', 'hoanglinh.t2d@gmail.com', NULL, 'Vô Linh', 'http://graph.facebook.com/100003061223992/picture?type=large', NULL, NULL, NULL, NULL, '10/26/1993', 'Lạng Sơn', NULL, NULL, NULL, NULL, 1, NULL, NULL, 'ey78eadxq0owokgkosk88ws8kgcsco0', NULL, 'Theo đuổi sự ưu tú thành công sẽ đến với bạn!!!\no(^_^)o', '15/10/2014'),
(132, '100007761709372', NULL, NULL, 'Neo Khuyết Danh', 'http://graph.facebook.com/100007761709372/picture?type=large', NULL, NULL, NULL, NULL, '02/29/1996', 'Chí Linh', NULL, NULL, NULL, NULL, 1, NULL, NULL, 'a0hlbwdchegcoco8ws4ww8wooc4w4so', NULL, 'Winner never quit, quitter never win', '16/10/2014'),
(133, '100006050770665', 'tangdung2611@gmail.com', NULL, 'Nick Bị Khoá', 'http://graph.facebook.com/100006050770665/picture?type=large', NULL, NULL, NULL, NULL, '11/26/1996', 'Bac Ninh', NULL, NULL, NULL, NULL, 1, NULL, NULL, 'cw0kukyf4q0o8gs8448444wgkco044g', NULL, NULL, '16/10/2014'),
(134, '100000574747241', 'baby_i_love_you_hp10@yahoo.com', NULL, 'Takiiruto Đệ Nhất', 'http://graph.facebook.com/100000574747241/picture?type=large', NULL, NULL, NULL, NULL, '03/17/1996', 'Hai Phong, Vietnam', NULL, NULL, NULL, NULL, 1, NULL, NULL, 'cm2w7k0k82gc4wk0cckgw8o0sow4k0k', NULL, '<3 NEVER GIVE UP <3\n{******************}\nDBSK mãi là quá khứ - hiện tại - và cả tương lai ... Always Keep The Faith <3\n{******************}\nMột ngày kia chúng tớ sẽ có thể gặp cậu.\nChúng tớ nghĩ về các cậu mỗi khi nhắm mắt.\nCác cậu là tất cả.\nDẫu là bây giờ, cậu bên chúng tớ là lẽ dĩ nhiên.\nCho đến khi chúng ta gặp lại, chúng tôi sẽ giữ mãi vị trí của cậu.\nChúng tớ yêu hai người.\nChúng tớ tin chún', '18/10/2014'),
(135, '100006388652128', NULL, NULL, 'Bùi Hữu Việt', 'http://graph.facebook.com/100006388652128/picture?type=large', NULL, NULL, NULL, NULL, '11/25/1995', 'Vinh Phuc, Ha Noi, Vietnam', NULL, NULL, NULL, NULL, 1, NULL, NULL, 'nu2zn7eskkggkowggss84g4skg0g4gc', NULL, NULL, '18/10/2014'),
(137, '100007926523785', '13020546k58@gmail.com', NULL, 'Hải Tặc Mũ Rơm', 'http://graph.facebook.com/100007926523785/picture?type=large', NULL, NULL, NULL, NULL, '07/24/1995', 'Tan Ky', NULL, NULL, NULL, NULL, 1, NULL, NULL, 'qfzl6y01468kokck0o44cckk4gkcwgs', NULL, NULL, '18/10/2014'),
(138, '100002932766958', 'tiptop_wafer@yahoo.com', NULL, 'Ninh Trang', 'http://graph.facebook.com/100002932766958/picture?type=large', NULL, NULL, NULL, NULL, '02/25/1996', 'Hai Phong, Vietnam', NULL, NULL, NULL, NULL, 1, NULL, NULL, 'hnmgm1yoh68so0goksccsg8g4gcg8gg', NULL, 'Just  ME  MYSELF  and  I', '18/10/2014'),
(139, '100001230469973', 'rockman_conan123@yahoo.com.vn', NULL, 'Quang Do', 'http://graph.facebook.com/100001230469973/picture?type=large', NULL, NULL, NULL, NULL, '05/21/1996', 'Haiphong, Hải Phòng, Vietnam', NULL, NULL, NULL, NULL, 1, NULL, NULL, 'czenz92bh2go48480c4okgcc844g8ok', NULL, NULL, '18/10/2014'),
(140, '100006439604058', 'nkh_bn@yahoo.com', NULL, 'Nguyễn Khắc Hiếu', 'http://graph.facebook.com/100006439604058/picture?type=large', NULL, NULL, NULL, NULL, '01/28/1995', 'Bac Ninh', NULL, NULL, NULL, NULL, 1, NULL, NULL, 'qdwv1ltlbk0w44w0soss4wo0c0wkwgo', NULL, NULL, '19/10/2014'),
(141, '100004696203710', NULL, NULL, 'Cao Trung', 'http://graph.facebook.com/100004696203710/picture?type=large', NULL, NULL, NULL, NULL, '08/07/1996', 'Sầm Sơn', NULL, NULL, NULL, NULL, 1, NULL, NULL, '8u0a26r8a3wowcwcs880cgwosg4c444', NULL, NULL, '20/10/2014'),
(142, '100006068850728', 'nongduchuy95@gmail.com', NULL, 'Huy', 'http://graph.facebook.com/100006068850728/picture?type=large', NULL, NULL, NULL, NULL, '12/15/1995', 'Tuyên Quang, Tuyên Quang, Vietnam', NULL, NULL, NULL, NULL, 1, NULL, NULL, '2ep76aaco3y80kgogwkcsss8kwocggo', NULL, NULL, '20/10/2014'),
(143, '100001549173979', 'deepblue152@gmail.com', NULL, 'Green Larry', 'http://graph.facebook.com/100001549173979/picture?type=large', NULL, NULL, NULL, NULL, '02/15/1990', 'Hanoi, Vietnam', NULL, NULL, NULL, NULL, 1, NULL, NULL, 'enmgx2a267coc4g400owwko48wo0wcs', NULL, NULL, '20/10/2014'),
(144, '100004099788990', 's2anhvus2@gmail.com', NULL, 'Anh Vũ', 'http://graph.facebook.com/100004099788990/picture?type=large', NULL, NULL, NULL, NULL, '05/24/1996', 'Vinh Tuong', NULL, NULL, NULL, NULL, 1, NULL, NULL, 'kum0zslqx5skos88kgs4wgc0owgcws4', NULL, NULL, '21/10/2014'),
(145, '100003596377773', 'dzungmrf@yahoo.com', NULL, 'Dũng Nguyễn', 'http://graph.facebook.com/100003596377773/picture?type=large', NULL, NULL, NULL, NULL, '09/30/1996', 'Phu Tho', NULL, NULL, NULL, NULL, 1, NULL, NULL, 'e2mznns2aw8ossc84c0s0co08o4csso', NULL, 'To link the far past with the far future.', '21/10/2014'),
(146, '100006687277542', '245trang@gmail.com', NULL, 'Nguyễn Trang', 'http://graph.facebook.com/100006687277542/picture?type=large', NULL, NULL, NULL, NULL, '02/28/1995', 'Hanoi, Vietnam', NULL, NULL, NULL, NULL, 1, NULL, NULL, 'r62pq362s74ws8sk4oww80wsgskw0g0', NULL, NULL, '22/10/2014'),
(147, '100001562100209', 'tieuquya12@yahoo.com', NULL, 'Lee Gia Gia', 'http://graph.facebook.com/100001562100209/picture?type=large', NULL, NULL, NULL, NULL, '05/09/1994', 'Hanoi, Vietnam', NULL, NULL, NULL, NULL, 1, NULL, NULL, 'rfo93klh29co0s4w4wwwsc84s8kk4os', NULL, NULL, '22/10/2014'),
(148, '100002720275627', 'ronando_9x@yahoo.com', NULL, 'Anh Không', 'http://graph.facebook.com/100002720275627/picture?type=large', NULL, NULL, NULL, NULL, '06/03/1995', 'Hanoi, Vietnam', NULL, NULL, NULL, NULL, 1, NULL, NULL, 'e69l9m8tjzswk0kss0ksocssw8ks8go', NULL, NULL, '26/10/2014'),
(149, '100004693842405', 'datnt94@icloud.com', NULL, 'Nguyễn Đạt', 'http://graph.facebook.com/100004693842405/picture?type=large', NULL, NULL, NULL, NULL, '12/10/1994', 'Phu Tho, Phú Thọ, Vietnam', NULL, NULL, NULL, NULL, 1, NULL, NULL, '', NULL, NULL, '26/10/2014'),
(150, '100003743590590', 'ngoisaohyvong_boy1996@yahoo.com', NULL, 'Phạm Trường', 'http://graph.facebook.com/100003743590590/picture?type=large', NULL, NULL, NULL, NULL, '09/15/1996', 'Hung Yen, Hưng Yên, Vietnam', NULL, NULL, NULL, NULL, 1, NULL, NULL, 'tav9540rxo0o400sskkcog0cck8cskc', NULL, 'Hãy cứ ước mơ- Hãy cứ dại khờ', '27/10/2014'),
(151, '100004339694811', 'thu.mua31@gmail.com', NULL, 'Chém Chi Rứa Mày', 'http://graph.facebook.com/100004339694811/picture?type=large', NULL, NULL, NULL, NULL, '06/12/1996', 'Quynh Luu, Nghệ An, Vietnam', NULL, NULL, NULL, NULL, 1, NULL, NULL, 'f7x7oxibpbwcw88c4cswcs0ogc8osso', NULL, NULL, '28/10/2014');
INSERT INTO `tbl_user` (`user_id`, `user_id_fb`, `username`, `password`, `user_real_name`, `user_avatar`, `user_cover`, `user_student_code`, `user_university`, `user_gender`, `user_dob`, `user_hometown`, `user_phone`, `user_description`, `user_faculty`, `user_class`, `user_active`, `user_status`, `user_group`, `user_token`, `user_activator`, `user_qoutes`, `user_date_attend`) VALUES
(152, '100004677913669', 'chinhlv0095@gmail.com', NULL, 'Chinh Čhin', 'http://graph.facebook.com/100004677913669/picture?type=large', NULL, NULL, NULL, NULL, '01/01/1994', 'Nam Dinâ?, Ha Nam Ninh, Vietnam', NULL, NULL, NULL, NULL, 1, NULL, NULL, '4ll5rzqatauc4o0kg08gggccw0owggs', NULL, 'Gggggggggggét aj nhìềÙ chụỵện\r\n(≥≧"≦≤)\r\n.^w^.\r\n"Rõ ràng là trên đời này không có gjì là rõ ràng vì chắc chắn là trên đời này ko có gjì là chắc chắn.\r\n:->>Tuyệt đối ko có gjì là tuyệt đốj.\r\nVà: mục đích sống là sống có mục đích.(o OO o)', '30/10/2014'),
(153, '100004468413365', 'hoangdao996@gmail.com', NULL, 'Hoàng Đạo', 'http://graph.facebook.com/100004468413365/picture?type=large', NULL, NULL, NULL, NULL, '12/28/1996', 'Bac Giang', NULL, NULL, NULL, NULL, 1, NULL, NULL, 'tm63fgola3kkco88cg4g4ksk0wk444k', NULL, NULL, '30/10/2014'),
(154, '100003911314975', 'nguyenthao838@gmail.com', NULL, 'Thaocoj Uet', 'http://graph.facebook.com/100003911314975/picture?type=large', NULL, NULL, NULL, NULL, '05/12/1994', 'Hai Duong', NULL, NULL, NULL, NULL, 1, NULL, NULL, 'dxbmwv9ap28gc0cokcgowoc4kkswwc0', NULL, NULL, '30/10/2014'),
(155, '100006760093472', NULL, NULL, 'Rơm Mũ', 'http://graph.facebook.com/100006760093472/picture?type=large', NULL, NULL, NULL, NULL, '05/12/1995', 'Hanoi, Vietnam', NULL, NULL, NULL, NULL, 1, NULL, NULL, 't6lu1z1gueoso4kkcksgko0co0w0ogo', NULL, NULL, '30/10/2014'),
(156, '100008271284735', 'kaka_kaka_7926@yahoo.com.vn', NULL, 'Nguyễn Hoài Nam', 'http://graph.facebook.com/100008271284735/picture?type=large', NULL, NULL, NULL, NULL, '05/26/1996', 'Van Gia, Phu Khanh, Vietnam', NULL, NULL, NULL, NULL, 1, NULL, NULL, 'kzmk9j43t1sc440csg8wg8cgs0ocok4', NULL, NULL, '31/10/2014'),
(157, '100004576833247', 'dunghd94@gmail.com', NULL, 'Thùy Dung Nguyễn', 'http://graph.facebook.com/100004576833247/picture?type=large', NULL, NULL, NULL, NULL, '04/22/1994', 'Hai Duong', NULL, NULL, NULL, NULL, 1, NULL, NULL, 'nqffhuj8ipwg4o0s0w800sskw00c8c', NULL, '“Khi một người không yêu em nữa, xin em hãy thở thật sâu, trên đường đời, trải đầy những nụ hoa yêu, luôn có một nụ hoa nào đó thuộc về em, đó không phải là an ủi. Mà là, đời này kiếp này sớm đã an bài như thế rồi.”', '01/11/2014'),
(158, '100006545911478', NULL, NULL, 'Trung Dũng', 'http://graph.facebook.com/100006545911478/picture?type=large', NULL, NULL, NULL, NULL, '09/01/1993', 'Cẩm Phả Port, Quảng Ninh, Vietnam', NULL, NULL, NULL, NULL, 1, NULL, NULL, 'ao1ggjeat3k8kgkwk8go84k8go0gksc', NULL, NULL, '03/11/2014'),
(159, '100004411570154', NULL, NULL, 'Mask Black', 'http://graph.facebook.com/100004411570154/picture?type=large', NULL, NULL, NULL, NULL, '02/27/1994', 'Ã?O Viet, Ha Nam Ninh, Vietnam', NULL, NULL, NULL, NULL, 1, NULL, NULL, 'e7ostm743jswgws8ososwk884cwk4cs', NULL, NULL, '03/11/2014'),
(160, '100007128603494', 'hauvp.uet@gmail.com', NULL, 'Hậu Vũ', 'http://graph.facebook.com/100007128603494/picture?type=large', NULL, NULL, NULL, NULL, '08/06/1995', 'Vinh Phuc, Ha Noi, Vietnam', NULL, NULL, NULL, NULL, 1, NULL, NULL, '7stv8wqutqo840cw04ogkkcw40c0kc8', NULL, NULL, '03/11/2014'),
(161, '100006911405213', 'ngodinhdat0405@gmail.com', NULL, 'Đờatờát ĐờátĐát Nặng Đạt', 'http://graph.facebook.com/100006911405213/picture?type=large', NULL, NULL, NULL, NULL, '05/04/1995', 'Hung Yen, Hưng Yên, Vietnam', NULL, NULL, NULL, NULL, 1, NULL, NULL, '6zeba1l3xjc4g0g4s88c48skskk4o0o', NULL, NULL, '03/11/2014'),
(162, '100004368615410', NULL, NULL, 'Co Huu Nguyen', 'http://graph.facebook.com/100004368615410/picture?type=large', NULL, NULL, NULL, NULL, '01/24/1996', 'Hung Yen, Hưng Yên, Vietnam', NULL, NULL, NULL, NULL, 1, NULL, NULL, '3rh4093m40g0c8csk0wk0ok8sc8ogos', NULL, NULL, '03/11/2014'),
(163, '100006529056796', NULL, NULL, 'Anh Tuấn', 'http://graph.facebook.com/100006529056796/picture?type=large', NULL, NULL, NULL, NULL, '11/24/1995', 'Nam Dinâ?, Ha Nam Ninh, Vietnam', NULL, NULL, NULL, NULL, 1, NULL, NULL, 'h71d4rtd3zcog088kgws400wwcckog', NULL, NULL, '03/11/2014'),
(164, '100002605671187', 'boyxuanhong@yahoo.com', NULL, 'Xuân Hồng', 'http://graph.facebook.com/100002605671187/picture?type=large', NULL, NULL, NULL, NULL, '05/11/1994', 'Nam Dinâ?, Ha Nam Ninh, Vietnam', NULL, NULL, NULL, NULL, 1, NULL, NULL, 'drfxx76dwzwow48o8csk48ccok0c4ow', NULL, NULL, '04/11/2014'),
(165, '100005600291742', 'vutaiphi.57@gmail.com', NULL, 'Phong Van', 'http://graph.facebook.com/100005600291742/picture?type=large', NULL, NULL, NULL, NULL, '01/01/1990', 'Hanoi, Vietnam', NULL, NULL, NULL, NULL, 1, NULL, NULL, 'iniakvfielss8wowkk08wkoso8ggsk4', NULL, NULL, '04/11/2014'),
(166, '100003909468285', 'tonghop250195@gmail.com', NULL, 'Boy Pen', 'http://graph.facebook.com/100003909468285/picture?type=large', NULL, NULL, NULL, NULL, '02/24/1995', 'Thanh Hóa', NULL, NULL, NULL, NULL, 1, NULL, NULL, 'k1u6y0j7dc0444g04ksw4sc8s0440gs', NULL, 'Kì tích là tên gọi khác của sự nổ lực !', '04/11/2014'),
(167, '100003935547279', 'nhoxvip95@gmail.com', NULL, 'Phan Nguyễn', 'http://graph.facebook.com/100003935547279/picture?type=large', NULL, NULL, NULL, NULL, '11/08/1995', 'Hanoi, Vietnam', NULL, NULL, NULL, NULL, 1, NULL, NULL, 'ei0y88mql5c80000gc4wg8cg4kggwc8', NULL, 'thể thao, nghe nhạc', '05/11/2014');

-- --------------------------------------------------------

--
-- Table structure for table `tbl_user_university`
--

CREATE TABLE IF NOT EXISTS `tbl_user_university` (
  `id` int(11) NOT NULL AUTO_INCREMENT,
  `user_id` int(11) DEFAULT NULL,
  `university_id` int(11) DEFAULT NULL,
  `is_active` int(11) DEFAULT NULL,
  PRIMARY KEY (`id`)
) ENGINE=InnoDB DEFAULT CHARSET=utf8 AUTO_INCREMENT=1 ;

-- --------------------------------------------------------

--
-- Table structure for table `views`
--

CREATE TABLE IF NOT EXISTS `views` (
  `id` int(11) NOT NULL AUTO_INCREMENT,
  `user_id` int(11) DEFAULT NULL,
  `post_id` int(11) DEFAULT NULL,
  `is_active` int(11) DEFAULT NULL,
  `created_time` timestamp NULL DEFAULT NULL,
  PRIMARY KEY (`id`)
) ENGINE=InnoDB DEFAULT CHARSET=utf8 AUTO_INCREMENT=1 ;

-- --------------------------------------------------------

--
-- Table structure for table `votes`
--

CREATE TABLE IF NOT EXISTS `votes` (
  `id` int(11) NOT NULL AUTO_INCREMENT,
  `user_id` int(11) DEFAULT NULL,
  `vote_type` varchar(45) DEFAULT NULL,
  `teacher_id` int(11) DEFAULT NULL,
  `object_type` varchar(45) DEFAULT NULL,
  `rating_score` int(5) DEFAULT NULL,
  PRIMARY KEY (`id`)
) ENGINE=InnoDB  DEFAULT CHARSET=utf8 AUTO_INCREMENT=51 ;

--
-- Dumping data for table `votes`
--

INSERT INTO `votes` (`id`, `user_id`, `vote_type`, `teacher_id`, `object_type`, `rating_score`) VALUES
(1, 1, NULL, 1, NULL, 1),
(2, 2, NULL, 1, NULL, 5),
(3, 3, NULL, 1, NULL, 5),
(25, 4, NULL, 1, NULL, 3),
(26, 8, NULL, 1, NULL, 5),
(28, 11, NULL, 1, NULL, 5),
(29, 6, NULL, 2, NULL, 4),
(31, 39, NULL, 2, NULL, 5),
(32, 6, NULL, 1, NULL, 5),
(33, 11, NULL, 3, NULL, 5),
(34, 6, NULL, 3, NULL, 4),
(36, 6, NULL, 4, NULL, 4),
(37, 59, NULL, 3, NULL, 5),
(38, 6, NULL, 6, NULL, 5),
(39, 17, NULL, 2, NULL, 5),
(40, 6, NULL, 15, NULL, 5),
(41, 7, NULL, 4, NULL, 5),
(42, 98, NULL, 1, NULL, 5),
(43, 61, NULL, 3, NULL, 5),
(44, 6, NULL, 10, NULL, 4),
(45, 6, NULL, 12, NULL, 5),
(46, 97, NULL, 4, NULL, 5),
(47, 97, NULL, 15, NULL, 5),
(48, 129, NULL, 4, NULL, 5),
(49, 17, NULL, 3, NULL, 1),
(50, 160, NULL, 39, NULL, 2);

/*!40101 SET CHARACTER_SET_CLIENT=@OLD_CHARACTER_SET_CLIENT */;
/*!40101 SET CHARACTER_SET_RESULTS=@OLD_CHARACTER_SET_RESULTS */;
/*!40101 SET COLLATION_CONNECTION=@OLD_COLLATION_CONNECTION */;
